# x_m,y_m,w_tr_right_m,w_tr_left_m
-1.563132,1.439216,5.989,6.117
3.432201,1.211525,5.997,6.122
8.427542,0.983974,6.005,6.127
13.422893,0.756558,6.013,6.132
18.418252,0.529273,6.021,6.137
23.413619,0.302113,6.029,6.142
28.408994,0.075073,6.037,6.147
33.404375,-0.151852,6.045,6.152
38.399764,-0.378667,6.053,6.157
43.395158,-0.605376,6.061,6.162
48.390558,-0.831985,6.069,6.167
53.385964,-1.058498,6.077,6.172
58.381373,-1.284921,6.085,6.177
63.376787,-1.511259,6.093,6.182
68.372205,-1.737516,6.101,6.187
73.367626,-1.963698,6.109,6.192
78.363049,-2.18981,6.118,6.197
83.358475,-2.415856,6.126,6.202
88.353903,-2.641841,6.134,6.207
93.349331,-2.867771,6.142,6.212
98.344761,-3.09365,6.15,6.217
103.340191,-3.31948,6.158,6.222
108.335622,-3.545266,6.166,6.227
113.331054,-3.771011,6.174,6.232
118.326486,-3.996717,6.182,6.237
123.321918,-4.222389,6.19,6.242
128.31735,-4.44803,6.198,6.247
133.312782,-4.673642,6.206,6.252
138.308215,-4.89923,6.214,6.257
143.303646,-5.124797,6.222,6.262
148.299078,-5.350346,6.23,6.267
153.294509,-5.57588,6.238,6.272
158.289939,-5.801402,6.246,6.277
163.285368,-6.026917,6.254,6.282
168.280797,-6.252427,6.262,6.287
173.276224,-6.477936,6.27,6.292
178.27165,-6.703446,6.278,6.297
183.267075,-6.928963,6.286,6.302
188.262498,-7.154487,6.294,6.307
193.257919,-7.380024,6.302,6.312
198.253339,-7.605576,6.31,6.317
203.248757,-7.831147,6.318,6.322
208.244173,-8.05674,6.326,6.327
213.239587,-8.282358,6.334,6.332
218.234998,-8.508005,6.342,6.337
223.230407,-8.733684,6.35,6.342
228.225814,-8.959398,6.358,6.347
233.221217,-9.185151,6.366,6.352
238.216618,-9.410946,6.374,6.357
243.212016,-9.636787,6.382,6.362
248.207411,-9.862676,6.39,6.367
253.202803,-10.088617,6.398,6.372
258.198191,-10.314614,6.406,6.377
263.193576,-10.540669,6.414,6.382
268.188957,-10.766786,6.422,6.387
273.184334,-10.992969,6.43,6.392
278.179708,-11.21922,6.438,6.397
283.175077,-11.445544,6.446,6.402
288.170442,-11.671942,6.454,6.407
293.165803,-11.89842,6.462,6.412
298.16116,-12.124979,6.47,6.417
303.156512,-12.351624,6.478,6.422
308.151859,-12.578358,6.486,6.427
313.147201,-12.805184,6.494,6.432
318.142539,-13.032105,6.502,6.437
323.137871,-13.259124,6.51,6.442
328.133198,-13.486246,6.518,6.447
333.12852,-13.713473,6.526,6.452
338.123836,-13.940809,6.534,6.457
343.119146,-14.168257,6.542,6.462
348.114451,-14.395821,6.55,6.467
353.10975,-14.623503,6.559,6.472
358.105043,-14.851307,6.567,6.477
363.100329,-15.079237,6.575,6.482
368.095609,-15.307295,6.583,6.487
373.090883,-15.535485,6.591,6.492
378.08615,-15.763811,6.599,6.497
383.081411,-15.992276,6.607,6.502
388.076665,-16.220882,6.615,6.507
393.071911,-16.449634,6.623,6.512
398.067151,-16.678535,6.631,6.517
403.062383,-16.907588,6.639,6.522
408.057608,-17.136796,6.647,6.527
413.052826,-17.366163,6.655,6.532
418.048035,-17.595692,6.663,6.537
423.043237,-17.825386,6.671,6.542
428.038431,-18.055249,6.679,6.547
433.033618,-18.285275,6.687,6.552
438.028799,-18.515406,6.695,6.557
443.02398,-18.74557,6.703,6.562
448.019162,-18.975697,6.711,6.567
453.01435,-19.205713,6.719,6.572
458.009546,-19.435547,6.727,6.577
463.004756,-19.665126,6.735,6.582
467.999981,-19.894379,6.743,6.587
472.995225,-20.123233,6.751,6.593
477.990493,-20.351617,6.759,6.598
482.985786,-20.579458,6.767,6.603
487.98111,-20.806684,6.775,6.608
492.976467,-21.033224,6.783,6.613
497.97186,-21.259006,6.791,6.618
502.967293,-21.483956,6.799,6.623
507.962771,-21.708004,6.807,6.628
512.958295,-21.931077,6.815,6.633
517.95387,-22.153103,6.823,6.638
522.949498,-22.37401,6.831,6.643
527.945185,-22.593727,6.839,6.648
532.940932,-22.81218,6.847,6.653
537.936744,-23.029299,6.855,6.658
542.932623,-23.245011,6.863,6.663
547.928574,-23.459243,6.871,6.668
552.9246,-23.671925,6.879,6.673
557.920704,-23.882983,6.887,6.678
562.916889,-24.092346,6.895,6.683
567.91316,-24.299943,6.903,6.688
572.90952,-24.5057,6.911,6.693
577.905971,-24.709545,6.937,6.729
582.902518,-24.911408,6.968,6.774
587.899165,-25.111215,6.999,6.819
592.895913,-25.308895,7.03,6.864
597.892768,-25.504375,7.061,6.91
602.889728,-25.697631,7.093,6.955
607.886771,-25.888864,7.124,7
612.883871,-26.078341,7.155,7.046
617.880999,-26.266331,7.186,7.091
622.878129,-26.453103,7.217,7.136
627.875231,-26.638923,7.248,7.181
632.87228,-26.824061,7.279,7.227
637.869247,-27.008785,7.31,7.272
642.866104,-27.193363,7.341,7.317
647.862825,-27.378062,7.372,7.362
652.859381,-27.563152,7.404,7.408
657.855746,-27.748901,7.435,7.453
662.851891,-27.935576,7.466,7.498
667.847788,-28.123445,7.497,7.543
672.843412,-28.312778,7.528,7.589
677.838732,-28.503842,7.559,7.634
682.833725,-28.696899,7.59,7.679
687.828882,-28.889122,7.621,7.725
692.826045,-29.069706,7.652,7.77
697.827268,-29.226574,7.683,7.815
702.834604,-29.34765,7.714,7.86
707.84852,-29.43048,7.746,7.906
712.855682,-29.556275,7.777,7.951
717.835658,-29.84929,7.808,7.996
722.767956,-30.434134,7.795,8.377
727.577202,-31.540133,8.226,8.839
731.704261,-34.21954,8.633,9.122
734.189822,-38.541084,8.643,9.46
734.583758,-43.494979,8.52,9.184
733.367663,-48.271547,8.243,9.013
731.010857,-52.474456,7.982,8.929
727.866856,-56.251785,7.971,8.808
724.280748,-59.791235,7.961,8.686
720.594028,-63.278537,7.95,8.565
716.998179,-66.817085,7.939,8.443
713.483575,-70.399892,7.928,8.322
710.0265,-74.012241,7.917,8.201
706.603241,-77.639413,7.906,8.079
703.190083,-81.266688,7.895,7.958
699.763312,-84.879349,7.885,7.836
696.299214,-88.462677,7.874,7.715
692.774074,-92.001953,7.863,7.593
689.170165,-95.487013,7.852,7.472
685.56218,-98.977993,7.841,7.35
682.097434,-102.590269,7.83,7.229
678.9252,-106.440709,7.819,7.108
676.19528,-110.645774,7.713,7.012
674.172325,-115.2343,7.626,6.946
673.376562,-120.038802,7.79,7.028
673.972509,-124.905708,7.926,7.097
675.270564,-129.770551,7.866,7.081
676.698625,-134.598333,7.805,7.064
678.179856,-139.392007,7.745,7.048
679.701506,-144.159436,7.685,7.032
681.250824,-148.908485,7.624,7.015
682.815056,-153.647018,7.564,6.999
684.381452,-158.382899,7.504,6.983
685.937259,-163.123993,7.444,6.966
687.469726,-167.878162,7.383,6.95
688.96942,-172.651441,7.323,6.934
690.450092,-177.43707,7.263,6.917
691.935371,-182.222839,7.202,6.901
693.448927,-186.996516,7.142,6.885
695.013534,-191.746287,7.082,6.868
696.621025,-196.474825,7.022,6.852
698.225078,-201.202663,6.961,6.836
699.777016,-205.951435,6.901,6.819
701.227884,-210.742398,6.841,6.803
702.519143,-215.583851,6.608,6.954
703.580498,-220.468192,6.315,7.163
704.340932,-225.386844,6.217,7.068
704.729429,-230.331232,6.373,6.579
704.705611,-235.292867,6.529,6.09
704.34185,-240.263576,6.373,6.294
703.736448,-245.235261,6.188,6.564
702.987706,-250.199822,6.11,6.625
702.177096,-255.150983,6.133,6.489
701.324591,-260.089117,6.156,6.353
700.436126,-265.016119,6.18,6.218
699.517638,-269.933882,6.384,6.322
698.575061,-274.844299,6.457,6.382
697.614332,-279.749266,6.472,6.402
696.641385,-284.650674,6.487,6.422
695.662156,-289.550419,6.501,6.442
694.682324,-294.45031,6.516,6.463
693.704193,-299.35107,6.531,6.483
692.727699,-304.252657,6.546,6.503
691.752725,-309.155011,6.561,6.523
690.779157,-314.058075,6.576,6.544
689.806879,-318.961789,6.59,6.564
688.835775,-323.866095,6.605,6.584
687.865731,-328.770933,6.62,6.604
686.896631,-333.676247,6.635,6.625
685.928359,-338.581976,6.65,6.645
684.960801,-343.488062,6.664,6.665
683.99384,-348.394446,6.679,6.685
683.027362,-353.30107,6.694,6.706
682.061251,-358.207876,6.709,6.726
681.095391,-363.114803,6.724,6.746
680.129668,-368.021794,6.738,6.766
679.163967,-372.92879,6.753,6.787
678.198182,-377.835739,6.768,6.807
677.232288,-382.742626,6.783,6.827
676.266286,-387.649453,6.798,6.847
675.300181,-392.556222,6.812,6.868
674.333974,-397.462934,6.827,6.888
673.367669,-402.369592,6.842,6.908
672.401268,-407.276196,6.857,6.928
671.434776,-412.182748,6.872,6.949
670.468194,-417.089251,6.886,6.969
669.501526,-421.995705,6.901,6.989
668.534774,-426.902113,6.916,7.009
667.567942,-431.808475,6.931,7.03
666.601033,-436.714795,6.946,7.05
665.634049,-441.621073,6.96,7.07
664.666993,-446.52731,6.975,7.09
663.699869,-451.43351,6.99,7.111
662.73268,-456.339672,7.005,7.131
661.765428,-461.2458,7.02,7.151
660.798116,-466.151894,7.034,7.171
659.830747,-471.057957,7.049,7.191
658.863325,-475.96399,7.064,7.212
657.895852,-480.869994,7.079,7.232
656.928331,-485.775971,7.094,7.252
655.960765,-490.681924,7.109,7.272
654.993158,-495.587853,7.123,7.293
654.025511,-500.49376,7.138,7.313
653.057829,-505.399647,7.153,7.333
652.090114,-510.305516,7.168,7.353
651.122368,-515.211368,7.183,7.374
650.154596,-520.117205,7.197,7.394
649.186799,-525.023028,7.212,7.414
648.218982,-529.92884,7.227,7.434
647.251146,-534.834641,7.242,7.455
646.283295,-539.740434,7.257,7.475
645.315432,-544.64622,7.271,7.495
644.347559,-549.552001,7.286,7.515
643.379681,-554.457779,7.301,7.536
642.411799,-559.363554,7.316,7.556
641.443916,-564.26933,7.331,7.576
640.476037,-569.175107,7.345,7.596
639.508162,-574.080887,7.36,7.617
638.540297,-578.986671,7.375,7.637
637.572443,-583.892463,7.39,7.657
636.604603,-588.798262,7.405,7.677
635.636781,-593.704071,7.419,7.698
634.668979,-598.609892,7.434,7.718
633.7012,-603.515725,7.449,7.738
632.733448,-608.421573,7.464,7.758
631.765725,-613.327438,7.479,7.779
630.798034,-618.233321,7.493,7.799
629.830379,-623.139223,7.508,7.819
628.862762,-628.045147,7.523,7.839
627.895186,-632.951094,7.538,7.86
626.927654,-637.857065,7.553,7.88
625.960169,-642.763063,7.567,7.9
624.992734,-647.669089,7.582,7.92
624.025352,-652.575145,7.597,7.941
623.058026,-657.481231,7.612,7.961
622.090759,-662.387351,7.627,7.981
621.123554,-667.293506,7.642,8.001
620.156414,-672.199696,7.656,8.021
619.189342,-677.105925,7.671,8.042
618.22234,-682.012193,7.686,8.062
617.255412,-686.918503,7.701,8.082
616.288561,-691.824855,7.716,8.102
615.32179,-696.731252,7.73,8.123
614.355101,-701.637696,7.745,8.143
613.388498,-706.544187,7.76,8.163
612.421963,-711.450717,7.775,8.183
611.455443,-716.357262,7.79,8.204
610.48888,-721.263791,7.804,8.224
609.522217,-726.170278,7.819,8.244
608.555396,-731.076695,7.834,8.264
607.588361,-735.983013,7.849,8.285
606.621053,-740.889205,7.864,8.305
605.653416,-745.795243,7.878,8.325
604.685314,-750.701063,7.893,8.345
603.714614,-755.6057,7.908,8.366
602.737073,-760.507234,7.923,8.386
601.759737,-765.40728,7.938,8.406
600.825607,-770.318758,7.952,8.426
599.890644,-775.235252,7.967,8.447
598.614239,-780.082359,7.991,8.499
596.613298,-784.64867,8.21,9.279
593.554376,-788.334356,8.43,10.059
589.316876,-790.692472,9.165,10.645
584.413248,-791.989684,9.932,11.219
579.433411,-792.615723,10.699,11.794
574.520747,-792.807704,10.46,11.008
569.574922,-792.707633,10.083,10.035
564.585165,-792.373588,9.582,9.455
559.59267,-791.817033,8.961,9.253
554.639207,-791.048917,8.413,9.102
549.754414,-790.074935,8.648,9.49
544.879955,-788.825421,8.883,9.879
540.481715,-786.694868,9.102,10.24
536.98188,-783.302626,9.068,10.143
533.85405,-779.388306,9.034,10.046
530.719554,-775.473067,9,9.95
527.559739,-771.586423,8.965,9.853
524.386392,-767.716317,8.931,9.756
521.211219,-763.850773,8.897,9.66
518.041194,-759.982516,8.863,9.563
514.876086,-756.111432,8.828,9.466
511.715057,-752.23801,8.794,9.37
508.557268,-748.362737,8.76,9.273
505.401882,-744.486099,8.726,9.176
502.248063,-740.608586,8.691,9.08
499.094971,-736.730684,8.657,8.983
495.94177,-732.852882,8.623,8.886
492.787622,-728.975666,8.588,8.79
489.63169,-725.099524,8.554,8.693
486.473135,-721.224944,8.52,8.596
483.311121,-717.352414,8.486,8.5
480.144809,-713.482421,8.451,8.403
476.973362,-709.615452,8.417,8.306
473.795942,-705.751996,8.383,8.21
470.611713,-701.89254,8.349,8.113
467.419702,-698.037727,8.314,8.016
464.216465,-694.191102,8.28,7.92
460.996371,-690.358766,8.246,7.823
457.753714,-686.546911,8.135,7.653
454.482791,-682.761727,7.978,7.437
451.177896,-679.009405,7.82,7.222
447.833323,-675.296136,7.663,7.006
444.443368,-671.62811,7.506,6.791
441.002332,-668.01151,7.348,6.576
437.507575,-664.449113,7.191,6.36
433.964272,-660.934991,7.033,6.145
430.37883,-657.461842,6.876,5.93
426.757656,-654.022365,6.757,6.072
423.107155,-650.609261,6.641,6.237
419.433735,-647.215229,6.525,6.403
415.743802,-643.832967,6.418,6.558
412.043764,-640.455175,6.514,6.44
408.337296,-637.078564,6.611,6.323
404.604791,-633.734075,6.708,6.205
400.814842,-630.469988,6.805,6.087
396.935953,-627.334718,6.901,5.969
392.936996,-624.37614,6.998,5.852
388.805597,-621.614769,6.919,5.903
384.556596,-619.031415,6.768,6.025
380.206971,-616.603765,6.617,6.146
375.773702,-614.30951,6.466,6.267
371.273465,-612.126416,6.385,6.321
366.721599,-610.032595,6.377,6.304
362.133064,-608.006256,6.37,6.286
357.522824,-606.025607,6.363,6.269
352.905839,-604.068856,6.309,6.304
348.297071,-602.114213,6.173,6.431
343.711482,-600.139886,6.036,6.558
339.164034,-598.124082,5.899,6.685
334.674149,-596.036654,5.763,6.812
330.337649,-593.704293,5.626,6.939
326.314388,-590.833972,5.626,6.979
322.72154,-587.289187,5.667,6.994
319.57009,-583.314101,5.708,7.008
316.854597,-579.128695,5.749,7.023
314.56729,-574.76431,5.817,6.97
312.700058,-570.224948,5.889,6.907
311.24476,-565.514657,5.961,6.843
310.185431,-560.65009,6.009,6.857
309.487953,-555.677132,6.046,6.912
309.115638,-550.645808,6.083,6.966
309.0318,-545.606141,6.12,7.021
309.197598,-540.602684,6.156,7.07
309.557836,-535.638443,6.18,6.979
310.049807,-530.697354,6.203,6.887
310.610768,-525.763253,6.227,6.796
311.184649,-520.821403,6.251,6.704
311.765687,-515.867839,6.275,6.613
312.371055,-510.903502,6.298,6.521
313.018045,-505.929359,6.322,6.43
313.722686,-500.946449,6.346,6.338
314.45082,-495.958662,6.402,6.147
315.102397,-490.973629,6.468,5.926
315.572894,-485.999238,6.535,5.705
315.758894,-481.04333,6.601,5.485
315.600546,-476.112014,6.662,5.274
315.094907,-471.209137,6.563,5.384
314.242871,-466.338393,6.463,5.494
313.045333,-461.503475,6.364,5.604
311.504283,-456.717106,6.301,5.668
309.626032,-452.027604,6.346,5.599
307.417955,-447.492048,6.392,5.531
304.887429,-443.167522,6.437,5.463
302.04724,-439.095848,6.468,5.43
298.931289,-435.259323,6.438,5.555
295.578621,-431.625732,6.409,5.679
292.028284,-428.162859,6.379,5.804
288.319324,-424.838488,6.37,5.887
284.490788,-421.620402,6.384,5.922
280.581723,-418.476387,6.397,5.958
276.631176,-415.374225,6.411,5.994
272.676607,-412.282963,6.424,6.03
268.733108,-409.189477,6.438,6.066
264.799208,-406.093837,6.451,6.101
260.873047,-402.996423,6.465,6.137
256.952765,-399.897616,6.478,6.173
253.036503,-396.797797,6.492,6.209
249.122402,-393.697347,6.505,6.245
245.208601,-390.596646,6.519,6.28
241.293245,-387.496074,6.532,6.316
237.375145,-384.395867,6.546,6.352
233.454522,-381.295957,6.559,6.388
229.531777,-378.196236,6.573,6.423
225.607312,-375.096596,6.586,6.459
221.681526,-371.996931,6.6,6.495
217.754821,-368.897133,6.613,6.531
213.827599,-365.797093,6.627,6.567
209.900259,-362.696706,6.64,6.602
205.973204,-359.595862,6.654,6.638
202.046833,-356.494456,6.667,6.674
198.121549,-353.392379,6.681,6.71
194.197752,-350.289524,6.695,6.746
190.275842,-347.185783,6.708,6.781
186.356222,-344.08105,6.722,6.817
182.439292,-340.975216,6.735,6.853
178.525453,-337.868175,6.749,6.889
174.615105,-334.759818,6.762,6.925
170.707,-331.651163,6.776,6.96
166.79379,-328.547383,6.789,6.996
162.866728,-325.454603,6.803,7.032
158.917062,-322.378954,6.816,7.068
154.939778,-319.323019,6.83,7.103
150.97981,-316.241995,6.843,7.139
147.117714,-313.057284,6.857,7.175
143.434812,-309.68956,6.82,7.326
140.089143,-306.037662,6.714,7.641
138.205899,-301.729252,6.808,7.602
137.999948,-296.784442,7.177,7.08
138.330952,-291.74392,7.082,7.324
139.132162,-286.801232,6.914,7.688
140.430442,-282.028796,7.204,7.239
142.153078,-277.352239,7.197,7.153
144.630287,-273.100929,6.517,7.997
148.473167,-270.127773,6.399,7.873
152.912996,-268.306993,6.481,7.406
157.703561,-267.399207,6.548,7.042
162.706549,-267.181105,6.548,7.148
167.78365,-267.429379,6.548,7.253
172.813714,-267.938979,6.706,7.04
177.779445,-268.615338,6.879,6.796
182.702407,-269.405231,6.992,6.626
187.604234,-270.255505,6.975,6.614
192.506167,-271.113949,6.959,6.601
197.418802,-271.953948,6.942,6.589
202.341088,-272.776889,6.925,6.577
207.271381,-273.585586,6.909,6.564
212.208039,-274.382848,6.892,6.552
217.149417,-275.171489,6.875,6.54
222.093874,-275.954319,6.858,6.528
227.039765,-276.734151,6.842,6.515
231.985448,-277.513796,6.825,6.503
236.929643,-278.295457,6.808,6.491
241.872253,-279.079354,6.792,6.478
246.813419,-279.86531,6.775,6.466
251.753284,-280.653144,6.758,6.454
256.69199,-281.442675,6.741,6.442
261.629679,-282.233726,6.725,6.429
266.566494,-283.026115,6.708,6.417
271.502576,-283.819663,6.691,6.405
276.438068,-284.61419,6.675,6.392
281.373112,-285.409517,6.658,6.38
286.30785,-286.205463,6.641,6.368
291.242425,-287.00185,6.624,6.355
296.176978,-287.798497,6.608,6.343
301.111651,-288.595224,6.591,6.331
306.046588,-289.391852,6.574,6.319
310.981929,-290.188201,6.557,6.306
315.917817,-290.984093,6.541,6.294
320.85432,-291.779416,6.524,6.282
325.791376,-292.574183,6.507,6.269
330.728908,-293.368419,6.491,6.257
335.666841,-294.162151,6.474,6.245
340.605098,-294.955403,6.457,6.233
345.543603,-295.748201,6.44,6.22
350.482281,-296.540571,6.424,6.208
355.421054,-297.332538,6.407,6.196
360.359847,-298.124128,6.39,6.183
365.298584,-298.915365,6.374,6.171
370.237189,-299.706277,6.357,6.159
375.175585,-300.496888,6.34,6.146
380.113696,-301.287223,6.323,6.134
385.051446,-302.077309,6.307,6.122
389.98876,-302.86717,6.29,6.11
394.92556,-303.656833,6.273,6.097
399.861771,-304.446322,6.257,6.085
404.797499,-305.235176,6.24,6.073
409.73341,-306.021421,6.223,6.06
414.67028,-306.802792,6.206,6.048
419.608886,-307.577024,6.19,6.036
424.550003,-308.341852,6.178,6.012
429.494407,-309.095011,6.195,5.914
434.442874,-309.834236,6.213,5.816
439.39618,-310.557261,6.23,5.719
444.354962,-311.257745,6.248,5.621
449.318365,-311.885683,6.265,5.524
454.284627,-312.364564,6.282,5.426
459.251976,-312.617508,6.295,5.349
464.218622,-312.568241,6.288,5.365
469.181549,-312.190156,6.281,5.381
474.13562,-311.542314,6.274,5.396
479.075489,-310.692258,6.267,5.412
483.99572,-309.70697,6.171,5.503
488.883708,-308.608499,5.975,5.679
493.714596,-307.3421,5.78,5.854
498.462327,-305.84551,5.837,5.82
503.100846,-304.056462,6.115,5.601
507.605098,-301.924492,6.393,5.383
511.955468,-299.463135,6.354,5.436
516.134178,-296.707525,6.094,5.679
520.12345,-293.692812,5.835,5.921
523.911402,-290.453789,5.897,5.901
527.517592,-287.02333,6.082,5.779
530.972016,-283.433675,6.267,5.658
534.304678,-279.717063,6.432,5.718
537.545582,-275.905734,6.581,5.917
540.724732,-272.031925,6.731,6.117
543.872131,-268.127877,6.88,6.316
547.017783,-264.225828,7.029,6.516
550.183097,-260.351613,7.178,6.715
553.200874,-256.390488,7.327,6.915
555.720054,-252.09095,7.701,7.224
557.248538,-247.368305,8.507,7.945
556.911435,-242.633553,9.425,8.667
554.246967,-238.422577,9.844,8.739
550.136585,-235.372,9.526,8.579
545.475743,-233.759438,9.209,8.42
540.595488,-232.890652,9.113,8.328
535.676795,-232.129896,9.031,8.241
530.746024,-231.389114,8.949,8.154
525.805064,-230.666927,8.867,8.066
520.855807,-229.961957,8.785,7.979
515.900142,-229.272826,8.703,7.892
510.939959,-228.598156,8.621,7.805
505.97715,-227.936568,8.539,7.717
501.013603,-227.286683,8.457,7.63
496.05107,-226.646941,8.375,7.543
491.090107,-226.014201,8.293,7.456
486.130663,-225.384522,8.211,7.368
481.172679,-224.753957,8.13,7.281
476.2161,-224.118559,8.048,7.194
471.260868,-223.474379,7.966,7.107
466.306927,-222.817471,7.884,7.019
461.35422,-222.143887,7.802,6.932
456.402691,-221.449679,7.72,6.845
451.452191,-220.732921,7.638,6.758
446.502162,-220.000841,7.556,6.671
441.551928,-219.263257,7.474,6.583
436.600814,-218.529991,7.392,6.496
431.648144,-217.810861,7.31,6.409
426.693243,-217.115686,7.228,6.322
421.735436,-216.454287,7.146,6.234
416.774047,-215.836483,7.064,6.147
411.80843,-215.271645,6.982,6.06
406.838472,-214.761327,6.9,5.973
401.864508,-214.300441,6.818,5.885
396.886888,-213.883689,6.749,5.818
391.905961,-213.505774,6.718,5.809
386.922079,-213.161396,6.686,5.799
381.935592,-212.845257,6.655,5.789
376.946848,-212.55206,6.623,5.779
371.956198,-212.276509,6.592,5.77
366.963959,-212.01425,6.56,5.76
361.970363,-211.763238,6.529,5.75
356.975631,-211.521777,6.497,5.741
351.979984,-211.288168,6.466,5.731
346.983642,-211.060715,6.434,5.721
341.986826,-210.837719,6.403,5.712
336.989756,-210.617484,6.371,5.702
331.992653,-210.398311,6.34,5.692
326.99572,-210.178638,6.308,5.683
321.999016,-209.957989,6.277,5.673
317.002528,-209.736422,6.245,5.663
312.006245,-209.513993,6.214,5.654
307.010154,-209.290764,6.182,5.644
302.014243,-209.066792,6.151,5.634
297.0185,-208.842137,6.12,5.625
292.022913,-208.616857,6.088,5.615
287.02747,-208.391013,6.057,5.605
282.032158,-208.164662,6.025,5.595
277.036965,-207.937864,5.994,5.586
272.041879,-207.710677,5.962,5.576
267.046888,-207.483162,5.931,5.566
262.051979,-207.255376,5.899,5.557
257.057141,-207.02738,5.868,5.547
252.062361,-206.799231,5.836,5.537
247.067628,-206.570989,5.805,5.528
242.072928,-206.342714,5.773,5.518
237.07825,-206.114463,5.742,5.508
232.083581,-205.886296,5.71,5.499
227.08891,-205.658273,5.679,5.489
222.094223,-205.430452,5.647,5.479
217.09951,-205.202891,5.616,5.47
212.104758,-204.975652,5.584,5.46
207.109954,-204.748791,5.563,5.454
202.115086,-204.522368,5.563,5.456
197.120143,-204.296443,5.563,5.458
192.125112,-204.071074,5.564,5.461
187.12998,-203.846321,5.564,5.463
182.134736,-203.622242,5.564,5.465
177.139368,-203.398896,5.565,5.467
172.143863,-203.176343,5.565,5.47
167.148208,-202.954641,5.565,5.472
162.152393,-202.733849,5.566,5.474
157.156412,-202.513997,5.566,5.476
152.160278,-202.29504,5.567,5.479
147.164006,-202.076926,5.567,5.481
142.16761,-201.859602,5.567,5.483
137.171106,-201.643016,5.568,5.485
132.174508,-201.427115,5.568,5.488
127.177832,-201.211845,5.568,5.49
122.181093,-200.997154,5.569,5.492
117.184305,-200.78299,5.569,5.494
112.187484,-200.569299,5.569,5.497
107.190644,-200.356029,5.57,5.499
102.1938,-200.143126,5.57,5.501
97.196969,-199.930539,5.571,5.503
92.200163,-199.718214,5.571,5.506
87.203399,-199.506098,5.571,5.508
82.206691,-199.294139,5.572,5.51
77.210055,-199.082283,5.572,5.513
72.213505,-198.870479,5.572,5.515
67.217056,-198.658672,5.573,5.517
62.220723,-198.446812,5.573,5.519
57.224522,-198.234843,5.574,5.522
52.228467,-198.022715,5.574,5.524
47.232573,-197.810373,5.574,5.526
42.236855,-197.597766,5.575,5.528
37.241328,-197.38484,5.575,5.531
32.246007,-197.171542,5.575,5.533
27.250908,-196.957821,5.576,5.535
22.256044,-196.743622,5.576,5.537
17.261432,-196.528893,5.576,5.54
12.267085,-196.313582,5.577,5.542
7.273019,-196.097635,5.577,5.544
2.27925,-195.881,5.578,5.546
-2.714209,-195.663624,5.578,5.549
-7.707343,-195.445455,5.578,5.551
-12.700194,-195.226508,5.579,5.553
-17.692935,-195.00695,5.579,5.555
-22.685757,-194.786971,5.579,5.558
-27.678849,-194.566757,5.58,5.56
-32.672401,-194.346497,5.58,5.562
-37.666603,-194.126379,5.58,5.564
-42.661644,-193.906589,5.581,5.567
-47.657715,-193.687318,5.581,5.569
-52.655005,-193.468751,5.582,5.571
-57.653704,-193.251078,5.582,5.574
-62.654002,-193.034486,5.582,5.576
-67.656089,-192.819163,5.583,5.578
-72.660154,-192.605296,5.583,5.58
-77.666388,-192.393074,5.583,5.583
-82.67498,-192.182685,5.584,5.585
-87.68612,-191.974317,5.584,5.587
-92.699865,-191.768109,5.584,5.589
-97.7114,-191.562445,5.585,5.592
-102.709752,-191.35349,5.585,5.594
-107.683554,-191.137264,5.586,5.596
-112.621437,-190.909788,5.586,5.598
-117.524144,-190.670879,5.586,5.601
-122.439099,-190.434971,5.587,5.603
-127.424965,-190.220023,5.587,5.605
-132.540408,-190.043991,5.659,5.631
-137.783808,-189.980595,5.982,5.738
-142.922533,-190.317227,6.245,5.89
-147.668629,-191.392451,6.424,6.096
-151.73414,-193.544833,6.832,5.759
-154.863516,-197.06443,7.115,5.58
-157.243402,-201.579369,7.03,5.872
-159.352582,-206.281784,6.946,6.164
-161.317614,-210.908224,6.861,6.456
-163.020486,-215.576781,6.776,6.748
-164.422141,-220.332372,6.858,6.634
-165.542129,-225.163374,6.969,6.449
-166.401195,-230.057016,7.016,6.428
-167.020082,-235.000525,7.033,6.481
-167.419535,-239.98113,7.05,6.534
-167.620296,-244.98606,7.091,6.619
-167.643111,-250.002542,7.181,6.764
-167.508722,-255.017805,7.271,6.91
-167.235345,-260.02007,7.361,7.056
-166.824938,-265.003955,7.319,7.101
-166.273021,-269.966607,7.036,6.962
-165.575098,-274.905178,6.753,6.823
-164.726674,-279.816822,6.625,6.631
-163.723255,-284.698693,6.716,6.364
-162.560343,-289.547944,6.807,6.097
-161.233445,-294.361729,6.837,5.928
-159.738096,-299.136995,6.667,6.081
-158.070763,-303.864607,6.498,6.234
-156.22898,-308.528469,6.328,6.386
-154.210338,-313.112103,6.334,6.404
-152.012428,-317.599032,6.575,6.24
-149.632365,-321.974513,6.816,6.076
-147.065629,-326.229774,7.058,5.912
-144.307347,-330.357321,7.048,5.901
-141.352648,-334.34966,6.931,5.955
-138.200852,-338.20101,6.814,6.009
-134.865546,-341.911414,6.696,6.063
-131.363346,-345.482153,6.586,6.152
-127.710871,-348.914507,6.495,6.337
-123.924737,-352.209758,6.404,6.522
-120.021562,-355.369188,6.313,6.707
-116.017964,-358.394075,6.478,6.452
-111.93056,-361.285703,6.658,6.172
-107.774891,-364.045251,6.838,5.892
-103.553611,-366.672694,6.818,5.878
-99.260868,-369.16721,6.667,6.037
-94.890662,-371.527964,6.517,6.196
-90.437074,-373.754209,6.384,6.338
-85.902992,-375.854556,6.419,6.315
-81.307868,-377.85522,6.455,6.291
-76.672978,-379.784354,6.49,6.268
-72.019599,-381.670115,6.525,6.245
-67.366498,-383.537556,6.561,6.221
-62.717265,-385.393009,6.596,6.198
-58.069829,-387.235815,6.58,6.164
-53.422107,-389.065301,6.428,6.103
-48.772017,-390.880797,6.277,6.041
-44.117477,-392.68163,6.125,5.98
-39.456405,-394.467129,5.973,5.919
-34.786718,-396.236623,5.822,5.857
-30.106665,-397.990149,5.67,5.796
-25.423378,-399.746804,5.519,5.735
-20.753637,-401.546382,5.367,5.673
-16.114708,-403.429722,5.257,5.657
-11.523864,-405.437666,5.203,5.702
-7.019056,-407.631307,5.15,5.748
-2.705173,-410.137287,5.096,5.794
1.347031,-413.030477,5.1,5.768
5.220697,-416.175839,5.152,5.684
9.005219,-419.433023,5.204,5.6
12.710947,-422.779784,5.254,5.519
16.332486,-426.217405,5.24,5.558
19.864438,-429.747171,5.226,5.597
23.301407,-433.370367,5.212,5.636
26.637995,-437.088276,5.199,5.675
29.868805,-440.902182,5.201,5.699
32.988442,-444.813372,5.221,5.708
35.990763,-448.823018,5.241,5.717
38.861389,-452.931089,5.26,5.726
41.580817,-457.136801,5.362,5.837
44.129467,-461.439359,5.673,6.205
46.487759,-465.837969,5.983,6.573
48.636114,-470.331834,6.293,6.941
50.554952,-474.920161,6.458,7.095
52.224693,-479.602155,6.482,7.043
53.625758,-484.37702,6.507,6.991
54.744987,-489.241278,6.469,6.928
55.60543,-494.176323,6.266,6.836
56.242809,-499.158252,6.062,6.744
56.692864,-504.163156,5.858,6.653
56.989759,-509.167553,5.654,6.561
57.129762,-514.158269,5.689,6.623
57.070246,-519.132705,6.013,6.87
56.766815,-524.088743,6.337,7.117
56.177856,-529.024448,6.66,7.365
55.327524,-533.942163,6.984,7.612
54.306787,-538.848578,7.029,7.657
53.2096,-543.75058,7.067,7.698
52.129853,-548.655039,7.105,7.739
51.068255,-553.546346,7.143,7.779
49.746231,-558.341526,7.181,7.82
47.964949,-562.985038,7.202,7.85
45.919879,-567.540972,7.176,7.849
43.820965,-572.076837,7.15,7.849
41.702867,-576.604085,7.123,7.848
39.56779,-581.123789,7.097,7.847
37.417944,-585.637022,7.07,7.846
35.255534,-590.144856,7.044,7.845
33.082769,-594.648364,7.018,7.844
30.901856,-599.148618,6.991,7.843
28.715002,-603.646692,6.965,7.843
26.524472,-608.143664,6.938,7.842
24.333128,-612.640681,6.912,7.841
22.144178,-617.13893,6.885,7.84
19.960835,-621.639596,6.859,7.839
17.786311,-626.143866,6.833,7.838
15.62382,-630.652928,6.806,7.838
13.476573,-635.167966,6.78,7.837
11.347784,-639.690169,6.753,7.836
9.24046,-644.220636,6.727,7.835
7.142615,-648.75414,6.701,7.834
5.01735,-653.274945,6.674,7.833
2.825419,-657.766324,6.648,7.832
0.527573,-662.211548,6.621,7.832
-1.919777,-666.584407,6.595,7.831
-4.583029,-670.808873,6.625,7.807
-7.536047,-674.792612,6.747,7.745
-10.852698,-678.443279,6.87,7.683
-14.581808,-681.694016,6.992,7.621
-18.642305,-684.610154,6.87,7.373
-22.911128,-687.299756,6.731,7.111
-27.265194,-689.870908,6.591,6.85
-31.58583,-692.42778,6.462,6.717
-35.847109,-694.992163,6.343,6.726
-40.111275,-697.50754,6.225,6.735
-44.444068,-699.914287,6.106,6.744
-48.909129,-702.151881,5.988,6.752
-53.526368,-704.140988,5.896,6.521
-58.27433,-705.784479,5.816,6.177
-63.129934,-706.98453,5.737,5.833
-68.070072,-707.643342,5.587,6.043
-73.052147,-707.68236,5.427,6.338
-77.979776,-707.076146,5.342,6.458
-82.747372,-705.808346,5.327,6.412
-87.249405,-703.862663,5.312,6.366
-91.416098,-701.260152,5.417,6.251
-95.275362,-698.123926,5.551,6.119
-98.871638,-694.594369,5.684,5.987
-102.24937,-690.811863,5.692,5.951
-105.45071,-686.9074,5.634,5.966
-108.497033,-682.926699,5.577,5.981
-111.398634,-678.870026,5.531,6.002
-114.165707,-674.737225,5.53,6.045
-116.808493,-670.528213,5.529,6.088
-119.339885,-666.247079,5.528,6.13
-121.776819,-661.904266,5.583,6.135
-124.136568,-657.510748,5.685,6.108
-126.436407,-653.077502,5.787,6.081
-128.69361,-648.615503,5.89,6.054
-130.92545,-644.135728,5.992,6.027
-133.149203,-639.649151,6.094,6
-135.382141,-635.166748,6.196,5.973
-137.638866,-630.697811,6.299,5.946
-139.92134,-626.243671,6.401,5.919
-142.227798,-621.803308,6.484,5.898
-144.556473,-617.375703,6.483,5.902
-146.905599,-612.959839,6.482,5.905
-149.27341,-608.554696,6.481,5.909
-151.658138,-604.159255,6.479,5.913
-154.058018,-599.772497,6.478,5.917
-156.471283,-595.393403,6.477,5.921
-158.896167,-591.020954,6.476,5.925
-161.330903,-586.654132,6.475,5.929
-163.773725,-582.291917,6.474,5.933
-166.222867,-577.933291,6.473,5.937
-168.676561,-573.577235,6.471,5.94
-171.133042,-569.222729,6.47,5.944
-173.590543,-564.868755,6.469,5.948
-176.047299,-560.514295,6.468,5.952
-178.502015,-556.158601,6.467,5.956
-180.954596,-551.801622,6.466,5.96
-183.405137,-547.443414,6.465,5.964
-185.853732,-543.084034,6.464,5.968
-188.300477,-538.723538,6.462,5.972
-190.745464,-534.361983,6.461,5.975
-193.18879,-529.999425,6.46,5.979
-195.630549,-525.635921,6.459,5.983
-198.070834,-521.271528,6.458,5.987
-200.509741,-516.906301,6.457,5.991
-202.947364,-512.540299,6.456,5.995
-205.383797,-508.173576,6.455,5.999
-207.819135,-503.80619,6.453,6.003
-210.253473,-499.438198,6.452,6.007
-212.686905,-495.069655,6.451,6.011
-215.119525,-490.700619,6.45,6.014
-217.551428,-486.331146,6.449,6.018
-219.982709,-481.961292,6.448,6.022
-222.413462,-477.591115,6.447,6.026
-224.843781,-473.22067,6.446,6.03
-227.273762,-468.850014,6.444,6.034
-229.703498,-464.479205,6.443,6.038
-232.133084,-460.108298,6.442,6.042
-234.562615,-455.73735,6.441,6.046
-236.992184,-451.366417,6.44,6.049
-239.421888,-446.995557,6.439,6.053
-241.851819,-442.624825,6.438,6.057
-244.282073,-438.254279,6.436,6.061
-246.712744,-433.883974,6.435,6.065
-249.143926,-429.513968,6.434,6.069
-251.575715,-425.144317,6.433,6.073
-254.008204,-420.775077,6.432,6.077
-256.441488,-416.406305,6.431,6.081
-258.875657,-412.038056,6.43,6.084
-261.310718,-407.670333,6.429,6.088
-263.746606,-403.3031,6.427,6.092
-266.183258,-398.93632,6.426,6.096
-268.620608,-394.569955,6.425,6.1
-271.058591,-390.203968,6.424,6.104
-273.497142,-385.838322,6.423,6.108
-275.936196,-381.472978,6.422,6.112
-278.375688,-377.1079,6.421,6.116
-280.815552,-372.74305,6.42,6.119
-283.255723,-368.37839,6.418,6.123
-285.696137,-364.013883,6.417,6.127
-288.136729,-359.649491,6.416,6.131
-290.577433,-355.285177,6.415,6.135
-293.018183,-350.920904,6.414,6.139
-295.458916,-346.556634,6.413,6.143
-297.899566,-342.192329,6.412,6.147
-300.340068,-337.827952,6.411,6.151
-302.780356,-333.463466,6.409,6.154
-305.220366,-329.098832,6.408,6.158
-307.660033,-324.734014,6.407,6.162
-310.099291,-320.368975,6.406,6.166
-312.538075,-316.003675,6.405,6.17
-314.976321,-311.638079,6.404,6.174
-317.413962,-307.272148,6.403,6.178
-319.850935,-302.905845,6.401,6.182
-322.287174,-298.539133,6.4,6.186
-324.722614,-294.171974,6.399,6.189
-327.157189,-289.804331,6.398,6.193
-329.590835,-285.436165,6.397,6.197
-332.023487,-281.067441,6.396,6.201
-334.455079,-276.698119,6.395,6.205
-336.885546,-272.328163,6.394,6.209
-339.314824,-267.957535,6.392,6.213
-341.742863,-263.586206,6.391,6.217
-344.169859,-259.214285,6.39,6.221
-346.596207,-254.841986,6.389,6.225
-349.022309,-250.469532,6.388,6.228
-351.448564,-246.097141,6.387,6.232
-353.875373,-241.725035,6.386,6.236
-356.303137,-237.353432,6.385,6.24
-358.732256,-232.982553,6.383,6.244
-361.16313,-228.612619,6.382,6.248
-363.59616,-224.243849,6.381,6.252
-366.031747,-219.876463,6.38,6.256
-368.470291,-215.510682,6.379,6.26
-370.912192,-211.146725,6.378,6.263
-373.357851,-206.784812,6.377,6.267
-375.807668,-202.425164,6.375,6.271
-378.262044,-198.068001,6.374,6.275
-380.72138,-193.713543,6.373,6.279
-383.185943,-189.361939,6.372,6.283
-385.654997,-185.0128,6.388,6.332
-388.127347,-180.665491,6.404,6.382
-390.601795,-176.319378,6.42,6.433
-393.07714,-171.973823,6.436,6.484
-395.552187,-167.62819,6.452,6.535
-398.025735,-163.281843,6.468,6.585
-400.496586,-158.934147,6.485,6.636
-402.963543,-154.584465,6.501,6.687
-405.425406,-150.23216,6.517,6.737
-407.880978,-145.876598,6.533,6.788
-410.32906,-141.517142,6.549,6.839
-412.768454,-137.153155,6.565,6.889
-415.19796,-132.784002,6.582,6.94
-417.616382,-128.409046,6.598,6.991
-420.02252,-124.027652,6.614,7.041
-422.415175,-119.639184,6.63,7.092
-424.793584,-115.243186,6.702,7.105
-427.158714,-110.839932,6.774,7.118
-429.511966,-106.429876,6.846,7.131
-431.854742,-102.013472,6.918,7.145
-434.188443,-97.591174,6.99,7.158
-436.51447,-93.163437,7.062,7.171
-438.834225,-88.730716,7.134,7.184
-441.14911,-84.293464,7.206,7.197
-443.460514,-79.852136,7.278,7.21
-445.767723,-75.407404,7.35,7.223
-448.06538,-70.960414,7.422,7.236
-450.347506,-66.512375,7.494,7.249
-452.608124,-62.064497,7.566,7.262
-454.847083,-57.618695,7.638,7.275
-457.106468,-53.182002,7.71,7.288
-459.446964,-48.763705,7.782,7.301
-461.929338,-44.373098,7.854,7.315
-464.546894,-40.006764,7.656,7.361
-466.807089,-35.569705,6.88,7.48
-468.015304,-30.930587,6.623,7.387
-467.854528,-26.090589,7.07,7.467
-466.475378,-21.221781,7.921,8.245
-464.009666,-16.727763,8.673,9.414
-460.535516,-13.264881,9.426,10.586
-456.297757,-10.892146,9.325,10.453
-451.74219,-8.931963,9.18,10.252
-447.130318,-6.988904,9.035,10.05
-442.491903,-5.052938,8.889,9.849
-437.843407,-3.13615,8.744,9.647
-433.201296,-1.25062,8.599,9.446
-428.577583,0.601117,8.454,9.244
-423.96847,2.450454,8.308,9.043
-419.366647,4.336319,8.163,8.841
-414.764805,6.297635,8.018,8.639
-410.153338,8.338631,7.872,8.438
-405.514528,10.34093,7.727,8.236
-400.828869,12.159092,7.582,8.035
-396.076852,13.647672,7.477,7.93
-391.240846,14.672917,7.456,8.024
-386.326798,15.247862,7.434,8.117
-381.356743,15.48572,7.398,8.125
-376.35303,15.501638,7.35,8.063
-371.337944,15.410473,7.301,8.002
-366.326518,15.291888,7.253,7.941
-361.319648,15.156999,7.205,7.879
-356.316604,15.009022,7.156,7.818
-351.316655,14.851172,7.108,7.756
-346.319069,14.686664,7.06,7.695
-341.323115,14.518713,7.011,7.634
-336.328062,14.350535,6.963,7.572
-331.333178,14.185345,6.914,7.511
-326.337815,14.025953,6.866,7.45
-321.341828,13.872638,6.818,7.388
-316.345272,13.724703,6.769,7.327
-311.3482,13.581449,6.721,7.265
-306.350666,13.442176,6.673,7.204
-301.352724,13.306186,6.624,7.143
-296.354427,13.172778,6.576,7.081
-291.35583,13.041254,6.528,7.02
-286.356985,12.910915,6.479,6.959
-281.357948,12.781061,6.431,6.897
-276.35877,12.650992,6.382,6.836
-271.359507,12.52001,6.334,6.775
-266.360212,12.387415,6.286,6.713
-261.360938,12.252508,6.237,6.652
-256.361739,12.11459,6.189,6.59
-251.36267,11.972961,6.141,6.529
-246.363784,11.826922,6.092,6.468
-241.365122,11.675944,6.044,6.406
-236.366685,11.520065,5.996,6.345
-231.368467,11.359439,5.947,6.284
-226.370459,11.194223,5.899,6.222
-221.372655,11.024572,5.851,6.161
-216.375046,10.850641,5.802,6.1
-211.377627,10.672587,5.754,6.038
-206.380388,10.490565,5.705,5.977
-201.383324,10.30473,5.66,5.919
-196.386425,10.115238,5.671,5.923
-191.389686,9.922244,5.682,5.927
-186.393099,9.725904,5.693,5.932
-181.396656,9.526375,5.701,5.937
-176.40035,9.32381,5.709,5.942
-171.404174,9.118366,5.717,5.947
-166.40812,8.910199,5.725,5.952
-161.412181,8.699463,5.733,5.957
-156.416349,8.486315,5.741,5.962
-151.420617,8.27091,5.749,5.967
-146.424978,8.053404,5.757,5.972
-141.429425,7.833951,5.765,5.977
-136.433949,7.612709,5.773,5.982
-131.438545,7.389832,5.781,5.987
-126.443203,7.165476,5.789,5.992
-121.447917,6.939796,5.797,5.997
-116.45268,6.712949,5.805,6.002
-111.457484,6.485089,5.813,6.007
-106.462321,6.256372,5.821,6.012
-101.467185,6.026955,5.829,6.017
-96.472068,5.796991,5.837,6.022
-91.476962,5.566638,5.845,6.027
-86.481861,5.336049,5.853,6.032
-81.486757,5.105382,5.861,6.037
-76.491642,4.874792,5.869,6.042
-71.496511,4.644401,5.877,6.047
-66.501363,4.414224,5.885,6.052
-61.506198,4.184257,5.893,6.057
-56.511018,3.954495,5.901,6.062
-51.515823,3.724933,5.909,6.067
-46.520612,3.495567,5.917,6.072
-41.525388,3.26639,5.925,6.077
-36.530149,3.037398,5.933,6.082
-31.534897,2.808586,5.941,6.087
-26.539632,2.579949,5.949,6.092
-21.544355,2.351482,5.957,6.097
-16.549066,2.123181,5.965,6.102
-11.553765,1.895039,5.973,6.107
-6.558454,1.667053,5.981,6.112
