Time,Distance,Corr Speed,Math Brake Pres Total,Alias Throttle Pos,Alias Steering Wheel Angle,Alias G Force Lat
s,m,km/h,bar,%,deg,G
0,0,266.06,1,99.8,2.2,0.03
0.04,3,266.04,0.64,99.8,2.12,0.03
0.08,6,266.11,0.223,99.6,2.1,0.03
0.12,9,266.32,0.169,99.6,2.1,0.03
0.16,12,266.38,0.465,99.8,2.1,0.02
0.2,15,266.54,0.665,99.6,2.1,0.01
0.24,18,266.84,1.021,99.8,2.1,0.01
0.28,21,267.22,0.447,99.6,2.1,0
0.32,24,267.3,0.005,99.8,2.1,-0.01
0.36,27,267.2,0.005,99.8,2.1,-0.01
0.4,30,267.65,0.005,99.8,2.1,-0.01
0.44,33,267.92,0.009,99.8,2.18,-0.01
0.48,36,267.96,0.22,99.8,2.2,-0.01
0.52,39,268.08,0.602,99.8,2.2,0
0.56,41,268.38,0.899,99.8,2.16,-0.01
0.6,44,268.76,0.635,99.8,2,-0.01
0.64,47,268.68,0.719,99.8,2.08,0
0.68,50,268.81,0.557,99.6,2.04,0
0.72,53,269.16,0.265,99.4,2.04,0
0.76,56,269.11,0.052,99.8,2.1,0
0.8,59,269.15,0.22,99.6,2.1,0.01
0.84,62,269.54,0.052,99.8,2.1,0.01
0.88,65,270,0.241,99.6,2.1,0.02
0.92,68,269.88,0.395,99.8,2.02,0.02
0.96,71,269.9,0.427,99.6,1.94,0.03
1,74,270.35,0.555,99.2,2.1,0.03
1.04,77,270.17,0.191,99.6,2.1,0.04
1.08,80,270.16,0.148,99.6,2.1,0.04
1.12,83,270.7,0.254,99.8,2.1,0.04
1.16,86,271.04,0.548,99.6,2.1,0.04
1.2,89,270.97,1.28,99.8,2.1,0.04
1.24,92,270.76,0.356,99.6,2.1,0.03
1.28,95,271.38,1.787,99.6,2.04,0.03
1.32,98,271.33,2.635,99.8,2.08,0.03
1.36,101,270.9,1.937,99.6,2.18,0.02
1.4,104,271.16,0.705,99.6,2.1,0.02
1.44,107,271.79,0.185,99.2,2.1,0.02
1.48,110,271.97,0.238,99.8,1.98,0.01
1.52,113,271.75,0.714,99.8,1.98,0
1.56,116,271.91,1.13,99.8,2.1,0
1.6,119,272.03,0.67,100,2.1,0
1.64,122,271.84,0.358,99.8,2.1,-0.01
1.68,125,271.9,0.49,99.8,2.1,-0.01
1.72,129,272.1,0.402,99.8,2.06,0
1.76,132,272.56,0.292,100,2.02,0
1.8,135,272.26,1.22,99.8,2.1,0
1.84,138,272.24,0.444,99.6,2.1,0
1.88,141,272.82,0.535,99.4,2.1,0
1.92,144,272.77,1.263,99.8,2.14,0
1.96,147,272.75,1.656,99.6,2.18,0
2,150,273.02,0,99.6,2.1,0
2.04,153,273.34,0.048,99.6,2.02,0
2.08,156,272.93,0.951,99.6,2.06,0
2.12,159,272.94,0.929,99.6,2.1,0
2.16,162,273.73,0.039,99.2,2.1,0.01
2.2,165,273.8,0.175,99.8,2.1,0.01
2.24,168,273.58,0.847,99.6,2.1,0.01
2.28,171,273.83,0.916,99.6,2.1,0.02
2.32,174,274.31,0.742,99.6,2.06,0.02
2.36,177,274.16,0.466,99.8,2.04,0.01
2.4,180,274.1,0.01,99.6,2.2,0.01
2.44,183,274.54,0.002,99.2,2.12,0.01
2.48,186,274.48,0.129,99.8,2.1,0
2.52,189,274.37,0.417,99.6,2.1,0
2.56,192,274.63,0.589,99.6,2.1,0
2.6,195,275.23,0.065,99.2,2.1,0
2.64,198,275.18,0.041,99.8,2.1,-0.01
2.68,201,274.99,0.014,99.6,2.1,-0.01
2.72,204,275.32,0.362,99.6,2.1,-0.02
2.76,207,275.57,0.765,99.8,2.12,-0.02
2.8,211,275.59,0.205,99.8,2.2,-0.02
2.84,214,275.41,0.113,99.8,2.12,-0.02
2.88,217,275.86,0.855,99.2,2.1,-0.01
2.92,220,276.01,1.559,99.6,2.14,-0.01
2.96,223,275.75,1.52,99.6,2.2,-0.01
3,226,275.82,0.2,99.6,2.2,-0.01
3.04,229,276.19,0.044,99.4,2.12,-0.01
3.08,232,276.34,0.836,99.8,2.1,-0.01
3.12,235,276.16,0.938,99.6,2.1,-0.01
3.16,238,276.61,0.457,99.8,2.1,-0.01
3.2,241,276.78,1.245,100,2.1,0
3.24,244,276.71,1.249,99.8,2.1,-0.01
3.28,247,276.79,0.59,99.6,2.16,0
3.32,250,277.14,0.188,99.6,2.16,0.01
3.36,253,277.08,0.198,99.8,2.1,0
3.4,257,276.85,0.01,99.8,2.1,0
3.44,260,277.21,0.102,99.6,2.1,0
3.48,263,277.63,0.608,99.6,2.04,0
3.52,266,277.72,0.838,99.8,2.08,-0.02
3.56,269,277.5,0.59,99.6,2.18,-0.02
3.6,272,277.92,0.15,99.8,2.1,-0.02
3.64,275,278.26,0.082,100,2.18,-0.01
3.68,278,278.23,0.494,99.8,2.14,0
3.72,281,278.14,0.47,99.6,2.1,0.01
3.76,284,278.54,0.005,99.8,2.12,0.03
3.8,287,278.84,0.005,99.6,2.2,0.04
3.84,290,278.54,0.197,99.8,2.12,0.05
3.88,294,278.69,0.098,99.6,2.16,0.06
3.92,297,279.01,0.07,99.6,2.2,0.05
3.96,300,279.08,0.19,99.8,2.18,0.03
4,303,278.84,0.25,99.6,2.1,0.02
4.04,306,279.35,0.102,99.6,2.1,0.02
4.08,309,279.73,0.155,99.8,2.1,0.01
4.12,312,279.62,0.191,99.8,2.1,0
4.16,315,279.59,0.184,99.6,2.08,0
4.2,318,279.83,0.3,99.4,2,0
4.24,321,279.82,0.236,99.6,2.08,0
4.28,325,279.79,0.313,99.6,2.1,0
4.32,328,280.16,0.265,99.8,2.14,0.01
4.36,331,280.31,0.104,99.8,2.16,0.01
4.4,334,280.27,0.12,99.6,2,0.01
4.44,337,280.3,0.092,99.6,2.08,0.01
4.48,340,280.74,0.055,99.4,2.1,0.01
4.52,343,280.74,0.025,99.8,2.1,0
4.56,346,280.86,0.009,99.6,2.12,0
4.6,349,281.08,0.005,99.8,2.2,0
4.64,353,281.36,0.073,99.6,2.12,0.01
4.68,356,281.03,0.15,99.8,2.16,0.01
4.72,359,281.34,0.332,99.6,2.16,0.02
4.76,362,281.86,0.519,99.2,2.1,0.02
4.8,365,281.8,0.415,99.8,2.1,0.03
4.84,368,281.71,0.523,99.6,2.1,0.03
4.88,371,281.87,0.655,99.6,2.1,0.04
4.92,374,282.19,0.677,99.6,2.1,0.04
4.96,378,282,0.502,99.8,2.1,0.04
5,381,282.05,0.09,99.8,2.1,0.04
5.04,384,282.24,0.25,99.4,2.1,0.04
5.08,387,282.36,1.115,99.8,2.1,0.03
5.12,390,282.18,1.299,99.6,2.14,0.03
5.16,393,282.55,0.708,99.8,2.16,0.03
5.2,396,282.52,0.54,100,2,0.02
5.24,399,282.58,0.188,99.6,2.08,0.02
5.28,403,282.5,0.148,99.6,2.16,0.03
5.32,406,282.96,0.352,99.6,2.16,0.03
5.36,409,282.86,0.72,99.6,2.1,0.02
5.4,412,282.95,1.16,99.6,2.1,0.02
5.44,415,283.19,0.5,99.6,2.1,0.02
5.48,418,283.5,0.461,99.8,2.1,0.02
5.52,421,283.26,0.353,99.8,2.1,0.01
5.56,425,283.37,0.053,99.6,2.1,0.02
5.6,428,283.62,0.005,99.4,2.1,0.02
5.64,431,283.63,0.609,99.8,2.1,0.03
5.68,434,283.66,0.505,99.8,2.1,0.04
5.72,437,283.81,0.575,99.8,2.1,0.05
5.76,440,284.28,0.942,99.8,2.08,0.05
5.8,443,284.1,0.97,99.8,2,0.05
5.84,447,284.2,0.73,99.6,2.08,0.05
5.88,450,284.26,0.274,99.8,2.1,0.05
5.92,453,284.66,0.578,99.8,2.1,0.04
5.96,456,284.45,1.398,99.8,2.1,0.04
6,459,284.57,1.27,99.6,2.1,0.05
6.04,462,284.72,0.878,99.8,2.18,0.05
6.08,466,285.08,1.002,99.8,2.08,0.06
6.12,469,284.88,1.206,99.8,2.08,0.07
6.16,472,284.98,1.251,99.8,2.2,0.09
6.2,475,285.14,1.095,99.6,2.2,0.11
6.24,478,285.43,2.139,99.8,2.12,0.11
6.28,481,285.26,2.259,99.8,2.1,0.12
6.32,485,285.42,1.425,99.8,2.1,0.13
6.36,488,285.42,0.733,99.8,2.1,0.12
6.4,491,285.53,2.405,99.8,2.1,0.11
6.44,494,285.31,2.529,99.8,2.1,0.1
6.48,497,285.71,1.756,99.8,2.1,0.1
6.52,500,285.9,1.856,99.6,2.1,0.09
6.56,504,286.07,2.98,99.8,2.14,0.09
6.6,507,285.8,3.66,99.8,2.3,0.1
6.64,510,286.03,2.388,99.8,2.14,0.11
6.68,513,286.02,2.769,99.8,2.1,0.12
6.72,516,286.03,3.531,99.8,2.14,0.13
6.76,519,285.92,4.16,99.6,2.2,0.14
6.8,523,286.2,4.9,99.8,2.2,0.14
6.84,526,286.03,5.484,99.8,2.2,0.13
6.88,529,285.88,6.368,99.6,2.14,0.12
6.92,532,285.65,6.702,99.6,2.1,0.11
6.96,535,285.86,6.658,99.8,2.1,0.09
7,538,285.77,7.43,99.8,2.1,0.08
7.04,542,285.71,7.802,99.8,2.1,0.08
7.08,545,285.66,7.712,99.8,2.1,0.07
7.12,548,285.73,8.152,99.8,2.1,0.06
7.16,551,285.36,8.8,99.8,2.1,0.06
7.2,554,285.43,8.02,99.6,2.1,0.05
7.24,557,285.62,5.456,99.8,2.1,0.04
7.28,561,285.58,5.736,99.8,2.1,0.03
7.32,564,285.28,5.874,99.6,2.1,0.02
7.36,567,285.47,5.553,99.6,2.1,0.01
7.4,570,285.31,7.125,99.4,2.1,0.01
7.44,573,284.17,30.221,80.6,2.18,0
7.48,576,282.37,58.207,28.6,2.14,0
7.52,580,279.48,87.907,3.2,2.18,0.01
7.56,583,275.33,113.316,3.4,2.28,0.01
7.6,586,271.01,125.6,2.8,2.2,0.01
7.64,589,266.7,130.18,2.8,2.2,0.02
7.68,592,262.34,129.141,3.4,2.26,0.02
7.72,594,259.01,119.543,3.2,2.26,0.02
7.76,597,255.56,106.43,3.2,2.2,0.01
7.8,600,251.63,102.83,2.8,2.2,0.01
7.84,603,248.92,90.706,3.2,2.2,0.01
7.88,606,245.65,90.981,3.4,2.2,0.01
7.92,608,241.49,91.923,3.2,2.28,0.02
7.96,611,238.62,89.532,3.2,2.38,0.04
8,614,236.75,87.54,2.8,2.3,0.06
8.04,616,232.87,90.228,2.4,2.38,0.08
8.08,619,229.5,86.967,2.6,2.34,0.1
8.12,621,227.05,83.533,2.8,2.3,0.12
8.16,624,224.5,82.115,2.4,2.3,0.13
8.2,626,221.08,81.315,2.4,2.3,0.12
8.24,629,218.21,78.423,2.6,2.38,0.12
8.28,631,215.57,76.473,2.4,2.34,0.11
8.32,633,213.11,75.835,2.4,2.3,0.1
8.36,636,209.94,75.964,2.4,2.3,0.09
8.4,638,207.11,75.4,2.4,2.3,0.07
8.44,640,204.67,74.832,2.4,2.3,0.06
8.48,643,202.22,74.228,2.6,2.3,0.04
8.52,645,199.2,74.342,2.4,2.26,0.03
8.56,647,196.02,74.717,2.4,2.22,0.01
8.6,649,193.19,73.685,2.4,2.3,0
8.64,651,191.08,71.893,2.4,2.3,-0.01
8.68,653,188.68,70.842,2.4,2.3,-0.01
8.72,655,185.29,71.106,2.4,2.3,-0.01
8.76,657,182.17,72.059,2.4,2.3,0
8.8,659,180.01,71.875,2.4,2.3,0.01
8.84,661,177.58,75.031,2.4,2.3,0.02
8.88,663,174.65,77.452,2.4,2.3,0.02
8.92,665,171.97,78.272,2.2,2.26,0.03
8.96,667,169.63,77.482,2.4,2.18,0.02
9,669,166.58,75.93,2.4,2.1,0.02
9.04,671,163.7,72.686,2.4,1.86,0.01
9.08,673,161.16,70.012,2.4,1.5,-0.01
9.12,674,158.65,69.628,2.6,1.1,-0.03
9.16,676,155.95,71.032,2.6,0.56,-0.05
9.2,678,153.43,71.5,2.6,-0.4,-0.08
9.24,679,151.14,71.944,2.6,-0.8,-0.11
9.28,681,148.44,71.83,2.6,-0.9,-0.14
9.32,683,146.09,70.352,2.6,-1.38,-0.18
9.36,684,143.84,68.156,2.4,-2.94,-0.22
9.4,686,141.5,67.34,2.4,-6.3,-0.26
9.44,687,139.25,66.932,2.4,-6.94,-0.3
9.48,689,137.03,65.594,2.4,-6.86,-0.35
9.52,691,134.75,63.608,2.4,-6.66,-0.41
9.56,692,132.49,60.542,2.4,-6.46,-0.46
9.6,693,130.78,55.25,2.4,-5.9,-0.51
9.64,695,128.59,55.182,2.4,-6.06,-0.57
9.68,696,126.77,52.573,2.4,-6.88,-0.65
9.72,698,125.1,48.743,2.4,-7.4,-0.72
9.76,699,123.31,44.347,2.4,-7.34,-0.79
9.8,700,121.15,39.375,2.4,-7.1,-0.86
9.84,702,119.24,37.731,2.4,-7.58,-0.91
9.88,703,117.92,35.643,2.4,-5.3,-0.93
9.92,704,116.64,34.853,2.4,0.46,-0.92
9.96,706,114.58,36.008,2.8,6.36,-0.91
10,707,112.45,38.66,2.6,5,-0.9
10.04,708,110.87,43.32,2.4,-11.880001,-0.89
10.08,709,109.5,46.558,2.4,-27.68,-0.9
10.12,711,108.1,47.408,2.4,-33.799999,-0.92
10.16,712,106.49,45.322,2.4,-29.579998,-0.95
10.2,713,105.11,40.17,2.4,-22.299999,-0.99
10.24,714,103.69,35.506,2.4,-24.14,-1.03
10.28,715,102.47,29.009,2.4,-30.719999,-1.08
10.32,716,101.33,23.357,2.6,-35.039999,-1.13
10.36,717,100.07,20.114,2.6,-36.38,-1.19
10.4,719,98.78,19.73,2.4,-40.300001,-1.26
10.44,720,98.11,18.974,2.6,-48.06,-1.31
10.48,721,97.38,17.66,3.2,-50.060001,-1.35
10.52,722,96.66,14.772,3,-46.58,-1.39
10.56,723,95.86,11.319,3.2,-40.679999,-1.42
10.6,724,95.15,10.335,3.2,-38.199998,-1.44
10.64,725,94.38,10.751,3.2,-44.759999,-1.45
10.68,726,93.66,10.783,3.2,-51.979998,-1.46
10.72,727,92.94,10.025,3.2,-55.859999,-1.48
10.76,728,92.53,8.501,3,-54.720001,-1.49
10.8,729,92.18,6.665,3,-49.200001,-1.48
10.84,730,91.62,6.213,2.4,-50.319999,-1.48
10.88,731,90.91,6.532,2.4,-52.819999,-1.48
10.92,732,90.34,6.182,2.4,-55.82,-1.48
10.96,733,89.95,5.507,2.6,-59.6,-1.48
11,734,89.54,6.635,3.2,-65.599999,-1.48
11.04,735,88.82,6.195,3.4,-70.159997,-1.49
11.08,736,88.02,6.328,3.4,-74.659998,-1.5
11.12,737,87.6,6.056,3.4,-77.020001,-1.5
11.16,738,87.36,5.409,3.4,-76.620002,-1.48
11.2,739,86.83,5.425,3.4,-74.3,-1.49
11.24,740,86.03,5.673,3.4,-76.699998,-1.51
11.28,741,85.69,5.444,3.4,-79.699999,-1.5
11.32,742,85.58,5.602,3.4,-81.020001,-1.49
11.36,743,84.96,6.135,3.4,-80.880002,-1.5
11.4,744,84.05,6.155,3.4,-82,-1.51
11.44,745,83.53,6.027,3.4,-83.679997,-1.5
11.48,746,83.45,5.056,3.4,-81.519996,-1.49
11.52,746,83.03,4.15,3.4,-77.039998,-1.49
11.56,747,82.45,3.189,3,-72.080001,-1.5
11.6,748,82.12,1.025,2.4,-68.799997,-1.5
11.64,749,82.02,0.749,2.4,-69.839999,-1.49
11.68,750,81.65,0.275,2.4,-76.76,-1.47
11.72,751,81.02,0.135,2.6,-84.64,-1.45
11.76,752,80.5,0.349,2.6,-90.500001,-1.45
11.8,753,80.36,0.425,4.4,-93.300002,-1.45
11.84,754,80.29,0.201,11.6,-95.86,-1.43
11.88,755,80.15,0.064,14.2,-96.739998,-1.43
11.92,755,79.76,0.052,15,-96.939996,-1.44
11.96,756,79.37,0.183,16.6,-97.279998,-1.45
12,757,79.51,0.455,17.4,-98.400001,-1.46
12.04,758,80.06,0.155,21,-99.120002,-1.47
12.08,759,80.46,0.164,20.8,-99.300002,-1.48
12.12,760,80.45,0.278,21,-99.74,-1.49
12.16,761,80.32,0.407,22,-101.139997,-1.49
12.2,762,80.4,0.575,25.8,-104.099999,-1.49
12.24,763,80.78,0.699,27.2,-105.219997,-1.48
12.28,763,81.32,0.547,29.6,-104.9,-1.46
12.32,764,81.86,0.337,31.8,-104.54,-1.46
12.36,765,82.2,0.165,33.6,-104.699997,-1.47
12.4,766,82.57,0.005,40.4,-105.1,-1.47
12.44,767,83.17,0.165,43.4,-103.180002,-1.46
12.48,768,83.92,0.37,43.4,-100.660002,-1.46
12.52,769,84.54,0.31,43.4,-99.38,-1.47
12.56,770,85,0.061,43.8,-99.319997,-1.49
12.6,771,85.62,0.085,45.4,-98.599996,-1.49
12.64,772,86.41,0.109,47.2,-94.759998,-1.51
12.68,773,87.26,0.049,47.4,-90.440001,-1.54
12.72,774,87.97,0.063,49.2,-86.28,-1.55
12.76,775,88.55,0.17,50.8,-81.479999,-1.56
12.8,776,89.08,0.25,54.8,-73.800003,-1.57
12.84,777,89.59,0.078,57.8,-67.879999,-1.57
12.88,778,90.28,0.035,61.2,-61.659997,-1.55
12.92,779,91.02,0.023,65,-58.659998,-1.53
12.96,780,91.85,0.016,66.8,-59.36,-1.5
13,781,92.6,0.06,69.8,-61.199998,-1.46
13.04,782,93.49,0.084,76.6,-57.12,-1.43
13.08,783,94.42,0.186,78,-51.42,-1.39
13.12,784,95.5,0.2,79.2,-48.66,-1.35
13.16,785,96.41,0.105,84.2,-49.180001,-1.31
13.2,786,97.27,0.025,90.2,-49.1,-1.28
13.24,787,98.08,0.221,98,-48.46,-1.27
13.28,788,99.31,0.108,99.4,-42.12,-1.24
13.32,789,100.69,0.07,99.2,-35.24,-1.22
13.36,790,101.81,0.188,99.4,-30.259999,-1.22
13.4,792,103.09,0.24,99.4,-26.9,-1.22
13.44,793,104.39,0.224,99.6,-23.380001,-1.22
13.48,794,105.58,0.271,99.4,-22.32,-1.22
13.52,795,106.28,0.305,99.6,-23.56,-1.24
13.56,796,107.23,0.424,99.6,-23.48,-1.25
13.6,798,108.38,0.9,99.4,-15,-1.24
13.64,799,109.82,0.236,99.4,-2.04,-1.22
13.68,800,110.92,0.358,99.4,10.62,-1.19
13.72,801,111.59,0.332,99.4,13.02,-1.16
13.76,802,112.54,0.005,99.4,1.4,-1.13
13.8,804,113.62,0.005,99.6,-21.8,-1.11
13.84,805,115.08,0.069,99.6,-29.720001,-1.1
13.88,806,116.63,0.166,99.8,-27.02,-1.09
13.92,808,117.97,0.312,99.8,-20.42,-1.08
13.96,809,119.36,0.361,100,-15.38,-1.06
14,810,120.28,0.005,100,-16.100001,-1.04
14.04,812,121.36,0.005,99.8,-18.339999,-0.99
14.08,813,122.69,0.134,100,-18.96,-0.94
14.12,814,123.88,0.462,100,-17.4,-0.88
14.16,816,124.96,0.804,99.8,-13.84,-0.83
14.2,817,126.52,0.72,100,-9.2,-0.78
14.24,818,127.96,0.148,99.6,-8.96,-0.75
14.28,820,129.38,0.224,100,-8.6,-0.74
14.32,821,130.74,0.246,99.8,-7.8,-0.74
14.36,823,131.54,0.072,100,-7.52,-0.73
14.4,824,132.56,0.12,100,-10,-0.71
14.44,826,133.26,0.3,100.2,-13.840001,-0.68
14.48,827,133.86,0.231,99.8,-13.18,-0.64
14.52,829,134.33,0.347,99.8,-10.54,-0.59
14.56,830,134.78,0.575,100.2,-8.32,-0.55
14.6,832,135.34,0.335,100,-8.8,-0.5
14.64,833,136.06,0.407,99.6,-10.72,-0.47
14.68,835,136.84,0.191,100,-13.899999,-0.45
14.72,836,137.38,0.167,100,-15.539999,-0.44
14.76,838,138.2,0.293,99.8,-14.659999,-0.43
14.8,839,139.48,0.005,99.6,-12.1,-0.44
14.84,841,140.81,0.481,99.6,-8.42,-0.46
14.88,842,141.71,0.246,99.8,-6.42,-0.49
14.92,844,142.26,0.116,99.8,-5.98,-0.52
14.96,846,143.05,0.22,99.8,-7.04,-0.55
15,847,143.82,0,99.8,-9.6,-0.58
15.04,849,144.46,0.008,99.8,-12.24,-0.6
15.08,850,145.24,0.202,99.8,-12.3,-0.62
15.12,852,146.27,0.198,99.8,-10.58,-0.64
15.16,854,147.36,0.017,99.8,-8.3,-0.66
15.2,855,148.15,0.085,99.8,-7.1,-0.67
15.24,857,148.93,0.229,99.8,-7.18,-0.68
15.28,859,149.89,0.16,99.8,-7.14,-0.68
15.32,860,150.85,0.09,99.8,-7.14,-0.67
15.36,862,151.74,0.097,99.8,-7.54,-0.67
15.4,864,152.58,0.125,99.8,-8.9,-0.69
15.44,865,153.53,0.141,99.8,-9.06,-0.7
15.48,867,154.48,0.13,99.8,-8.74,-0.72
15.52,869,155.36,0.172,99.8,-8.34,-0.75
15.56,871,156.16,0.201,99.8,-8.04,-0.77
15.6,872,156.94,0.005,99.8,-7.8,-0.78
15.64,874,157.92,0.049,99.8,-7.88,-0.8
15.68,876,158.94,0.027,99.8,-7.6,-0.82
15.72,878,159.74,0.005,99.8,-7.32,-0.82
15.76,879,160.36,0.006,99.8,-7.22,-0.83
15.8,881,161.09,0.01,99.8,-7.3,-0.82
15.84,883,161.92,0.082,99.8,-7.3,-0.8
15.88,885,162.76,0.205,99.8,-7.24,-0.79
15.92,887,163.61,0.235,99.8,-7.12,-0.78
15.96,888,164.51,0.142,99.8,-6.94,-0.77
16,890,165.22,0.01,99.8,-6.7,-0.76
16.04,892,165.8,0.27,99.8,-6.86,-0.77
16.08,894,166.66,0.278,99.8,-7.02,-0.77
16.12,896,167.56,0.206,99.8,-7.1,-0.77
16.16,898,168.32,0.148,99.8,-7.08,-0.78
16.2,899,169.07,0.12,99.8,-7,-0.79
16.24,901,169.91,0.524,99.8,-7.16,-0.8
16.28,903,170.64,0.292,99.8,-7.2,-0.81
16.32,905,171.35,0.078,99.8,-7.16,-0.81
16.36,907,172.08,0.127,100,-7.14,-0.82
16.4,909,172.81,0.275,99.8,-7.3,-0.83
16.44,911,173.32,0.631,100,-7.3,-0.84
16.48,913,173.8,0.522,99.8,-7.18,-0.86
16.52,915,174.31,0.236,99.8,-7.06,-0.87
16.56,917,174.8,0.005,99.8,-7.06,-0.87
16.6,919,175.39,0.005,99.8,-7.3,-0.86
16.64,921,176.1,0.005,99.8,-7.3,-0.84
16.68,923,176.93,0.203,99.8,-7.24,-0.82
16.72,925,177.74,0.277,99.8,-7.2,-0.82
16.76,926,178.39,0.193,99.8,-7.22,-0.82
16.8,928,179.05,0.205,99.8,-7.3,-0.83
16.84,930,179.71,0.185,99.8,-6.98,-0.84
16.88,932,180.25,0.177,99.8,-6.78,-0.84
16.92,934,180.77,0.107,99.8,-6.74,-0.83
16.96,936,181.5,0.034,99.8,-6.64,-0.82
17,938,182.3,0.15,99.8,-6,-0.8
17.04,941,182.82,0.174,99.8,-5.92,-0.8
17.08,943,183.4,0.597,99.8,-7.22,-0.81
17.12,945,184.09,0.659,99.8,-8.34,-0.83
17.16,947,184.96,0.341,99.8,-8.36,-0.85
17.2,949,185.62,0.365,99.8,-7,-0.87
17.24,951,185.95,0.177,99.8,-7,-0.89
17.28,953,186.42,0.52,99.8,-7.12,-0.9
17.32,955,187.08,0.638,99.8,-6.88,-0.9
17.36,957,187.76,0.453,99.8,-6.44,-0.9
17.4,959,188.35,0.565,99.8,-6.6,-0.91
17.44,961,189.08,0.377,99.8,-7,-0.93
17.48,963,189.9,0.297,99.8,-6.98,-0.94
17.52,965,190.39,0.331,99.8,-6.78,-0.95
17.56,967,190.88,0.339,99.8,-6.56,-0.96
17.6,970,191.5,0.035,99.8,-6.4,-0.96
17.64,972,192.19,0.079,99.8,-5.92,-0.95
17.68,974,192.74,0.351,99.8,-4.66,-0.93
17.72,976,193.19,0.533,99.8,-3.78,-0.91
17.76,978,193.64,0.437,99.8,-3.72,-0.88
17.8,980,194.11,0.005,99.8,-4.2,-0.84
17.84,982,194.62,0.069,99.8,-4.36,-0.8
17.88,985,195.23,0.268,99.8,-4.4,-0.76
17.92,987,196,0.416,99.8,-3.76,-0.74
17.96,989,196.78,0.364,99.8,-2.58,-0.71
18,991,197.34,0,99.8,-1.7,-0.69
18.04,993,197.82,0.008,99.8,-1.62,-0.66
18.08,996,198.3,0.007,99.8,-1.36,-0.63
18.12,998,198.86,0.217,99.8,-1.16,-0.6
18.16,1000,199.37,0.494,99.8,-1.04,-0.56
18.2,1002,200.02,0.33,99.8,-0.8,-0.52
18.24,1004,200.66,0.074,99.8,-0.64,-0.48
18.28,1007,201.2,0.007,99.8,-0.36,-0.45
18.32,1009,201.52,0.193,99.8,-0.28,-0.41
18.36,1011,201.97,0.421,100,-0.4,-0.38
18.4,1013,202.62,0.205,100,-0.4,-0.36
18.44,1016,203.28,0.157,99.8,-0.4,-0.35
18.48,1018,203.74,0.124,99.8,-0.4,-0.34
18.52,1020,204.17,0.194,100,-0.32,-0.34
18.56,1022,204.73,0.257,100,-0.16,-0.34
18.6,1025,205.07,0.005,100,0,-0.33
18.64,1027,205.15,0.005,100,0.24,-0.31
18.68,1029,205.48,0.002,100,0.66,-0.29
18.72,1032,206,0.026,100,0.9,-0.27
18.76,1034,206.48,0.057,100,0.88,-0.25
18.8,1036,206.98,0.025,100,0.8,-0.23
18.84,1038,207.5,0.389,100,0.96,-0.22
18.88,1041,208.02,0.252,100,1,-0.2
18.92,1043,208.37,0.194,100,1,-0.19
18.96,1045,208.8,0.269,100,1.06,-0.18
19,1048,209.33,0.005,100,1.3,-0.16
19.04,1050,209.75,0.193,100,1.62,-0.15
19.08,1052,210.18,0.099,100,1.76,-0.13
19.12,1055,210.65,0.173,100,1.84,-0.11
19.16,1057,211.14,0.376,100,1.88,-0.09
19.2,1059,211.44,0.18,100,1.8,-0.06
19.24,1062,211.86,0.424,100,1.96,-0.04
19.28,1064,212.48,0.464,100,2.18,-0.02
19.32,1066,213.01,0.354,100,2.3,0
19.36,1069,213.32,0.302,100,2.3,0.01
19.4,1071,213.72,0.67,100,2.3,0.01
19.44,1074,214.22,0.598,100,2.22,0.01
19.48,1076,214.64,0.433,100,2.26,0.01
19.52,1078,214.9,0.241,100,2.3,0.01
19.56,1081,215.41,0.155,100,2.3,0.01
19.6,1083,216.12,0.375,100,2.3,0.02
19.64,1085,216.62,0.723,100.2,2.54,0.03
19.68,1088,216.72,0.597,100,2.84,0.04
19.72,1090,217.03,0.429,100,3.12,0.05
19.76,1093,217.68,0.452,100,3.32,0.07
19.8,1095,218.1,0.7,100,3.4,0.09
19.84,1098,218.32,0.672,100,3.64,0.11
19.88,1100,218.86,0.557,100,3.82,0.14
19.92,1102,219.4,0.595,100,3.82,0.16
19.96,1105,219.71,0.73,100,3.68,0.18
20,1107,219.94,0.61,100,3.6,0.19
20.04,1110,220.43,0.43,100,3.68,0.21
20.08,1112,220.87,0.466,100,3.7,0.21
20.12,1115,221.23,0.316,100,3.74,0.21
20.16,1117,221.56,0.05,100,3.86,0.22
20.2,1120,222.02,0.21,100,4.1,0.23
20.24,1122,222.5,0.894,100,4.26,0.24
20.28,1124,222.84,0.882,100,4.18,0.24
20.32,1127,223.03,0.626,100,4.1,0.25
20.36,1129,223.4,0.455,100,4.1,0.25
20.4,1132,224.02,0.575,100,4.1,0.26
20.44,1134,224.4,0.911,100,4.98,0.27
20.48,1137,224.53,0.8,100,6.04,0.28
20.52,1139,224.82,0.792,100,6.48,0.31
20.56,1142,225.48,1.046,100,6.06,0.33
20.6,1144,225.77,1.33,100,5.1,0.34
20.64,1147,225.79,0.69,100,5.1,0.34
20.68,1149,226.09,0.779,100,5.16,0.34
20.72,1152,226.81,1.045,100,5.2,0.33
20.76,1154,227.26,1.474,100,5.2,0.32
20.8,1157,227.36,2.59,100,5.2,0.32
20.84,1159,227.42,2.478,100,5.2,0.32
20.88,1162,227.72,3.413,100,5.2,0.33
20.92,1165,228.05,3.987,99.8,5.24,0.35
20.96,1167,228.32,3.839,100,5.28,0.36
21,1170,228.5,3.655,100,5.2,0.36
21.04,1172,228.91,3.807,100,4.72,0.36
21.08,1175,229.12,4.337,100,3.28,0.34
21.12,1177,229.02,5.079,100,2.16,0.31
21.16,1180,229.13,5.905,99.8,1.86,0.27
21.2,1182,229.52,6.725,99.8,2.1,0.21
21.24,1185,229.9,7.333,99.8,2.18,0.16
21.28,1187,229.88,8.274,99.8,2.44,0.11
21.32,1190,229.87,9.714,99.8,2.68,0.08
21.36,1192,229.91,12.667,99.6,2.72,0.06
21.4,1195,229.38,18.995,96.6,2.4,0.05
21.44,1198,228.2,43.119,50.2,3.36,0.06
21.48,1200,226.34,66.502,3.2,3.9,0.07
21.52,1203,223.99,85.176,3.4,4.02,0.08
21.56,1205,220.61,95.04,2.4,3.44,0.09
21.6,1207,217.8,91.86,3.4,1.6,0.09
21.64,1210,214.61,87.092,3.4,1.76,0.09
21.68,1212,211.56,82.111,3.4,3.54,0.09
21.72,1215,209.17,79.543,3.4,5.42,0.09
21.76,1217,206.53,78.856,3.4,6.52,0.11
21.8,1219,202.55,76.36,3.4,6.6,0.14
21.84,1221,199.99,74.588,3.4,8.84,0.19
21.88,1224,198.71,72.6,3.4,11.38,0.27
21.92,1226,197.16,70.678,3.4,12.54,0.37
21.96,1228,194.41,67.924,3.4,12.46,0.49
22,1230,192.14,62.26,3.4,13.1,0.63
22.04,1232,190.51,54.428,3.4,14.06,0.78
22.08,1234,189.14,50.838,3.4,11.54,0.93
22.12,1236,187.04,45.058,3.4,9.1,1.06
22.16,1238,184.73,37.028,3.4,8,1.15
22.2,1240,182.72,33.06,3.4,7.2,1.21
22.24,1242,181.37,31.128,3.4,0.64,1.24
22.28,1244,180.14,29.694,3.4,3.92,1.26
22.32,1246,178.54,29.926,3.4,15.2,1.27
22.36,1248,176.75,30.615,3.4,28.879999,1.31
22.4,1250,175.97,28.175,3.2,35.600001,1.35
22.44,1252,176.16,15.671,2.6,24.479999,1.39
22.48,1254,175.94,8.183,2.6,14.2,1.44
22.52,1256,175.04,5.331,2.4,10.84,1.49
22.56,1258,174.22,5.21,3.8,16.1,1.53
22.6,1260,173.58,4.39,4.4,27.3,1.56
22.64,1262,173.1,4.658,5.4,34.339998,1.6
22.68,1264,172.64,5.385,4.8,40.539999,1.65
22.72,1266,172.44,5.971,3.6,41.58,1.69
22.76,1268,172.15,6.153,3.8,37.259999,1.73
22.8,1270,171.46,6.005,6.4,31.499999,1.78
22.84,1272,170.81,4.509,9.4,34.7,1.84
22.88,1273,170.4,3.52,9,33.579999,1.88
22.92,1275,169.93,3.46,9.4,27.379999,1.93
22.96,1277,169.33,3.913,9.6,20.679999,1.97
23,1279,168.91,3.625,9.8,23.399999,2
23.04,1281,168.34,2.877,13.4,32.36,2.02
23.08,1283,167.5,2.594,19,30.280001,2.05
23.12,1285,166.93,2.868,18.6,21.600001,2.07
23.16,1286,166.85,3.267,19.4,14.02,2.07
23.2,1288,166.68,2.835,24.8,18.499999,2.06
23.24,1290,166.12,2.151,24.8,25.78,2.06
23.28,1292,165.82,1.725,26.2,29.699999,2.07
23.32,1294,165.98,1.957,34.4,33.619999,2.04
23.36,1296,165.95,2.157,38,39.259999,1.98
23.4,1298,165.65,0.545,38.8,46.700001,1.96
23.44,1299,165.66,0.353,42,46.139999,1.98
23.48,1301,166.27,0.293,56.2,43.78,1.97
23.52,1303,167.22,0.927,60,41.5,1.95
23.56,1305,167.33,1.514,62.4,39.400001,1.95
23.6,1307,166.64,0.01,64,35.799999,1.96
23.64,1309,166.55,0.026,65.2,34.999998,1.92
23.68,1310,167.23,0.939,70.2,29.999999,1.87
23.72,1312,167.8,0.991,71.2,24.399999,1.83
23.76,1314,167.76,0.493,71.8,21.659999,1.81
23.8,1316,168.18,1.825,71,25.099999,1.81
23.84,1318,169.14,2.185,72.2,30.139998,1.83
23.88,1320,169.78,2.341,73.2,33.439998,1.87
23.92,1322,169.91,2.589,75.4,35.839998,1.91
23.96,1324,170.17,2.932,86.4,36.579999,1.95
24,1325,170.64,3.08,99.2,33.3,1.96
24.04,1327,170.84,2.54,99.6,25.3,1.94
24.08,1329,171.04,2.363,99.6,17.42,1.91
24.12,1331,171.6,2.617,99.6,13.74,1.86
24.16,1333,172.32,2.944,99.6,16.98,1.81
24.2,1335,172.52,2.56,99.6,28.499999,1.76
24.24,1337,172.68,2.072,99.6,36.019999,1.74
24.28,1339,173.38,2.535,99.8,37.24,1.73
24.32,1341,174.44,2.585,99.8,33.760001,1.72
24.36,1343,175.3,1.94,99.8,27.340001,1.73
24.4,1345,175.68,1.4,100,19.9,1.73
24.44,1347,175.97,2.348,99.8,16.06,1.74
24.48,1349,176.34,1.526,99.8,13.6,1.74
24.52,1351,176.75,0.894,99.6,15,1.74
24.56,1352,177.12,1.017,99.6,20.76,1.74
24.6,1354,177.76,1.065,99.6,29.399999,1.74
24.64,1356,178.45,1.205,99.8,23.239999,1.71
24.68,1358,178.91,0.832,99.8,13.9,1.66
24.72,1360,179.18,0.578,99.4,9.1,1.6
24.76,1362,179.75,0.624,99.4,12.44,1.54
24.8,1364,180.56,0.7,99.8,23.399999,1.49
24.84,1366,181.27,1.084,99.8,24.919999,1.46
24.88,1368,181.66,0.661,100,22.18,1.44
24.92,1370,182.09,0.795,100,19.14,1.44
24.96,1372,182.82,1.303,99.8,16.86,1.42
25,1374,183.68,0.455,100,13.5,1.4
25.04,1377,184.25,0.439,100,12.22,1.36
25.08,1379,184.67,0.174,100,10.94,1.32
25.12,1381,185.36,0.256,100,8.94,1.27
25.16,1383,186.1,0.705,100.2,6.7,1.23
25.2,1385,186.67,0.965,100,5.9,1.18
25.24,1387,187.19,0.609,100,9.58,1.14
25.28,1389,187.73,0.322,100,12.839999,1.1
25.32,1391,188.18,0.212,100,14.239999,1.07
25.36,1393,188.7,0.348,100,12.88,1.03
25.4,1395,189.23,0.76,100,8.4,0.98
25.44,1397,189.53,0.86,99.8,4.72,0.92
25.48,1399,189.71,1.281,100,2.84,0.86
25.52,1402,190.28,1.117,100,2.08,0.78
25.56,1404,191.08,0.587,100,0.86,0.69
25.6,1406,191.76,1.035,100,-3.3,0.58
25.64,1408,192.44,0.351,100,-5.54,0.44
25.68,1410,193.25,0.636,100,-6.04,0.28
25.72,1412,193.9,0.61,100,-6.28,0.11
25.76,1414,194.36,0.098,100,-7.6,-0.07
25.8,1416,195.12,0.03,100,-11.2,-0.27
25.84,1419,196.12,0.146,100,-12.16,-0.45
25.88,1421,196.9,0.508,100,-13,-0.64
25.92,1423,197.28,0.592,100.2,-13.8,-0.81
25.96,1425,197.58,0.326,100.2,-14.459999,-0.96
26,1427,198.22,0.09,100,-14.7,-1.09
26.04,1430,198.83,0.402,100,-14.22,-1.19
26.08,1432,199.28,0.264,100,-13.02,-1.27
26.12,1434,199.64,0.45,100.2,-12.18,-1.33
26.16,1436,200.21,0.828,100,-12.22,-1.39
26.2,1438,200.86,0.36,100.2,-13.1,-1.44
26.24,1441,201.18,0.656,100.2,-13.02,-1.49
26.28,1443,201.19,0.313,100.2,-13.06,-1.53
26.32,1445,201.58,0.117,100,-13.02,-1.55
26.36,1447,201.97,0.193,100,-13.34,-1.56
26.4,1450,202.4,0.005,100,-15.1,-1.57
26.44,1452,203.15,0.001,100,-16.14,-1.57
26.48,1454,203.82,0.132,99.8,-16.099999,-1.58
26.52,1456,204.01,0.342,100,-16.74,-1.6
26.56,1459,204.49,0.486,99.8,-18.000001,-1.65
26.6,1461,205.26,0.33,99.8,-18.000001,-1.7
26.64,1463,205.7,0.626,99.8,-15.839999,-1.74
26.68,1466,205.86,0.406,99.8,-14.4,-1.78
26.72,1468,206.11,0.418,99.8,-14.12,-1.81
26.76,1470,206.62,0.614,99.8,-15.400001,-1.82
26.8,1472,207.06,0.15,99.8,-18.6,-1.82
26.84,1475,207.46,0.538,99.6,-21.16,-1.84
26.88,1477,208.04,0.692,99.6,-22.999999,-1.88
26.92,1479,208.7,0.756,99.6,-23.759999,-1.93
26.96,1482,209.26,0.796,99.6,-22.7,-2
27,1484,209.4,0.8,99.6,-18.699999,-2.06
27.04,1486,209.39,1.08,99.6,-16.459999,-2.1
27.08,1489,209.51,0.613,99.6,-17.1,-2.12
27.12,1491,210.1,0.279,99.6,-18.62,-2.12
27.16,1493,210.61,0.356,99.6,-19.06,-2.11
27.2,1496,211.36,0.52,99.6,-16.5,-2.12
27.24,1498,211.91,0.86,99.6,-12.82,-2.12
27.28,1500,211.93,1.2,99.6,-14,-2.11
27.32,1503,211.81,1.212,99.6,-16.64,-2.1
27.36,1505,212.42,0.853,99.6,-18.459999,-2.09
27.4,1507,213.25,0.365,99.4,-18.299999,-2.08
27.44,1510,213.68,1.161,99.6,-17.18,-2.07
27.48,1512,213.84,1.606,99.6,-15.82,-2.07
27.52,1515,214.18,1.39,99.4,-15.94,-2.07
27.56,1517,214.78,0.765,98.2,-17.219999,-2.07
27.6,1519,215.27,0.545,98.2,-17.3,-2.08
27.64,1522,215.48,1.717,93.4,-17.46,-2.1
27.68,1524,215.95,1.899,83.8,-17.800001,-2.13
27.72,1526,216.41,1.973,78.8,-19.080001,-2.16
27.76,1529,216.55,2.226,53.6,-21.82,-2.2
27.8,1531,216.86,2.35,32.2,-26.3,-2.25
27.84,1534,217.2,2.374,36.2,-23.34,-2.29
27.88,1536,217.12,2.26,37.2,-18.88,-2.32
27.92,1538,216.77,2.234,37.8,-17.28,-2.36
27.96,1541,216.56,2.419,35,-19.38,-2.39
28,1543,216.44,2.835,28.8,-22.500001,-2.4
28.04,1546,216.23,2.131,29.4,-19.940001,-2.41
28.08,1548,216.12,1.757,28.2,-20.02,-2.41
28.12,1550,216.02,2.349,20.8,-22.86,-2.42
28.16,1553,215.6,3.608,8.6,-27.319999,-2.43
28.2,1555,215.27,4.3,2.8,-30.999999,-2.46
28.24,1558,215.08,5.44,2.2,-31.16,-2.51
28.28,1560,214.58,7.123,2.8,-30.780001,-2.56
28.32,1562,213.56,8.389,3.4,-28.980001,-2.61
28.36,1565,212.65,8.327,2.6,-25.3,-2.67
28.4,1567,212.08,6.075,2.4,-19.7,-2.71
28.44,1569,211.6,4.807,3.2,-17.3,-2.71
28.48,1572,210.67,3.296,11.6,-16.099999,-2.71
28.52,1574,209.92,1.866,14,-16.179999,-2.7
28.56,1576,209.78,1.031,12.2,-17.78,-2.67
28.6,1579,209.56,1.495,14,-21.3,-2.62
28.64,1581,208.92,1.395,15.6,-23.38,-2.6
28.68,1583,208.44,1.268,15.4,-29.179999,-2.58
28.72,1586,208.4,1.8,13.6,-33.579999,-2.57
28.76,1588,208.39,2.818,11.4,-34.139999,-2.59
28.8,1590,207.89,3.29,11.2,-31.099999,-2.62
28.84,1593,207.14,3.214,11,-29.1,-2.66
28.88,1595,206.68,2.907,7.4,-25.960001,-2.68
28.92,1597,206.03,2.771,9.2,-21.120001,-2.67
28.96,1600,205.19,2.729,12.6,-15.82,-2.65
29,1602,204.56,2.225,10.8,-13.1,-2.63
29.04,1604,204.28,1.469,8.4,-19.34,-2.59
29.08,1606,203.96,1.16,9.2,-25.459999,-2.54
29.12,1609,203.44,1.708,9,-28.459999,-2.52
29.16,1611,203.09,2.667,8.8,-28.82,-2.5
29.2,1613,202.84,2.735,10.4,-30.500001,-2.49
29.24,1615,202.44,2.423,10.8,-33.220001,-2.51
29.28,1618,202,2.744,11.2,-34.02,-2.55
29.32,1620,201.54,2.554,11.8,-31.499999,-2.6
29.36,1622,200.84,2.142,13,-28.18,-2.64
29.4,1624,200.09,3.23,15,-30.500001,-2.68
29.44,1626,199.42,3.182,17.8,-34.979999,-2.69
29.48,1629,198.66,3.332,22.8,-32.98,-2.68
29.52,1631,198.4,3.126,27,-28.220001,-2.66
29.56,1633,198.35,2.49,26.8,-26.440001,-2.63
29.6,1635,198,1.83,27.6,-35.4,-2.61
29.64,1637,197.45,1.81,30.6,-44.440001,-2.61
29.68,1640,197.11,2.549,32,-47.420001,-2.6
29.72,1642,196.94,2.657,30.6,-47.66,-2.59
29.76,1644,196.54,2.026,29.2,-47.639999,-2.59
29.8,1646,196.18,1.83,27,-48.999999,-2.57
29.84,1648,196.19,2.878,27.6,-47.08,-2.54
29.88,1651,196.03,1.976,29.6,-45.04,-2.52
29.92,1653,195.54,2.134,29.6,-44.759999,-2.5
29.96,1655,195.16,3.152,28,-46.759998,-2.48
30,1657,194.87,1.62,25.2,-50.199998,-2.46
30.04,1659,194.46,3.18,26.2,-50.44,-2.45
30.08,1661,194.04,2.757,32.4,-50.08,-2.44
30.12,1664,193.9,2.221,36,-49.92,-2.42
30.16,1666,193.76,2.259,40.6,-50.220001,-2.4
30.2,1668,193.44,2.375,46,-50.699999,-2.38
30.24,1670,193.12,1.963,50.2,-50.220001,-2.37
30.28,1672,193.3,2.223,60.4,-49.74,-2.36
30.32,1674,193.6,1.821,59.6,-49.98,-2.35
30.36,1676,193.61,1.141,56.6,-50.899999,-2.36
30.4,1679,193.67,2.285,54.2,-51.7,-2.37
30.44,1681,193.6,1.653,54.8,-50.499998,-2.38
30.48,1683,193.48,2.224,63.8,-49.239999,-2.37
30.52,1685,193.45,2.016,67.4,-46.999999,-2.37
30.56,1687,193.75,0.98,74.2,-43.479999,-2.35
30.6,1689,194.04,1,85,-39.000001,-2.34
30.64,1691,194.21,1.932,82.2,-40.680001,-2.32
30.68,1694,194.14,1.469,81.2,-44.219999,-2.31
30.72,1696,194.28,1.151,82.2,-43.899999,-2.32
30.76,1698,194.9,1.467,94.8,-37.780001,-2.32
30.8,1700,195.55,1.855,99.4,-27.7,-2.33
30.84,1702,195.84,1.223,99.4,-28.26,-2.33
30.88,1704,195.84,1.125,99.6,-34.279999,-2.35
30.92,1707,196.02,1.501,99.4,-38.279999,-2.36
30.96,1709,196.4,1.939,99.6,-36.84,-2.36
31,1711,196.76,1.675,99.6,-30.599999,-2.37
31.04,1713,197.05,1.655,99.6,-28.040001,-2.39
31.08,1715,197.4,1.122,99.6,-27.400001,-2.41
31.12,1718,197.74,1.108,99.6,-27.76,-2.42
31.16,1720,197.87,1.579,99.8,-28.079999,-2.43
31.2,1722,198.08,1.435,99.8,-27.199999,-2.44
31.24,1724,198.56,1.895,99.8,-27.84,-2.44
31.28,1726,198.89,1.773,99.8,-29.62,-2.43
31.32,1729,199.03,1.285,99.6,-30.9,-2.44
31.36,1731,199.34,0.791,99.6,-30.58,-2.46
31.4,1733,199.81,0.795,99.6,-28.099999,-2.47
31.44,1735,200.06,1.259,99.8,-27.46,-2.49
31.48,1737,200.06,1.447,99.6,-27.48,-2.51
31.52,1740,200.27,1.275,99.6,-26.04,-2.52
31.56,1742,200.59,0.982,99.6,-22.74,-2.52
31.6,1744,200.81,1.13,99.6,-18.899999,-2.5
31.64,1746,200.88,0.746,99.6,-18.66,-2.48
31.68,1749,201.07,0.845,99.6,-18.36,-2.45
31.72,1751,201.5,0.955,99.6,-21.84,-2.43
31.76,1753,201.73,1.051,99.6,-29.4,-2.41
31.8,1755,201.65,1.555,99.6,-37.799998,-2.41
31.84,1757,201.76,1.287,99.6,-35.24,-2.42
31.88,1760,202.36,1.238,99.6,-32.02,-2.43
31.92,1762,202.92,1.468,99.6,-29.42,-2.42
31.96,1764,202.85,1.807,99.6,-28.299999,-2.43
32,1766,202.72,1.855,99.6,-29.1,-2.46
32.04,1769,203.18,1.903,99.6,-29.74,-2.47
32.08,1771,203.65,1.537,99.8,-30.14,-2.48
32.12,1773,203.6,1.373,99.8,-30.219999,-2.5
32.16,1775,203.23,1.387,99.8,-29.619998,-2.51
32.2,1778,203.38,0.915,99.8,-27.7,-2.5
32.24,1780,203.95,1.111,99.8,-25.06,-2.48
32.28,1782,204.3,1.727,99.8,-23.86,-2.47
32.32,1785,204.43,2.173,99.8,-24.42,-2.47
32.36,1787,204.56,1.852,99.8,-25.98,-2.47
32.4,1789,204.66,0.16,100,-26.7,-2.46
32.44,1791,204.65,0.036,100,-27.18,-2.45
32.48,1794,204.76,0.434,100,-25.68,-2.43
32.52,1796,204.97,0.736,100,-23.12,-2.39
32.56,1798,205.14,0.632,100,-20.34,-2.34
32.6,1800,205.31,0.12,100,-18.1,-2.29
32.64,1803,205.46,0.072,100,-17.94,-2.24
32.68,1805,205.69,0.714,100,-20.419999,-2.21
32.72,1807,205.99,0.872,100,-22.979999,-2.18
32.76,1810,206.26,0.473,99.8,-24.16,-2.16
32.8,1812,206.5,0.545,99.8,-23.599999,-2.16
32.84,1814,206.72,0.245,99.8,-23.439999,-2.15
32.88,1816,206.92,0.086,99.8,-22.619999,-2.14
32.92,1819,206.95,0.14,99.8,-21.219999,-2.14
32.96,1821,207.06,0.299,99.8,-19.34,-2.13
33,1823,207.44,0.275,99.8,-17.1,-2.12
33.04,1826,207.6,1.115,99.8,-20.220001,-2.1
33.08,1828,207.56,0.734,99.8,-25.32,-2.09
33.12,1830,207.67,0.702,99.8,-27.68,-2.08
33.16,1833,208,1.075,99.8,-25.6,-2.06
33.2,1835,208.56,0.395,99.8,-20.399999,-2.05
33.24,1837,209.03,1.315,99.8,-19.199999,-2.06
33.28,1839,209.28,1.44,99.8,-21.66,-2.08
33.32,1842,209.28,1.614,99.8,-23.94,-2.11
33.36,1844,209.42,2.277,99.6,-22.94,-2.13
33.4,1846,209.51,3.465,99.6,-16.300001,-2.13
33.44,1849,209.74,3.529,99.6,-13.74,-2.13
33.48,1851,209.89,4.211,99.6,-15.020001,-2.11
33.52,1853,210.11,4.489,99.6,-16.460001,-2.08
33.56,1856,210.2,4.312,99.6,-15.08,-2.04
33.6,1858,210.37,4.6,99.6,-8.6,-2.01
33.64,1860,210.56,5.984,99.6,-7.24,-1.96
33.68,1863,210.42,14.46,99,-6.96,-1.91
33.72,1865,209.57,29.696,63.6,-7.16,-1.85
33.76,1867,208.42,49.583,10.8,-6.3,-1.78
33.8,1870,206.8,70.235,3.4,-1.9,-1.69
33.84,1872,204.5,80.263,3.4,3.7,-1.56
33.88,1874,201.89,79.05,3.4,6.84,-1.42
33.92,1876,198.67,75.614,3.4,8.16,-1.24
33.96,1879,195.12,73.967,3.4,8.78,-1.03
34,1881,192.61,73.115,3.4,10.3,-0.81
34.04,1883,190.87,75.447,3.4,10.379999,-0.59
34.08,1885,188.69,76.183,3.4,9.38,-0.38
34.12,1887,186.35,74.241,3.4,7.3,-0.19
34.16,1889,183.74,69.635,3.4,3.96,-0.03
34.2,1891,181.12,63.475,3.2,-1,0.09
34.24,1893,178.3,62.591,2.4,-1.8,0.18
34.28,1895,175.57,65.715,2.4,0.4,0.25
34.32,1897,172.72,69.327,2.4,4.68,0.3
34.36,1899,170.51,71.407,2.4,9.16,0.34
34.4,1901,168.48,71.435,2.6,11,0.38
34.44,1903,165.94,69.831,2.4,6.68,0.4
34.48,1904,163.4,67.525,2.4,2.96,0.41
34.52,1906,161.08,66.043,2.4,0.72,0.43
34.56,1908,158.06,65.462,2.4,1.36,0.45
34.6,1910,155.58,64.41,2.6,6.8,0.47
34.64,1911,153.84,61.47,2.6,11.92,0.52
34.68,1913,152.05,60.57,2.6,12.66,0.57
34.72,1915,149.87,57.396,2.6,10.62,0.63
34.76,1916,147.84,51.372,2.4,7.66,0.69
34.8,1918,145.86,45.66,2.4,5.9,0.74
34.84,1920,143.96,44.856,2.4,9.42,0.78
34.88,1921,142.1,44.85,2.4,14.86,0.82
34.92,1923,140.65,43.128,2.6,18.38,0.87
34.96,1924,139.39,39.713,2.6,19.359999,0.92
35,1926,138.07,37.165,2.4,20.399999,0.97
35.04,1927,136.52,39.305,2.4,21.68,1.02
35.08,1929,134.8,39.834,2.4,21.039999,1.07
35.12,1930,133.34,42.544,2.4,19.96,1.1
35.16,1932,131.72,46.923,2.4,19.680001,1.13
35.2,1933,130.37,48.155,2.4,21.2,1.16
35.24,1935,128.74,45.647,2.4,22.48,1.19
35.28,1936,126.78,42.11,2.4,23.039999,1.22
35.32,1938,125.03,38.822,2.4,23.279999,1.23
35.36,1939,123.72,36.236,2.4,23.499999,1.23
35.4,1940,122.63,33.98,2.4,23.9,1.25
35.44,1942,121.4,32.096,2.4,27.259999,1.27
35.48,1943,120.61,30.647,2.4,33.979999,1.3
35.52,1944,119.71,27.815,2.4,38.739999,1.36
35.56,1946,118.79,23.761,2.4,40.079999,1.43
35.6,1947,117.95,20.625,2.6,40.399999,1.49
35.64,1948,117.1,15.357,2.8,35.520001,1.53
35.68,1950,116.3,12.807,3.2,27.94,1.57
35.72,1951,115.58,12.257,3.2,27.22,1.59
35.76,1952,114.86,12.498,3.2,37.699999,1.59
35.8,1953,113.87,11.83,3,58.499997,1.6
35.84,1955,112.72,11.766,3,68.660001,1.61
35.88,1956,111.98,12.824,3,75.58,1.63
35.92,1957,111.79,12.14,2.4,75.940001,1.64
35.96,1958,111.54,9.617,2.4,69.640002,1.65
36,1960,111.02,7.925,2.4,59.8,1.68
36.04,1961,110.48,6.709,2.4,56.68,1.7
36.08,1962,110.32,6.147,2.4,49.78,1.71
36.12,1963,110.1,5.565,2.4,44.26,1.73
36.16,1964,109.57,4.863,2.4,45.619999,1.76
36.2,1966,108.94,4.515,2.4,59.699999,1.79
36.24,1967,108.28,5.211,2.4,70.74,1.8
36.28,1968,107.5,5.142,2.4,82.860001,1.83
36.32,1969,106.56,5.5,2.4,90.380001,1.87
36.36,1970,106.07,6.219,2.6,90.7,1.9
36.4,1972,105.74,5.975,2.6,84.299998,1.92
36.44,1973,105.14,4.467,3,83.9,1.95
36.48,1974,104.4,2.977,6.2,86.079999,1.98
36.52,1975,103.94,2.169,9.4,86.719998,1.98
36.56,1976,103.6,1.942,12,85.319999,1.97
36.6,1977,103,1.43,14.4,84.999997,1.95
36.64,1979,102.49,2.186,26.8,85.719997,1.94
36.68,1980,102.32,2.408,31.4,86.199999,1.91
36.72,1981,102.42,2.422,34.8,86.6,1.88
36.76,1982,102.36,2.373,37.6,87.339999,1.86
36.8,1983,102.53,2.225,37.6,89.100002,1.84
36.84,1984,103.02,2.105,38.2,89.179997,1.8
36.88,1985,103.75,2.423,50.8,89.019999,1.78
36.92,1987,104.26,2.493,53.4,89.059999,1.76
36.96,1988,104.77,2.341,57.6,88.799997,1.72
37,1989,105.37,2.705,59.6,86.799997,1.7
37.04,1990,105.89,1.669,55.6,86.560001,1.69
37.08,1991,106.44,2.058,57.4,85.78,1.7
37.12,1992,107.08,2.652,65.4,84.459998,1.71
37.16,1994,107.77,2.832,66.2,82.719996,1.74
37.2,1995,108.26,2.58,65.2,80.799997,1.77
37.24,1996,108.85,3.032,69.2,76.480001,1.83
37.28,1997,109.48,2.74,76.6,66.220002,1.88
37.32,1998,110.24,2.446,99,53.660001,1.91
37.36,2000,110.87,2.294,99.6,42.06,1.93
37.4,2001,111.06,1.83,99.6,34.300001,1.94
37.44,2002,111.28,1.55,99.8,37.340001,1.91
37.48,2003,111.84,0.61,99.6,34.2,1.85
37.52,2005,112.62,0.456,99.4,31.44,1.77
37.56,2006,113.26,0.877,99.6,34.42,1.7
37.6,2007,113.86,0.005,99.8,47.299999,1.64
37.64,2008,114.71,0.537,100,52.099999,1.58
37.68,2010,115.62,0.271,100,50.899998,1.53
37.72,2011,116.41,0.015,100,47.859999,1.5
37.76,2012,116.98,0.025,100,45.62,1.48
37.8,2014,117.54,0.005,100,45.3,1.47
37.84,2015,118.28,0.273,100,45.62,1.46
37.88,2016,118.98,0.298,100,44.68,1.46
37.92,2017,119.71,0.162,100,42.92,1.47
37.96,2019,120.37,0.09,100,40.939999,1.49
38,2020,121.18,0.45,100,39.499998,1.51
38.04,2022,121.93,0.094,100,35.98,1.52
38.08,2023,122.58,0.347,100,32.7,1.53
38.12,2024,123.18,0.369,100,34.06,1.54
38.16,2026,123.92,0.078,100,40.420001,1.56
38.2,2027,124.74,0.15,100,48.099999,1.57
38.24,2028,125.51,0.274,100,45.379999,1.59
38.28,2030,126.34,0.56,99.8,40.2,1.61
38.32,2031,126.98,0.508,99.8,38.24,1.62
38.36,2033,127.69,0.262,99.8,40.120001,1.63
38.4,2034,128.53,0.61,99.8,41.4,1.64
38.44,2035,129.31,0.778,99.6,39.800001,1.66
38.48,2037,130.13,0.334,99.6,35.2,1.68
38.52,2038,130.97,0.226,99.8,32.2,1.7
38.56,2040,131.52,0.553,99.8,32.399999,1.72
38.6,2041,131.99,0.565,99.8,34.399998,1.72
38.64,2043,132.82,0.185,100,30.319999,1.71
38.68,2044,133.69,0.129,99.8,24.859999,1.69
38.72,2046,134.35,0.205,99.8,23.899999,1.67
38.76,2047,134.9,0.242,99.8,28.74,1.67
38.8,2049,135.5,0.09,99.8,36.099998,1.65
38.84,2050,136.46,0.434,99.8,29.14,1.63
38.88,2052,137.32,0.394,99.8,16.3,1.61
38.92,2053,138.02,0.366,99.8,10.34,1.58
38.96,2055,138.56,0.366,99.8,17.36,1.56
39,2056,139.28,0.03,99.8,36.800001,1.53
39.04,2058,140.16,0.322,99.8,43.28,1.52
39.08,2059,141.08,0.332,99.8,41.120001,1.53
39.12,2061,142.12,0.176,99.8,35.480001,1.54
39.16,2063,142.96,0.211,100,30.1,1.56
39.2,2064,143.64,1.035,99.8,27.3,1.58
39.24,2066,144.2,0.331,100,28.420001,1.59
39.28,2067,144.9,0.464,100,26.6,1.59
39.32,2069,145.48,0.404,100,24.12,1.58
39.36,2071,146.15,0.005,100,22.580001,1.55
39.4,2072,146.95,0.005,100,22.9,1.52
39.44,2074,147.8,0.009,100,25.22,1.49
39.48,2076,148.63,0.046,100,30.54,1.49
39.52,2077,149.4,0.212,100,33.459999,1.49
39.56,2079,150.25,0.34,100,31.339998,1.5
39.6,2081,151,0,100,24.3,1.51
39.64,2082,151.72,0.288,100,20.78,1.5
39.68,2084,152.42,0.369,100,19.36,1.49
39.72,2086,153.01,0.501,100,20.2,1.47
39.76,2087,153.6,0.615,100,22.06,1.44
39.8,2089,154.39,0.315,100,22.299999,1.41
39.84,2091,155.29,0.911,100,19.099999,1.38
39.88,2092,155.99,0.496,100,17.16,1.34
39.92,2094,156.54,0.072,100,17.52,1.31
39.96,2096,157.21,0.119,100,19.56,1.26
40,2098,158.18,0.595,100,21.000001,1.23
40.04,2099,158.99,0.667,100,18.52,1.19
40.08,2101,159.58,0.508,100,16.16,1.15
40.12,2103,160.3,0.33,100,15.08,1.12
40.16,2105,161.09,0.241,100,15.3,1.09
40.2,2107,161.84,0.245,100,15.699999,1.06
40.24,2108,162.5,0.465,100,15.859999,1.03
40.28,2110,163.25,0.421,100,15.899999,1.01
40.32,2112,163.99,0.217,100,15.739999,1
40.36,2114,164.71,0.032,100,15.379999,0.99
40.4,2116,165.56,0.12,100,14.9,0.98
40.44,2118,166.26,0.332,100,14.660001,0.97
40.48,2119,166.82,0.427,100,14.42,0.95
40.52,2121,167.44,0.307,100,14.38,0.94
40.56,2123,168.24,0.153,100,14.32,0.92
40.6,2125,169.09,0.425,100,13.599999,0.89
40.64,2127,169.69,0.377,100,13.52,0.87
40.68,2129,170.2,0.146,100,13.26,0.84
40.72,2131,170.8,0.202,100,13.1,0.8
40.76,2133,171.48,0.444,100,12.98,0.77
40.8,2134,172.08,0.2,100,12.5,0.74
40.84,2136,172.52,0.332,100,12.02,0.72
40.88,2138,173.04,0.185,100,12.02,0.72
40.92,2140,173.57,0.317,100,12.26,0.73
40.96,2142,174.22,0.665,100,12.5,0.74
41,2144,175.02,0.545,100,12.5,0.75
41.04,2146,175.63,0.497,100,10.18,0.74
41.08,2148,175.98,0.2,100,5.76,0.71
41.12,2150,176.48,0.054,100,2.4,0.66
41.16,2152,177.1,0.119,100,1.16,0.58
41.2,2154,177.68,0.115,100,1,0.49
41.24,2156,178.37,0.511,100,1.16,0.4
41.28,2158,179.2,0.433,100,1.26,0.31
41.32,2160,179.81,0.227,100,1.3,0.23
41.36,2162,180.22,0.185,100,1.32,0.16
41.4,2164,180.8,0.545,100,1.4,0.1
41.44,2166,181.52,0.253,100,1.32,0.04
41.48,2168,182.12,0.075,100,1.3,0
41.52,2170,182.72,0.159,100,1.3,-0.03
41.56,2172,183.4,0.33,100,1.24,-0.07
41.6,2174,184.1,0.09,100,1,-0.1
41.64,2176,184.75,0.182,100,0.52,-0.13
41.68,2178,185.41,0.538,100,0.46,-0.15
41.72,2180,186.13,0.65,100,0.34,-0.18
41.76,2182,186.7,0.437,100,0,-0.2
41.8,2184,187.13,0.245,100,-0.4,-0.23
41.84,2186,187.68,0.057,100,-0.4,-0.25
41.88,2188,188.24,0.01,100,-0.4,-0.28
41.92,2190,188.83,0.01,100,-0.36,-0.29
41.96,2193,189.5,0.009,100,-0.28,-0.31
42,2195,190.08,0.005,100,-0.2,-0.32
42.04,2197,190.67,0.169,100,-0.2,-0.32
42.08,2199,191.17,0.252,100,-0.26,-0.32
42.12,2201,191.75,0.446,99.8,-0.34,-0.31
42.16,2203,192.34,0.606,100,-0.42,-0.31
42.2,2205,192.95,0.25,100,-0.5,-0.31
42.24,2207,193.49,0.174,100,-0.98,-0.32
42.28,2210,194.02,0.371,100,-2,-0.34
42.32,2212,194.75,0.311,100,-2.84,-0.36
42.36,2214,195.54,0.091,100,-3.22,-0.4
42.4,2216,196.16,0.435,100,-3.3,-0.43
42.44,2218,196.56,0.163,100,-3.38,-0.47
42.48,2220,197.24,0.335,100,-4.6,-0.5
42.52,2223,197.93,0.301,100,-5.56,-0.54
42.56,2225,198.46,0.188,100,-5.92,-0.58
42.6,2227,199.01,0.9,100,-6.4,-0.63
42.64,2229,199.6,0.576,99.8,-6.64,-0.67
42.68,2232,200.06,0.27,100,-7.84,-0.72
42.72,2234,200.58,0.074,99.8,-9.6,-0.78
42.76,2236,201.17,0.124,99.8,-11.12,-0.84
42.8,2238,201.73,0.6,99.8,-11.2,-0.92
42.84,2240,202.02,0.128,100,-10.559999,-0.99
42.88,2243,202.38,0.007,99.8,-8.78,-1.07
42.92,2245,202.69,0.125,99.8,-7.58,-1.13
42.96,2247,202.85,0.256,99.8,-7.62,-1.18
43,2249,203.38,0.06,99.8,-8.5,-1.22
43.04,2252,203.96,0.016,99.8,-8.34,-1.23
43.08,2254,204.11,0.005,99.8,-9.86,-1.22
43.12,2256,204.24,0.193,99.8,-11.82,-1.23
43.16,2259,205.13,0.381,99.8,-12.82,-1.24
43.2,2261,206.21,0.005,99.8,-11.3,-1.25
43.24,2263,206.53,0.245,99.8,-9.14,-1.27
43.28,2265,206.38,0.671,99.8,-9.32,-1.31
43.32,2268,206.75,0.865,99.8,-10.36,-1.33
43.36,2270,207.61,0.656,99.8,-11.56,-1.33
43.4,2272,207.95,0.12,99.8,-13,-1.33
43.44,2275,208.07,0.464,99.8,-12.76,-1.34
43.48,2277,208.45,0.457,99.8,-11.8,-1.36
43.52,2279,209.23,0.359,99.8,-12.24,-1.38
43.56,2282,209.94,0.293,99.8,-14.44,-1.42
43.6,2284,210.13,0.245,99.8,-16.999999,-1.48
43.64,2286,210.41,0.513,99.6,-14.919999,-1.53
43.68,2289,211.02,0.268,99.8,-11.7,-1.57
43.72,2291,211.49,0.29,99.8,-9.9,-1.59
43.76,2293,211.54,0.551,99.6,-10.42,-1.61
43.8,2296,211.78,0.215,99.8,-12.5,-1.61
43.84,2298,212.39,0.187,99.6,-11.7,-1.6
43.88,2300,212.96,0.402,99.6,-11.8,-1.58
43.92,2303,213.31,0.606,99.8,-12.56,-1.59
43.96,2305,213.64,0.553,99.8,-12.82,-1.59
44,2307,214.3,0.005,99.8,-10.5,-1.6
44.04,2310,214.82,0.201,99.8,-8.34,-1.6
44.08,2312,214.96,0.43,99.8,-8.64,-1.59
44.12,2315,215.2,0.546,99.8,-10,-1.57
44.16,2317,215.64,0.552,99.8,-11.04,-1.53
44.2,2319,216.14,0.6,99.8,-10.399999,-1.49
44.24,2322,216.49,0.728,99.6,-8.72,-1.45
44.28,2324,216.86,0.307,99.6,-7.76,-1.42
44.32,2327,217.44,0.101,99.8,-7.4,-1.4
44.36,2329,217.88,0.215,99.8,-7.4,-1.37
44.4,2331,218.04,0.095,99.8,-7.4,-1.35
44.44,2334,218.5,0.187,99.8,-7.24,-1.32
44.48,2336,219.01,0.303,99.8,-7.02,-1.29
44.52,2339,219.43,0.537,99.6,-6.94,-1.27
44.56,2341,219.92,0.648,99.6,-6.74,-1.25
44.6,2344,220.45,0.06,99.8,-5.7,-1.23
44.64,2346,220.73,0.5,99.8,-5.14,-1.2
44.68,2348,220.78,0.625,99.6,-5.3,-1.17
44.72,2351,221.18,0.383,99.8,-5.5,-1.12
44.76,2353,221.82,0.016,99.8,-5.34,-1.08
44.8,2356,222.41,0.06,99.8,-4.7,-1.03
44.84,2358,222.64,0.476,99.6,-4.3,-1
44.88,2361,223.02,0.577,99.8,-5.1,-0.98
44.92,2363,223.63,0.349,99.8,-5.5,-0.96
44.96,2366,224.21,0.01,99.6,-4.86,-0.94
45,2368,224.27,0.01,99.6,-3.5,-0.93
45.04,2371,224.54,0.75,99.6,-4.3,-0.91
45.08,2373,225.23,0.416,99.6,-5.34,-0.89
45.12,2376,225.8,0.236,99.8,-5.86,-0.88
45.16,2378,225.91,0.389,99.6,-5.78,-0.88
45.2,2381,226.38,0.005,99.8,-5.7,-0.88
45.24,2383,227.05,0.513,99.8,-5.7,-0.89
45.28,2386,227.56,0.277,99.8,-5.64,-0.9
45.32,2388,227.87,0.253,99.8,-5.76,-0.93
45.36,2391,228.24,0.508,99.8,-5.96,-0.95
45.4,2393,228.7,0.22,99.8,-5.8,-0.97
45.44,2396,229.1,0.596,99.8,-5.8,-0.99
45.48,2398,229.51,0.843,99.6,-5.8,-1.01
45.52,2401,229.98,0.665,99.8,-5.8,-1.03
45.56,2404,230.34,0.225,99.8,-5.76,-1.03
45.6,2406,230.63,0.145,99.8,-5.6,-1.04
45.64,2409,231.01,0.281,99.8,-5.52,-1.03
45.68,2411,231.48,0.381,99.8,-5.2,-1.02
45.72,2414,231.88,0.353,99.8,-4.92,-1
45.76,2416,232.2,0.196,99.8,-4.8,-0.99
45.8,2419,232.51,0,99.8,-4.8,-0.96
45.84,2422,232.92,0.332,99.8,-4.8,-0.94
45.88,2424,233.32,0.397,99.8,-4.8,-0.93
45.92,2427,233.69,0.365,99.6,-4.8,-0.92
45.96,2429,234.12,0.324,99.8,-4.82,-0.92
46,2432,234.65,0.28,99.8,-4.9,-0.92
46.04,2435,235.09,0.348,99.8,-4.9,-0.93
46.08,2437,235.43,0.218,99.6,-4.9,-0.93
46.12,2440,235.58,0.28,99.6,-5.1,-0.93
46.16,2442,235.96,0.513,99.8,-5.36,-0.94
46.2,2445,236.68,0.485,99.8,-5.2,-0.94
46.24,2448,237.19,0.389,99.8,-4.96,-0.95
46.28,2450,237.34,0.266,99.8,-5.02,-0.97
46.32,2453,237.59,0.204,99.8,-5.02,-0.99
46.36,2456,238.02,0.168,99.8,-5.18,-1
46.4,2458,238.46,0,99.6,-6.3,-1.02
46.44,2461,238.73,0.244,99.8,-6.3,-1.04
46.48,2463,238.97,0.665,99.8,-5.76,-1.05
46.52,2466,239.03,0.665,99.6,-5.32,-1.06
46.56,2469,239.14,0.412,99.6,-5.24,-1.07
46.6,2471,239.5,0.84,99.8,-5.4,-1.07
46.64,2474,240.01,0.32,99.8,-5.48,-1.06
46.68,2477,240.48,0.31,99.8,-5.38,-1.05
46.72,2479,240.79,0.31,99.8,-5.26,-1.04
46.76,2482,240.94,0.285,99.8,-5.24,-1.04
46.8,2485,241.33,0.665,99.8,-5.4,-1.03
46.84,2487,241.8,0.213,99.8,-5,-1.02
46.88,2490,242.1,0.367,99.6,-5.08,-1
46.92,2493,242.32,0.387,99.8,-5.2,-1
46.96,2496,242.78,0.162,99.6,-5.2,-0.98
47,2498,243.12,0.21,99.8,-5.2,-0.98
47.04,2501,243.24,0.446,99.8,-5.44,-0.98
47.08,2504,243.83,0.277,99.8,-5.32,-0.99
47.12,2506,244.63,0.277,99.8,-4.92,-0.99
47.16,2509,244.7,0.481,99.8,-4.76,-1
47.2,2512,244.61,0.385,99.6,-5.8,-1.01
47.24,2514,245.06,0.081,99.6,-6.04,-1.02
47.28,2517,245.77,0.08,99.8,-5.92,-1.03
47.32,2520,246.11,0.21,99.8,-5.8,-1.04
47.36,2523,246.29,0.361,99.8,-5.8,-1.06
47.4,2525,246.66,0.485,99.8,-5.8,-1.07
47.44,2528,247.13,0.681,99.8,-5.8,-1.09
47.48,2531,247.46,0.295,99.8,-5.5,-1.11
47.52,2534,247.74,0.015,99.8,-5.26,-1.12
47.56,2536,247.96,0.031,99.8,-5.24,-1.12
47.6,2539,248.26,0.035,99.8,-5.4,-1.12
47.64,2542,248.66,0.463,99.8,-5.48,-1.12
47.68,2545,249.04,0.444,99.8,-5.5,-1.1
47.72,2547,249.2,0.506,99.8,-5.46,-1.09
47.76,2550,249.43,0.694,99.8,-5.42,-1.08
47.8,2553,249.97,0.57,99.8,-5.5,-1.08
47.84,2556,250.3,0.406,99.8,-5.5,-1.09
47.88,2559,250.42,0.602,99.8,-5.5,-1.1
47.92,2561,250.72,0.576,99.8,-5.42,-1.1
47.96,2564,250.9,0.313,100,-5.16,-1.1
48,2567,250.98,0.365,99.8,-4.6,-1.08
48.04,2570,251.28,0.361,99.8,-4.68,-1.06
48.08,2572,251.93,0.543,99.8,-4.04,-1.03
48.12,2575,252.13,0.679,99.8,-3.48,-1
48.16,2578,252.1,0.606,100,-3.26,-0.96
48.2,2581,252.41,0.23,100,-3.1,-0.93
48.24,2584,252.77,0.078,99.8,-3.02,-0.9
48.28,2586,252.96,0.148,99.8,-2.52,-0.86
48.32,2589,253.3,0.252,100,-1.56,-0.82
48.36,2592,253.64,0.557,100,-0.56,-0.77
48.4,2595,253.67,1.585,99.8,-0.4,-0.71
48.44,2598,253.81,1.649,99.8,-0.56,-0.65
48.48,2601,254.38,0.699,100,-0.12,-0.59
48.52,2603,254.7,1.263,100,0.6,-0.53
48.56,2606,254.58,3.077,99.8,1.16,-0.47
48.6,2609,254.89,3.085,99.8,1,-0.41
48.64,2612,255.32,3.389,100,0.92,-0.36
48.68,2615,255.37,3.744,99.8,1.14,-0.32
48.72,2617,255.37,3.618,99.8,1.54,-0.27
48.76,2620,255.67,3.386,99.8,1.96,-0.23
48.8,2623,256,4.33,99.8,2.2,-0.19
48.84,2626,255.91,7.062,99.8,2.2,-0.15
48.88,2629,255.79,7.358,99.8,2.32,-0.11
48.92,2632,256.18,6.898,99.8,2.72,-0.06
48.96,2635,256.45,7.744,100,3.2,-0.02
49,2637,256.13,12.34,100,3.2,0.03
49.04,2640,256.03,10.86,99.8,3.12,0.07
49.08,2643,256.19,11.471,99.8,3.1,0.11
49.12,2646,255.29,26.119,99.4,3.06,0.13
49.16,2649,253.56,51.662,71,3.02,0.15
49.2,2651,251.62,69.87,29.4,3.1,0.15
49.24,2654,248.81,96.742,3.2,3.02,0.14
49.28,2657,245.06,121.157,3.2,2.88,0.13
49.32,2660,240.71,133.101,3.4,2.56,0.11
49.36,2662,236.38,132.307,2.8,2.04,0.1
49.4,2665,231.83,128.255,3.4,1.4,0.07
49.44,2667,229.16,119.551,2.6,1.64,0.04
49.48,2670,225.49,111.438,3.4,1.7,0.01
49.52,2672,221.82,104.886,3.2,1.7,-0.03
49.56,2675,218.89,100.398,2.4,1.9,-0.06
49.6,2677,216.11,98.01,2.6,2.7,-0.07
49.64,2680,212.21,98.91,3.4,2.86,-0.08
49.68,2682,208.42,98.637,3.2,2.6,-0.07
49.72,2684,204.84,98.357,2.8,2.36,-0.06
49.76,2686,202.16,97.917,2.8,2.16,-0.06
49.8,2689,199.3,95.845,2.8,1.6,-0.06
49.84,2691,195.76,95.093,2.6,1.12,-0.07
49.88,2693,192.06,94.119,2.4,1.18,-0.1
49.92,2695,188.9,93.909,2.4,1.26,-0.13
49.96,2697,185.48,93.651,2.4,1.28,-0.15
50,2699,181.51,90.735,2.4,1.6,-0.17
50.04,2701,178.84,90.219,2.4,1.68,-0.18
50.08,2703,176.45,90.372,2.4,2.48,-0.18
50.12,2705,173.03,90.246,2.4,3.48,-0.19
50.16,2707,168.82,89.541,2.4,4.2,-0.18
50.2,2709,165.56,88.605,2.4,4.2,-0.17
50.24,2711,164.09,82.517,2.4,4.2,-0.15
50.28,2712,162.08,78.643,2.6,4.2,-0.13
50.32,2714,155.9,77.133,2.4,4.2,-0.11
50.36,2716,153.42,77.033,2.4,4.16,-0.08
50.4,2718,152.7,76.285,2.6,4,-0.06
50.44,2719,148.96,77.301,2.4,3.84,-0.06
50.48,2721,145.38,73.925,2.4,3.68,-0.05
50.52,2722,144.68,68.961,2.4,3.52,-0.05
50.56,2724,143.99,64.641,2.8,3.4,-0.05
50.6,2726,140.78,62.625,3,3.4,-0.05
50.64,2727,138.23,56.725,3.2,3.64,-0.06
50.68,2729,136.63,50.048,3.4,3.76,-0.06
50.72,2730,135.16,46.17,3.2,4.4,-0.07
50.76,2732,133.31,45.464,3.2,5.54,-0.06
50.8,2733,129.58,45.1,3.2,6.5,-0.05
50.84,2735,126.42,45.2,2.4,6.66,-0.04
50.88,2736,125.64,42.735,3.4,6.46,-0.02
50.92,2737,125.39,41.705,3.4,5.86,0
50.96,2739,121.68,42.416,3.2,4.64,0.02
51,2740,119.59,41.48,2.6,2.4,0.03
51.04,2741,119.51,39.076,2.4,1.52,0.03
51.08,2743,118.69,38.421,2.4,0.28,0.02
51.12,2744,116.09,38.511,2.4,-0.68,-0.01
51.16,2745,114.12,39.264,2.4,-1.24,-0.03
51.2,2747,113.02,41.52,2.4,-1.8,-0.06
51.24,2748,111.52,43.124,2.4,-2.6,-0.09
51.28,2749,109.63,41.767,2.4,-3.1,-0.12
51.32,2750,108.19,39.613,2.4,-3.26,-0.14
51.36,2751,106.75,38.171,2.4,-3.46,-0.17
51.4,2753,104.94,38.295,2.4,-4.5,-0.2
51.44,2754,103.37,39.115,2.4,-6.58,-0.22
51.48,2755,102.06,38.597,2.4,-10.04,-0.26
51.52,2756,100.78,37.155,2.4,-13.92,-0.3
51.56,2757,99.61,35.981,2.4,-17.799999,-0.35
51.6,2758,98.46,37.045,2.4,-21.8,-0.4
51.64,2759,96.97,36.773,2.4,-21.96,-0.45
51.68,2760,95.57,33.822,2.4,-19.66,-0.5
51.72,2761,94.38,30.93,2.4,-17.58,-0.55
51.76,2762,93.19,29.457,2.4,-17.739999,-0.59
51.8,2763,91.75,29.385,2.4,-21.499999,-0.63
51.84,2764,90.43,30.653,2.4,-25.5,-0.67
51.88,2765,89.21,30.421,2.4,-28.959999,-0.71
51.92,2766,88.22,30.067,2.4,-31.999999,-0.75
51.96,2767,87.28,29.377,2.4,-35.779999,-0.8
52,2768,86.36,26.545,2.4,-42.499998,-0.84
52.04,2769,85.31,23.161,2.4,-45.299999,-0.89
52.08,2770,84.46,22.249,2.4,-47.799999,-0.94
52.12,2771,83.63,21.609,2.4,-50.199999,-1
52.16,2772,82.85,20.337,2.4,-52.719999,-1.05
52.2,2773,81.95,18.825,2.4,-55.600001,-1.1
52.24,2774,81.24,17.457,2.4,-59.279997,-1.15
52.28,2775,80.54,16.89,2.4,-63.799997,-1.2
52.32,2776,79.9,15.544,2.4,-66.119999,-1.25
52.36,2777,79.44,13.34,3,-64.980002,-1.29
52.4,2777,79.09,11.7,3,-60.900002,-1.31
52.44,2778,78.3,11.564,2.8,-62.499999,-1.36
52.48,2779,77.52,10.795,2.8,-70.4,-1.39
52.52,2780,77.08,9.395,2.8,-76.360002,-1.39
52.56,2781,76.5,7.949,2.8,-77.86,-1.41
52.6,2782,75.96,7.625,2.8,-78.099996,-1.44
52.64,2783,75.52,7.621,2.8,-81.3,-1.45
52.68,2783,75.26,7.602,2.8,-86.06,-1.46
52.72,2784,74.92,7.48,2.8,-90.819999,-1.48
52.76,2785,74.45,7.265,3,-96.08,-1.51
52.8,2786,74,7.065,3.2,-104.400002,-1.54
52.84,2787,73.66,6.829,3.2,-107.760001,-1.57
52.88,2787,73.16,7.043,3,-107.4,-1.61
52.92,2788,72.79,6.737,3,-105.199999,-1.65
52.96,2789,72.5,5.926,3,-102.479999,-1.67
53,2790,72.18,5.61,2.8,-100.000001,-1.69
53.04,2791,71.72,4.61,2.8,-101.759999,-1.72
53.08,2791,71.32,3.085,2.8,-107.719997,-1.75
53.12,2792,70.96,1.683,3.2,-115.439996,-1.78
53.16,2793,70.75,0.891,3.4,-125.219995,-1.81
53.2,2794,70.32,1.035,3.2,-140.099993,-1.85
53.24,2795,69.91,1.011,3,-145.139995,-1.91
53.28,2795,69.71,0.699,2.4,-138.840001,-1.93
53.32,2796,69.59,0.597,2.6,-128.560003,-1.92
53.36,2797,69.26,0.768,4,-119.460002,-1.87
53.4,2798,68.53,0.84,5.6,-114.5,-1.79
53.44,2798,67.61,0.248,6,-112.739997,-1.71
53.48,2799,66.7,0.097,7.4,-108.879998,-1.63
53.52,2800,66.29,0.115,7.4,-101.799999,-1.56
53.56,2801,66.13,0.167,7.4,-91.439999,-1.47
53.6,2801,65.99,0.255,8.8,-78.800002,-1.37
53.64,2802,65.52,0.055,17.8,-80.399998,-1.28
53.68,2803,64.96,0.002,20.4,-95.379999,-1.21
53.72,2804,64.9,0.132,20.6,-110.060002,-1.2
53.76,2804,65.4,0.319,20.6,-115.020003,-1.23
53.8,2805,66.2,0.275,22.2,-105.1,-1.29
53.84,2806,66.61,0.179,26.8,-90.140001,-1.35
53.88,2806,66.43,0.38,31.6,-80.760001,-1.41
53.92,2807,66.42,0.318,33.4,-79.28,-1.41
53.96,2808,66.72,0.224,33.2,-82.459998,-1.4
54,2809,67.12,1.12,32.8,-81.499996,-1.39
54.04,2809,67.36,0.228,33.4,-71.979996,-1.39
54.08,2810,67.73,0.008,35.8,-70.379998,-1.38
54.12,2811,68.12,0.114,38.8,-74.579999,-1.36
54.16,2812,68.69,0.331,38.4,-80.399998,-1.34
54.2,2812,69.47,0.575,38.2,-81.599997,-1.3
54.24,2813,70.22,0.119,39.6,-77.119999,-1.27
54.28,2814,70.88,0.218,46.4,-69.279999,-1.24
54.32,2815,71.24,0.35,51.6,-62.439999,-1.2
54.36,2816,71.92,0.268,59,-57.96,-1.15
54.4,2816,72.78,0,79,-54.2,-1.1
54.44,2817,73.7,0.34,96,-53.24,-1.05
54.48,2818,74.64,0.203,99.2,-50.000001,-1.01
54.52,2819,75.68,0.275,99.2,-45.44,-0.97
54.56,2820,76.74,0.485,99.4,-39.619999,-0.93
54.6,2821,77.86,0.005,99.4,-31.700001,-0.88
54.64,2822,78.88,0.417,99.4,-23.22,-0.81
54.68,2822,79.8,0.268,99.6,-11.98,-0.73
54.72,2823,80.7,0.714,99.6,-1.94,-0.61
54.76,2824,81.38,2.143,99.4,7.7,-0.46
54.8,2825,82.36,4.175,99.4,22.500001,-0.28
54.84,2826,83.82,3.227,99.4,32.739999,-0.09
54.88,2827,85.18,2.477,97,41.659998,0.1
54.92,2828,86.18,1.553,88.6,48.059999,0.29
54.96,2829,87.11,0.974,83.2,53.06,0.48
55,2830,88.33,2.15,82.4,60.100002,0.63
55.04,2831,89.42,1.994,78.6,60.740002,0.76
55.08,2832,90.3,1.88,67.8,60.840001,0.88
55.12,2833,91.09,1.732,56,61.440001,0.98
55.16,2834,91.98,1.762,54.2,63.24,1.06
55.2,2835,92.74,2.47,53.6,66.6,1.13
55.24,2836,93.37,2.106,53,66.919997,1.2
55.28,2837,93.89,2.012,41.4,64.36,1.26
55.32,2838,94.26,2.33,30.2,62.440001,1.32
55.36,2839,94.46,2.823,27.4,64.699998,1.37
55.4,2840,94.63,2.875,21.4,74.699996,1.42
55.44,2841,94.86,3.091,24.6,81.499996,1.46
55.48,2842,94.92,3.325,25.2,85.359997,1.5
55.52,2843,94.8,3.263,25,85.759997,1.54
55.56,2844,94.73,3.201,25.6,82.859997,1.58
55.6,2845,94.84,4.045,25,77.499998,1.61
55.64,2846,94.85,3.881,22.2,82.620001,1.66
55.68,2847,94.68,3.999,20,89.3,1.7
55.72,2849,94.58,4.061,20.6,93.499998,1.74
55.76,2850,94.55,4.041,19.2,95.619997,1.76
55.8,2851,94.32,4.225,14,100.499998,1.78
55.84,2852,93.85,4.421,12.2,104.340001,1.8
55.88,2853,93.5,4.098,13.2,105.479999,1.83
55.92,2854,93.49,4.118,13.4,104.719998,1.84
55.96,2855,93.46,4.496,13.4,103.54,1.85
56,2856,92.98,4.4,15.8,104.099999,1.88
56.04,2857,92.48,3.244,19.2,102.82,1.9
56.08,2858,92.22,3.762,20.2,99.92,1.88
56.12,2859,91.87,3.99,22.2,96.48,1.83
56.16,2860,91.31,3.424,24.8,92.619999,1.79
56.2,2861,90.94,3.02,24.2,87.499996,1.73
56.24,2862,90.98,3.256,26,82.059996,1.66
56.28,2863,91.24,3.174,30.6,71.4,1.6
56.32,2864,91.42,2.514,30.4,64.840002,1.59
56.36,2865,91.5,1.6,31,64.880001,1.6
56.4,2866,91.92,1.34,37.6,67.199998,1.61
56.44,2867,92.16,1.976,50.2,59.92,1.62
56.48,2868,91.97,1.004,48,55.399999,1.63
56.52,2869,91.8,0.15,49,53.159999,1.62
56.56,2870,92.24,0.02,50.4,50.04,1.58
56.6,2871,92.77,0.1,50.6,40.2,1.54
56.64,2872,93.24,0.504,49.8,36.44,1.5
56.68,2873,93.59,0.257,53.8,35.079999,1.45
56.72,2874,94,0.115,59.4,34.399999,1.4
56.76,2875,94.45,0.2,59.4,32.6,1.36
56.8,2876,95.06,0,64.2,27.8,1.31
56.84,2877,95.64,0.116,77.8,28.199999,1.24
56.88,2878,96.17,0.058,81,32.08,1.18
56.92,2879,96.84,0.022,96.8,35.04,1.12
56.96,2881,97.94,0.045,99.4,34.599999,1.07
57,2882,99.16,0.005,99.6,30.199999,1.03
57.04,2883,100.27,0.001,99.6,30.68,1.03
57.08,2884,101.21,0,99.8,33.62,1.05
57.12,2885,102.24,0.002,99.8,35.059999,1.08
57.16,2886,103.22,0.114,99.8,32.759998,1.1
57.2,2887,104.18,0.55,99.4,26.199999,1.12
57.24,2888,105,0.278,99.4,24.119999,1.14
57.28,2890,106,0.249,99.6,28.94,1.14
57.32,2891,107.17,0.323,99.8,34.18,1.14
57.36,2892,108.35,0.357,99.8,35.52,1.15
57.4,2893,109.36,0.205,100,30.8,1.16
57.44,2894,110.2,0.305,100,26.32,1.15
57.48,2896,111.05,0.279,100,21.72,1.12
57.52,2897,111.8,0.151,100,18.48,1.05
57.56,2898,112.45,0.01,100,17.3,0.97
57.6,2899,113.28,0.01,100,18.1,0.87
57.64,2901,114.26,0.026,100,17.379999,0.76
57.68,2902,115.32,0.444,100,12.46,0.66
57.72,2903,116.35,0.516,100,6.14,0.57
57.76,2905,117.78,0.18,100,-0.84,0.46
57.8,2906,118.88,0.06,100.2,-9.8,0.37
57.84,2907,119.38,0.448,100.2,-15.24,0.29
57.88,2909,119.68,0.383,100,-18.999999,0.19
57.92,2910,120.67,0.357,100,-19.199999,0.08
57.96,2911,122.12,0.602,100,-15.18,-0.01
58,2913,123.04,1.09,100,-7.5,-0.12
58.04,2914,123.68,0.486,100,-5.9,-0.26
58.08,2915,124.16,0.584,100,-5.02,-0.38
58.12,2917,124.92,0.454,100,-4.22,-0.5
58.16,2918,125.92,0.038,100,-4.68,-0.61
58.2,2920,126.83,0.15,100.2,-9.4,-0.71
58.24,2921,127.66,0.034,100,-14.36,-0.79
58.28,2922,127.98,0.674,100.2,-14.28,-0.85
58.32,2924,128.26,0.674,100.2,-13.36,-0.88
58.36,2925,128.54,0.107,100.2,-14.8,-0.9
58.4,2927,129.43,0.515,100,-20.799999,-0.93
58.44,2928,130.42,0.103,100,-23.76,-0.98
58.48,2930,131.57,0.198,100,-21.919999,-1.03
58.52,2931,132.36,0.2,100,-18.199999,-1.08
58.56,2932,132.78,0.078,100,-14.74,-1.14
58.6,2934,133.2,0.37,100,-12.9,-1.17
58.64,2935,133.74,0.082,100,-14.979999,-1.17
58.68,2937,134.5,0.109,100,-20.54,-1.17
58.72,2938,135.4,0.153,100,-23.94,-1.17
58.76,2940,136.32,0.096,100,-22.760001,-1.18
58.8,2941,137.16,0,100,-17.800001,-1.21
58.84,2943,137.72,0.264,100,-16.76,-1.23
58.88,2945,138.22,0.135,100,-17.76,-1.25
58.92,2946,138.9,0.063,100,-19.2,-1.26
58.96,2948,139.64,0.245,100,-19.96,-1.26
59,2949,140.42,0.625,100,-19.4,-1.27
59.04,2951,141.16,0.321,100,-18.839999,-1.28
59.08,2952,141.8,0.224,100,-18.76,-1.29
59.12,2954,142.18,0.128,100.2,-18.88,-1.3
59.16,2955,142.73,0.059,100,-18.88,-1.3
59.2,2957,143.56,0.275,100.2,-18.4,-1.31
59.24,2959,144.36,0.063,100,-18.639999,-1.31
59.28,2960,144.95,0.253,100.2,-18.819999,-1.33
59.32,2962,145.5,0.455,100,-18.54,-1.34
59.36,2963,146.2,0.478,100.2,-17.600001,-1.35
59.4,2965,146.89,0.33,100,-16,-1.35
59.44,2967,147.48,0.526,100.2,-15.2,-1.35
59.48,2968,148.04,0.614,100.2,-14.82,-1.34
59.52,2970,148.78,0.642,100.2,-14.9,-1.32
59.56,2972,149.41,0.523,100.2,-15.16,-1.31
59.6,2973,149.9,0.035,100.2,-15,-1.29
59.64,2975,150.41,0.535,100.2,-14.6,-1.28
59.68,2977,151.2,0.702,100.2,-14.26,-1.26
59.72,2978,151.96,0.718,100.2,-13.98,-1.25
59.76,2980,152.63,0.779,100.2,-14,-1.26
59.8,2982,153.29,1.095,100.2,-14.800001,-1.27
59.84,2983,153.9,0.635,100.2,-14.800001,-1.28
59.88,2985,154.27,0.829,100.2,-14.800001,-1.27
59.92,2987,154.54,1.311,100.2,-15.640001,-1.26
59.96,2989,155.26,1.728,100,-17.32,-1.26
60,2990,156.42,1.74,100,-19,-1.27
60.04,2992,157.34,1.844,100,-16.6,-1.3
60.08,2994,157.68,2.905,100,-14.08,-1.34
60.12,2996,157.61,5.237,99.6,-13.68,-1.36
60.16,2997,157.39,10.436,99.4,-15.6,-1.36
60.2,2999,157.25,21.38,73.2,-18.000001,-1.34
60.24,3001,156.44,38.592,12.4,-14.64,-1.3
60.28,3003,156.32,47.641,3.4,-9.9,-1.26
60.32,3004,155.92,53.467,3.4,-7.34,-1.24
60.36,3006,154.13,58.24,3.4,-9.92,-1.22
60.4,3008,151.14,61.36,3.4,-19.999999,-1.22
60.44,3009,149.02,57.176,3.4,-22.96,-1.21
60.48,3011,147.97,57.078,3.4,-19.98,-1.2
60.52,3013,146.56,53.426,3.2,-14.46,-1.21
60.56,3014,145.02,45.607,2.4,-9.3,-1.25
60.6,3016,143.84,40.035,2.6,-6.9,-1.29
60.64,3017,142.4,35.747,3.2,-8.34,-1.33
60.68,3019,140.27,28.393,3,-8.04,-1.36
60.72,3020,138.59,20.427,2.4,-5.56,-1.38
60.76,3022,137.93,15.84,2.6,-2.16,-1.37
60.8,3024,137.22,20.16,3.2,-0.8,-1.35
60.84,3025,135.85,30.364,2.8,-9.84,-1.33
60.88,3027,134.02,34.403,2.6,-19.360001,-1.33
60.92,3028,132.28,38.469,2.6,-27.680001,-1.33
60.96,3029,130.94,43.248,2.8,-33.44,-1.34
61,3031,129.72,43.92,2.6,-35.600001,-1.34
61.04,3032,128.03,32.836,2.6,-30.639999,-1.35
61.08,3034,126.92,22.757,2.6,-25.139999,-1.38
61.12,3035,126.62,14.491,2.8,-21.419999,-1.41
61.16,3037,126.23,8.954,3,-20.54,-1.45
61.2,3038,125.51,7.17,2.8,-22.299999,-1.51
61.24,3039,124.46,7.246,3,-27.02,-1.57
61.28,3041,123.47,6.002,3.4,-33.719999,-1.61
61.32,3042,122.95,4.596,3.4,-36.84,-1.64
61.36,3043,122.45,3.858,3.4,-33.580001,-1.64
61.4,3045,121.68,4.29,3.4,-23.9,-1.64
61.44,3046,121.1,3.81,3.2,-23.499999,-1.63
61.48,3047,120.76,3.702,3.4,-23.399999,-1.61
61.52,3049,120.23,3.678,3.4,-24.839999,-1.59
61.56,3050,119.6,3.568,3.2,-27.739999,-1.6
61.6,3051,119.12,3.32,3.2,-30.7,-1.61
61.64,3053,118.98,3.128,3.4,-27.899999,-1.61
61.68,3054,118.58,3.446,3.4,-25.039999,-1.6
61.72,3055,117.76,3.358,3.4,-24.119999,-1.6
61.76,3057,117.11,2.977,3.4,-26.679999,-1.59
61.8,3058,116.74,3.445,3.4,-33.8,-1.58
61.84,3059,116.54,2.989,3.2,-34.279998,-1.56
61.88,3061,116.21,2.632,3,-30.559999,-1.54
61.92,3062,115.44,2.592,2.6,-28.2,-1.53
61.96,3063,114.96,2.652,2.6,-30.179999,-1.52
62,3064,114.74,2.16,3.8,-36.900001,-1.5
62.04,3066,114.48,2.192,8.6,-44.740001,-1.5
62.08,3067,114.01,1.141,10.4,-51.44,-1.5
62.12,3068,113.47,0.443,11.2,-53.8,-1.51
62.16,3069,113.28,0.382,10.6,-51,-1.51
62.2,3071,113.18,0.09,9.6,-44.599998,-1.52
62.24,3072,113.1,0.526,10,-46.679998,-1.53
62.28,3073,112.85,0.617,10,-52.299998,-1.56
62.32,3074,112.2,0.533,11.4,-57.979998,-1.6
62.36,3076,111.95,0.498,8.8,-62.979999,-1.62
62.4,3077,111.7,0.79,2.6,-69.300001,-1.63
62.44,3078,111.19,0.938,3.4,-70.259998,-1.66
62.48,3079,110.58,0.822,3.4,-68.880001,-1.69
62.52,3081,110.47,0.58,2.6,-65.480001,-1.69
62.56,3082,110.47,0.357,3.6,-60.399997,-1.69
62.6,3083,109.64,0.305,10.6,-53.999998,-1.73
62.64,3084,108.91,0.257,17.4,-53.359999,-1.75
62.68,3086,108.61,0.284,16.2,-47.74,-1.74
62.72,3087,108.72,0.306,19.2,-40.1,-1.74
62.76,3088,108.32,0.324,24.8,-31.379999,-1.74
62.8,3089,107.92,0.42,26.4,-20.5,-1.7
62.84,3090,107.84,0.088,25,-12.9,-1.68
62.88,3092,107.59,0.017,24.6,-12.8,-1.69
62.92,3093,107.63,0.209,23.2,-18.64,-1.7
62.96,3094,107.74,0.457,23.4,-23.64,-1.69
63,3095,107.81,0.345,28.2,-15.8,-1.68
63.04,3096,107.35,0.793,31.6,-6.04,-1.68
63.08,3097,107.11,0.365,32.4,-16.8,-1.64
63.12,3099,107.09,0.005,34.6,-35.24,-1.59
63.16,3100,106.88,0.005,37,-54.000001,-1.57
63.2,3101,106.9,0.005,41,-71.200002,-1.56
63.24,3102,107.17,0.241,41.2,-69.680001,-1.54
63.28,3103,108,0.432,41.8,-58.68,-1.53
63.32,3105,108.49,0.542,50.8,-47.119999,-1.53
63.36,3106,108.98,0.516,53.6,-40.299999,-1.5
63.4,3107,109.39,0.28,55.2,-39.899998,-1.48
63.44,3108,109.97,0.324,55.4,-40.379999,-1.47
63.48,3109,110.64,0.26,55.2,-38.04,-1.46
63.52,3111,110.84,0.38,66.8,-33.16,-1.44
63.56,3112,111.06,0.508,70.6,-27.379999,-1.43
63.6,3113,111.46,0,80.6,-23.7,-1.42
63.64,3114,112.24,0.076,93.8,-27.059999,-1.4
63.68,3116,112.85,0.053,99.4,-27.18,-1.4
63.72,3117,113.24,0.197,99.6,-25.74,-1.4
63.76,3118,114,0.491,99.6,-25.14,-1.39
63.8,3119,114.61,0.635,99.4,-28.499999,-1.39
63.84,3121,115.34,0.659,99.4,-27.22,-1.38
63.88,3122,115.93,0.467,99.4,-20.179999,-1.37
63.92,3123,116.45,0.203,99.6,-13.419999,-1.33
63.96,3125,117.2,0.011,99.6,-10.58,-1.28
64,3126,117.7,0.035,99.6,-12.9,-1.24
64.04,3127,118.46,0.155,99.8,-18.739999,-1.21
64.08,3129,119.34,0.116,99.8,-27.52,-1.18
64.12,3130,120.17,0.09,99.8,-32.28,-1.18
64.16,3131,121.04,0.103,99.8,-30.160001,-1.17
64.2,3133,121.86,0.035,100,-22.4,-1.17
64.24,3134,122.48,0.471,99.8,-19.920001,-1.17
64.28,3135,123.37,0.232,100,-19.72,-1.16
64.32,3137,123.79,0.022,100,-21.199999,-1.15
64.36,3138,124.36,0.055,99.8,-22.88,-1.14
64.4,3139,125.27,0.055,100,-22.4,-1.14
64.44,3141,126.2,0.015,100,-20.88,-1.14
64.48,3142,127.06,0.128,99.8,-20.5,-1.14
64.52,3144,127.64,0.128,100,-21.06,-1.14
64.56,3145,128.27,0.108,99.8,-21.659999,-1.14
64.6,3147,129.37,0.52,100,-20.7,-1.15
64.64,3148,130.56,0.176,100,-18.779999,-1.16
64.68,3149,131.34,0.042,99.8,-17.46,-1.19
64.72,3151,131.93,0.01,99.8,-16.14,-1.21
64.76,3152,132.88,0.009,100,-14.7,-1.22
64.8,3154,133.72,0.005,100,-13.5,-1.22
64.84,3155,134.54,0.029,100,-13.1,-1.21
64.88,3157,135.36,0.143,100,-10,-1.19
64.92,3158,136.04,0.133,100,-7.4,-1.14
64.96,3160,136.55,0.009,100,-6.04,-1.07
65,3161,137.26,0.005,100,-4.2,-0.98
65.04,3163,138.2,0.341,100,-2.76,-0.89
65.08,3164,139.16,0.299,100,-0.84,-0.8
65.12,3166,139.98,0.261,100,0.76,-0.7
65.16,3168,140.76,0.561,100.2,2.56,-0.6
65.2,3169,141.64,1.485,100.2,6.4,-0.5
65.24,3171,142.4,0.857,100.2,8.24,-0.38
65.28,3172,143.24,0.997,100.2,12.119999,-0.25
65.32,3174,144.12,1.753,100.2,16.959999,-0.09
65.36,3175,145,2.423,100.2,22.579999,0.07
65.4,3177,145.86,1.755,100.2,29.699998,0.25
65.44,3179,146.87,1.011,100.2,30.019998,0.44
65.48,3180,147.8,0.927,100.2,27.759999,0.63
65.52,3182,148.66,1.059,100.2,25.799999,0.81
65.56,3184,149.46,1.228,100.2,25.32,0.99
65.6,3185,150.19,1.52,100.2,25.8,1.15
65.64,3187,150.8,0.376,100.4,27.72,1.28
65.68,3189,151.39,0.606,100.2,29.22,1.38
65.72,3190,152.04,1.02,100.2,29.5,1.44
65.76,3192,152.77,1.006,100.2,29.079999,1.48
65.8,3194,153.65,0.53,100.2,29.799999,1.53
65.84,3195,154.74,1.614,100.4,31.159999,1.57
65.88,3197,155.53,1.198,100.4,32.1,1.62
65.92,3199,155.82,1.27,100.4,33.46,1.68
65.96,3201,156.19,1.932,100.2,35.279999,1.73
66,3202,156.94,1.4,100.4,36.800001,1.78
66.04,3204,157.74,1.084,100.4,36.800001,1.82
66.08,3206,158.56,1.392,100.2,35.96,1.88
66.12,3208,159.28,1.654,100.2,35.04,1.94
66.16,3209,159.91,1.751,100.2,34.539999,2
66.2,3211,160.39,2.115,100.2,34.700001,2.06
66.24,3213,160.79,1.527,100.2,34.219999,2.1
66.28,3215,161.23,1.338,100.4,31.699998,2.11
66.32,3217,161.71,1.174,100.4,30.019999,2.09
66.36,3218,162.36,1.191,100.6,30.12,2.06
66.4,3220,162.94,2.075,100.4,30.999999,2.04
66.44,3222,163.52,2.803,100.4,31.719999,2.03
66.48,3224,164.3,2.532,100.4,33.459999,2.03
66.52,3226,164.82,1.984,100.4,34.659999,2.03
66.56,3227,165.05,1.762,100.4,34.779999,2.03
66.6,3229,165.5,2.35,100.4,34.300001,2.03
66.64,3231,166.46,1.282,100.2,30.220001,2.02
66.68,3233,167.08,1.795,100.4,29.440001,2.03
66.72,3235,167.35,2.211,100.2,30.600001,2.04
66.76,3237,167.77,3.807,100.2,31.900001,2.05
66.8,3239,167.66,10.815,99.6,31.099999,2.04
66.84,3240,167.03,32.935,70.6,32.059999,2.03
66.88,3242,166.68,44.969,8.6,31.88,2.03
66.92,3244,166.54,53.641,2.4,29.2,2.01
66.96,3246,165.2,59.361,3.4,25.02,1.97
67,3248,163.18,56.225,3.4,22.700001,1.96
67.04,3250,161.88,46.065,2.4,20.699999,1.95
67.08,3251,160.33,45.277,2.8,20.439999,1.92
67.12,3253,158.34,43.469,2.8,21.559999,1.9
67.16,3255,156.73,37.715,2.8,23,1.9
67.2,3257,155.36,32.555,3,23,1.9
67.24,3258,153.53,43.291,3,23,1.87
67.28,3260,151.37,42.639,3.4,23.18,1.86
67.32,3262,149.78,39.171,3.4,23.34,1.84
67.36,3263,148.62,40.611,3.4,24.659999,1.81
67.4,3265,146.94,53.835,3.4,29.699998,1.79
67.44,3267,144.94,51.803,3.4,30.9,1.79
67.48,3268,143.32,48.403,3.4,28.98,1.81
67.52,3270,141.8,45.491,3.4,26.58,1.8
67.56,3271,140.04,42.049,3.4,24.46,1.8
67.6,3273,138.19,34.185,3.4,21.499999,1.8
67.64,3274,136.96,32.837,3.2,21.819999,1.79
67.68,3276,135.74,33.715,3.4,22.2,1.77
67.72,3277,134.34,34.023,3.2,24.4,1.77
67.76,3279,132.77,32.966,3.2,28.120001,1.78
67.8,3280,131.63,31.75,3.2,30.999999,1.77
67.84,3282,130.55,29.67,3.2,25.32,1.75
67.88,3283,129.1,29.18,3.2,25.639999,1.73
67.92,3285,127.58,29.094,3.2,30.919999,1.71
67.96,3286,126.5,29.116,3.2,37.8,1.69
68,3287,125.82,29.84,3.2,40.6,1.68
68.04,3289,124.69,29.516,3.2,35.639998,1.68
68.08,3290,123.3,28.652,3.2,34.58,1.7
68.12,3291,122.39,28.514,3.4,35.660001,1.71
68.16,3293,121.61,29.179,3.2,35.9,1.72
68.2,3294,120.3,29.535,3.4,31.099999,1.72
68.24,3296,118.84,29.215,3.4,26.38,1.74
68.28,3297,117.84,27.659,3.4,27.959999,1.74
68.32,3298,116.76,25.297,3.2,33.32,1.73
68.36,3299,115.58,22.001,3.2,38.78,1.72
68.4,3301,114.47,17.085,3.2,39.499998,1.72
68.44,3302,113.98,14.053,3.2,39.42,1.72
68.48,3303,113.51,13.412,3.4,44.74,1.72
68.52,3304,112.74,14.146,3.4,50.739999,1.74
68.56,3306,112.1,14.94,3.4,54.199998,1.76
68.6,3307,111.44,14.18,3.4,53.4,1.78
68.64,3308,110.72,13.96,3.4,49.479999,1.78
68.68,3309,109.86,14.328,3.4,44.959999,1.78
68.72,3311,109.06,12.794,3.4,42.16,1.77
68.76,3312,108.61,8.976,3.2,43.500001,1.76
68.8,3313,108.22,4.6,3.2,51.499999,1.74
68.84,3314,107.62,3.36,3.4,58.14,1.75
68.88,3315,106.8,3.188,3.2,66.219998,1.76
68.92,3317,106.34,2.854,3.2,72.699998,1.76
68.96,3318,106.08,1.969,3.2,76.7,1.77
69,3319,105.78,0.985,3.4,79.500001,1.79
69.04,3320,105.43,1.025,3.2,76.940002,1.81
69.08,3321,105.19,0.504,3.2,72.819999,1.84
69.12,3322,104.96,0.352,3.2,70.579997,1.88
69.16,3324,104.54,0.62,3.2,71.639999,1.92
69.2,3325,104.09,0.48,3.2,75.400002,1.94
69.24,3326,103.3,0.1,3.2,77.719999,1.94
69.28,3327,102.4,0.005,3.2,75.119997,1.95
69.32,3328,101.71,0.005,3.2,65.879998,1.92
69.36,3329,101.7,0.041,2.6,46.620001,1.85
69.4,3330,101.44,0.185,2.4,12.3,1.79
69.44,3332,100.68,0.597,2.4,13.18,1.75
69.48,3333,99.95,0.445,2.4,36.019999,1.71
69.52,3334,99.58,0.253,2.4,59.46,1.67
69.56,3335,99.29,0.31,3.6,75.460001,1.66
69.6,3336,98.88,0.67,4.2,89.299997,1.66
69.64,3337,98.54,0.554,4.8,96.020002,1.67
69.68,3338,98.4,0.666,4.8,95.659999,1.67
69.72,3339,98.28,0.472,5.4,89.699998,1.69
69.76,3340,98.06,0.318,8.8,80.78,1.72
69.8,3341,97.86,1.43,9.6,72.700001,1.75
69.84,3342,97.51,1.038,9.8,74.459999,1.78
69.88,3344,97.19,0.952,10.8,79.879997,1.82
69.92,3345,96.9,0.804,19.2,81.639997,1.85
69.96,3346,96.83,0.457,25.2,75.699999,1.88
70,3347,96.78,0.005,25,61.299998,1.9
70.04,3348,96.71,0.589,24.2,61.379999,1.92
70.08,3349,96.49,0.678,24,67.519999,1.94
70.12,3350,96.43,0.688,24.4,70.68,1.93
70.16,3351,96.36,0.838,24.8,67.84,1.9
70.2,3352,96.18,1.15,25,61.999997,1.87
70.24,3353,95.92,0.47,24.2,66.560001,1.84
70.28,3354,95.98,1.008,26,69.44,1.79
70.32,3355,96.18,1.51,29.6,69.639998,1.72
70.36,3356,96.11,1.426,29.6,68.419999,1.64
70.4,3357,95.68,0.91,28.6,69.300001,1.59
70.44,3359,95.66,0.578,29.8,69.86,1.53
70.48,3360,96.14,1.059,35,66.100001,1.46
70.52,3361,96.82,1.125,42.2,60.820001,1.39
70.56,3362,97.15,0.681,40.6,56.18,1.32
70.6,3363,97.1,0.765,40,53.699999,1.3
70.64,3364,97.27,1.713,39.8,53.939998,1.33
70.68,3365,98.22,1.077,42.4,47.58,1.34
70.72,3366,98.98,1.021,46.6,38.340001,1.36
70.76,3367,99.02,1.653,40.2,31,1.39
70.8,3368,98.45,1.025,41,31.399998,1.42
70.84,3369,98.59,1.881,44.6,35.64,1.39
70.88,3370,99.38,1.6,48.6,33.460001,1.38
70.92,3372,100.34,1.152,47.8,29.220001,1.38
70.96,3373,100.8,1.043,55,24.4,1.4
71,3374,100.96,1.315,58.2,17.600001,1.41
71.04,3375,101.08,0.531,57.8,4.32,1.4
71.08,3376,101.47,0.14,57.8,-13.7,1.36
71.12,3377,102.01,0.106,59,-29.18,1.29
71.16,3378,102.44,0.383,57.6,-38.100001,1.23
71.2,3379,102.66,0.915,57.8,-39.7,1.2
71.24,3381,102.89,0.783,64.2,-22.98,1.2
71.28,3382,103.39,0.342,68.8,-0.08,1.21
71.32,3383,104.03,0.308,68.6,10.96,1.22
71.36,3384,104.66,0.533,68.8,5.92,1.22
71.4,3385,105.18,0.005,70.8,-5.6,1.21
71.44,3386,105.8,0.389,84,9.52,1.2
71.48,3388,106.6,0.194,99.4,32.859999,1.18
71.52,3389,107.62,0.002,99.6,47.099998,1.16
71.56,3390,108.61,0.005,99.6,45.719999,1.15
71.6,3391,109.67,0.005,99.4,33.000001,1.13
71.64,3392,110.6,0.001,99.4,26.12,1.11
71.68,3394,111.23,0.252,99.6,22.54,1.08
71.72,3395,112,0.254,99.6,21.82,1.06
71.76,3396,112.79,0.076,99.8,23.24,1.04
71.8,3397,113.63,0.36,99.8,25.8,1.03
71.84,3399,114.49,0.076,99.8,25.64,1.02
71.88,3400,115.24,0.005,100,24.399999,1.01
71.92,3401,116.02,0.003,100,23.399999,0.99
71.96,3402,116.7,0.023,100,22.08,0.96
72,3404,117.44,0.115,100,18.000001,0.93
72.04,3405,118.21,0.287,100,15.839999,0.89
72.08,3406,118.96,0.402,100,20.76,0.87
72.12,3408,119.74,0.512,100,28.6,0.86
72.16,3409,120.73,0.616,100,35.519999,0.87
72.2,3410,121.78,0.66,100.2,38,0.87
72.24,3412,123.2,0.324,100,32.88,0.89
72.28,3413,124.19,0.099,100,25.539999,0.89
72.32,3415,125.42,0.335,100.2,19.139999,0.89
72.36,3416,126.77,0.76,100,13.2,0.91
72.4,3417,127.04,0.48,100,3.6,0.93
72.44,3419,126.43,0.14,100,2.56,0.93
72.48,3420,126.47,0.115,100,10.4,0.93
72.52,3422,127.4,0.093,100.2,18.32,0.92
72.56,3423,128.58,0.041,100,21.639999,0.88
72.6,3424,129.61,0.205,100,19.8,0.82
72.64,3426,130.67,0.045,100,14.76,0.76
72.68,3427,131.44,0.005,100.2,9.24,0.69
72.72,3429,132.06,0.003,100,6.44,0.63
72.76,3430,132.79,0.122,100.2,6.94,0.57
72.8,3432,133.84,0.61,100.2,8.7,0.51
72.84,3433,134.94,0.582,100.2,8.62,0.46
72.88,3435,135.71,0.632,100.2,8.54,0.41
72.92,3436,136.66,0.64,100.2,8.02,0.37
72.96,3438,138.25,0.478,100.2,6.1,0.3
73,3439,139.49,0.01,100.2,1.3,0.23
73.04,3441,140.11,0.39,99.8,-1.66,0.16
73.08,3442,140.24,0.419,100.2,-2.58,0.09
73.12,3444,140.8,0.225,100,-2.46,0.02
73.16,3446,141.59,0.023,100,-1.48,-0.03
73.2,3447,142.45,0.115,100,1,-0.06
73.24,3449,143.1,0.119,100.2,0.68,-0.08
73.28,3450,143.84,0.174,100.2,0.6,-0.11
73.32,3452,144.76,0.13,100.2,0.04,-0.14
73.36,3454,145.68,0.092,100.2,-1.14,-0.17
73.4,3455,146.54,0.42,100.2,-2.5,-0.21
73.44,3457,147.35,0.396,100.2,-2.58,-0.26
73.48,3458,148.09,0.318,100.2,-3.02,-0.3
73.52,3460,148.9,0.27,100.2,-3.42,-0.33
73.56,3462,149.83,0.228,100.2,-3.5,-0.36
73.6,3463,150.62,0.06,100.2,-3.1,-0.38
73.64,3465,151.31,0.136,100.2,-3.02,-0.39
73.68,3467,152.12,0.407,100.2,-4.08,-0.41
73.72,3468,153.05,0.405,100.2,-5.72,-0.43
73.76,3470,153.88,0.166,100.2,-7.46,-0.46
73.8,3472,154.62,0.23,100.2,-8.9,-0.49
73.84,3474,155.34,0.054,100.2,-9.14,-0.54
73.88,3475,156.16,0.277,100.4,-10.76,-0.59
73.92,3477,157.08,0.393,100.4,-12.96,-0.66
73.96,3479,157.91,0.242,100.4,-15.12,-0.75
74,3481,158.57,0.01,100.4,-16.799999,-0.84
74.04,3482,159.31,0.418,100.4,-17.2,-0.93
74.08,3484,160.02,0.478,100.4,-17.239999,-1.02
74.12,3486,160.79,0.514,100.4,-17.039999,-1.1
74.16,3488,161.38,0.489,100.4,-17.039999,-1.17
74.2,3490,162.11,0.005,100.4,-18.000001,-1.23
74.24,3491,162.85,0.513,100.4,-19.68,-1.29
74.28,3493,163.5,1.189,100.4,-20.22,-1.34
74.32,3495,164.2,1.711,100.4,-19.62,-1.4
74.36,3497,164.75,1.875,100.4,-18.76,-1.45
74.4,3499,165.4,1.595,100.4,-19.4,-1.49
74.44,3500,165.88,2.579,100.4,-19.320001,-1.54
74.48,3502,166.5,2.411,100.4,-17.86,-1.57
74.52,3504,167.1,2.147,100.4,-17.22,-1.59
74.56,3506,167.5,3.529,100,-17.82,-1.61
74.6,3508,167.76,8.985,99.8,-18.299999,-1.63
74.64,3510,167.76,22.929,89.6,-17.259999,-1.64
74.68,3512,167.39,42.384,38,-15.979999,-1.64
74.72,3513,166.55,59.704,3.4,-15.219999,-1.63
74.76,3515,165.3,69.64,3.4,-14.64,-1.61
74.8,3517,164.28,69.34,3.4,-12.8,-1.58
74.84,3519,162.66,50.852,3.4,-8.56,-1.54
74.88,3521,160.88,46.101,3.4,-6.36,-1.52
74.92,3522,158.93,45.943,3.4,-7.68,-1.51
74.96,3524,157.38,45.475,3.2,-12.22,-1.5
75,3526,155.69,44.035,3,-17.9,-1.5
75.04,3528,154.02,42.399,2.8,-17.339999,-1.49
75.08,3529,152.47,41.588,2.8,-12.94,-1.48
75.12,3531,150.82,41.752,2.4,-10.5,-1.46
75.16,3533,149.11,42.192,2.4,-13.2,-1.45
75.2,3534,147.82,41.36,2.4,-21.6,-1.44
75.24,3536,146.5,38.704,2.4,-21.44,-1.44
75.28,3538,145.01,37.686,2.4,-16.78,-1.44
75.32,3539,143.52,35.302,2.4,-13.74,-1.44
75.36,3541,142.09,31.945,2.4,-15.28,-1.44
75.4,3542,140.53,31.405,2.4,-21.2,-1.44
75.44,3544,139.16,31.017,2.4,-27.200001,-1.46
75.48,3545,138.25,29.102,2.4,-26.96,-1.47
75.52,3547,137.4,26.026,2.4,-22.12,-1.5
75.56,3548,136.31,23.177,2.4,-16.38,-1.53
75.6,3550,135.18,22.965,2.4,-15.499999,-1.55
75.64,3551,134.06,23.097,2.4,-20.54,-1.58
75.68,3553,132.79,25.815,2.4,-28.16,-1.59
75.72,3554,131.58,29.631,2.6,-33.68,-1.61
75.76,3556,130.52,34.086,3,-34.360001,-1.61
75.8,3557,129.24,39.75,3.2,-29.399999,-1.61
75.84,3559,127.96,41.402,3,-26.279999,-1.61
75.88,3560,126.53,41.515,3,-24.359999,-1.61
75.92,3561,124.93,39.415,3,-22.519999,-1.61
75.96,3563,123.66,35.898,2.8,-20.62,-1.62
76,3564,122.62,33.23,2.8,-19.500001,-1.65
76.04,3566,121.25,32.738,2.8,-23.260001,-1.67
76.08,3567,119.83,31.502,2.8,-28.220001,-1.72
76.12,3568,118.6,29.372,2.6,-31.020001,-1.76
76.16,3570,117.61,27.143,2.6,-29.12,-1.78
76.2,3571,116.68,26.555,2.4,-20.799999,-1.78
76.24,3572,115.49,25.315,2.4,-11.84,-1.77
76.28,3573,114.41,25.245,2.4,-6.9,-1.75
76.32,3575,113.39,25.543,2.4,-9.46,-1.74
76.36,3576,111.95,25.574,2.4,-19.08,-1.74
76.4,3577,110.84,24.87,2.4,-31.399998,-1.75
76.44,3578,109.92,22.694,2.4,-33.479999,-1.76
76.48,3580,109.01,21.952,2.4,-36.7,-1.78
76.52,3581,108.02,21.282,2.4,-41.700001,-1.79
76.56,3582,107.29,20.171,2.4,-47.4,-1.81
76.6,3583,106.82,18.955,2.8,-50.999998,-1.8
76.64,3584,106.04,17.555,2.6,-50.039999,-1.81
76.68,3585,105.25,14.805,2.8,-47.4,-1.82
76.72,3587,104.51,12.009,3.2,-43.600001,-1.82
76.76,3588,104.15,10.163,3.4,-41,-1.81
76.8,3589,103.38,9.955,3.2,-43.799998,-1.81
76.84,3590,102.54,9.111,3.2,-51.08,-1.83
76.88,3591,101.75,8.789,3.2,-61.720001,-1.83
76.92,3592,101.12,8.997,3.2,-68.680001,-1.83
76.96,3593,100.21,9.51,3.2,-69.600002,-1.83
77,3595,99.4,9.87,3,-66.800001,-1.84
77.04,3596,99.12,6.298,3.2,-61.599998,-1.83
77.08,3597,98.89,3.998,3.2,-53.759998,-1.83
77.12,3598,98.45,2.844,3,-53.839999,-1.83
77.16,3599,97.72,2.564,3,-65.079999,-1.84
77.2,3600,97.07,2.74,3.2,-83.399998,-1.83
77.24,3601,96.26,3.036,3,-89.8,-1.82
77.28,3602,95.46,3.377,3,-94.879999,-1.82
77.32,3603,94.88,3.439,3.2,-98.279999,-1.81
77.36,3604,94.57,3.295,3,-99.86,-1.8
77.4,3605,94.21,3.415,2.4,-99.699998,-1.8
77.44,3606,93.7,2.267,2.4,-98.819996,-1.8
77.48,3607,93.08,1.584,2.4,-99.199997,-1.8
77.52,3608,92.64,1.316,2.4,-99.519999,-1.8
77.56,3609,92.23,1.273,2.4,-99.920002,-1.8
77.6,3610,91.9,1.125,2.8,-101.999996,-1.8
77.64,3611,91.31,0.257,7,-103.519998,-1.81
77.68,3612,90.74,0.619,8.4,-101.68,-1.82
77.72,3613,90.3,0.705,11.6,-99.720001,-1.82
77.76,3614,89.63,0.412,14.6,-98.979999,-1.82
77.8,3615,89.12,1.04,18.4,-98.899999,-1.82
77.84,3616,88.8,0.392,18.6,-94.819999,-1.81
77.88,3617,88.79,0.296,23.4,-85.519998,-1.8
77.92,3618,88.67,0.414,29.4,-78.719998,-1.79
77.96,3619,88.56,0.451,30.6,-77.72,-1.78
78,3620,88.54,0.155,30.8,-81.400002,-1.78
78.04,3621,88.67,0.395,31.8,-83.16,-1.78
78.08,3622,88.78,0.728,33.6,-81.919998,-1.78
78.12,3623,88.9,0.742,36.4,-80.079997,-1.78
78.16,3624,89.1,0.447,37.8,-79.119998,-1.77
78.2,3625,89.36,0.275,38.6,-79.600001,-1.76
78.24,3626,89.7,0.223,45.6,-78.160001,-1.74
78.28,3627,90,0.234,47.8,-76.539999,-1.72
78.32,3628,90.5,0.222,50.8,-75.499998,-1.71
78.36,3629,90.91,0.185,52,-74.72,-1.7
78.4,3630,91.57,0.205,52.8,-72.800002,-1.67
78.44,3631,91.92,0.185,54.2,-70.880003,-1.66
78.48,3632,92.47,0.075,53.6,-69.02,-1.65
78.52,3633,93.02,0.003,53.6,-65.54,-1.65
78.56,3634,93.95,0.127,54.2,-58.680002,-1.63
78.6,3635,94.48,0.635,55.2,-46.6,-1.62
78.64,3637,94.93,0.271,58,-39.559998,-1.6
78.68,3638,95.2,0.072,61.2,-31.499999,-1.57
78.72,3639,95.71,0.084,62.6,-27.1,-1.53
78.76,3640,96.11,0.252,66.4,-28.219999,-1.5
78.8,3641,96.83,0.42,71.6,-33.900001,-1.47
78.84,3642,97.6,0.108,81.6,-33.74,-1.44
78.88,3643,98.68,0.012,89.4,-23.62,-1.41
78.92,3644,99.44,0.002,93.8,-14.62,-1.38
78.96,3645,100.19,0.005,99.4,-10.76,-1.34
79,3646,100.75,0.005,99.4,-9,-1.29
79.04,3647,101.64,0.241,99.6,-7.48,-1.23
79.08,3649,102.59,0.504,99.6,-15.440001,-1.18
79.12,3650,103.82,0.482,99.4,-25.88,-1.15
79.16,3651,105.11,0.232,99.4,-33.079999,-1.12
79.2,3652,106.26,0.18,99.6,-32.600001,-1.1
79.24,3653,107.3,0.744,99.8,-28.36,-1.09
79.28,3654,108.19,0.36,100,-27.239999,-1.09
79.32,3656,109.27,0.466,100,-27.359999,-1.08
79.36,3657,110.22,1.054,100,-26.8,-1.06
79.4,3658,111.22,0.67,100.2,-23.599999,-1.06
79.44,3659,112.18,0.33,100.2,-22,-1.06
79.48,3661,113.29,0.749,100,-21.6,-1.07
79.52,3662,114.37,0.929,100.2,-22.32,-1.06
79.56,3663,115.07,0.647,100.2,-23.219999,-1.06
79.6,3664,115.98,0.455,100.2,-22.500001,-1.05
79.64,3666,117.01,0.479,100.2,-19.54,-1.02
79.68,3667,118.16,0.2,100.2,-16.159999,-0.99
79.72,3668,119.09,0.372,100.2,-14.599999,-0.95
79.76,3670,119.86,0.982,100.2,-15.58,-0.92
79.8,3671,120.82,1.25,100.2,-18.299999,-0.9
79.84,3672,122.02,1.046,100,-20.38,-0.9
79.88,3674,122.95,0.89,100.2,-21.259999,-0.9
79.92,3675,124.14,0.492,100.2,-19.979999,-0.92
79.96,3676,125.12,0.001,100.2,-17.34,-0.95
80,3678,125.89,0.005,100.2,-15.899999,-0.99
80.04,3679,126.9,0.685,100.2,-17.5,-1.02
80.08,3681,127.87,0.432,100,-18.2,-1.04
80.12,3682,128.8,0.124,100.2,-18.32,-1.06
80.16,3684,129.86,0.244,100.2,-18.18,-1.08
80.2,3685,130.72,0.88,100,-18.1,-1.08
80.24,3686,131.65,0.592,100.2,-16.58,-1.07
80.28,3688,132.68,0.739,100.2,-13.74,-1.06
80.32,3689,133.55,0.795,100.2,-11.74,-1.04
80.36,3691,134.3,0.595,100,-11.46,-1.01
80.4,3692,135.02,0.335,100.2,-12.5,-0.97
80.44,3694,135.54,0.071,100.2,-12.42,-0.95
80.48,3695,136.08,0.146,100,-10.72,-0.92
80.52,3697,136.84,0.496,100,-9.36,-0.89
80.56,3698,137.56,0.839,100.2,-9.3,-0.86
80.6,3700,138.38,0.675,100,-10.5,-0.83
80.64,3701,139.16,0.139,100,-11.38,-0.82
80.68,3703,140.03,0.167,100,-12.56,-0.82
80.72,3705,141.01,0.169,100,-12.64,-0.84
80.76,3706,141.92,0.057,100,-11.48,-0.85
80.8,3708,142.63,0.245,100,-10.2,-0.86
80.84,3709,143.56,0.057,100,-10.84,-0.86
80.88,3711,144.36,0.382,100,-10.28,-0.84
80.92,3713,144.98,0.556,100,-8.56,-0.8
80.96,3714,145.73,0.386,99.8,-6.04,-0.76
81,3716,146.51,0.15,100,-3.4,-0.71
81.04,3717,147.25,0.078,100,-3.24,-0.67
81.08,3719,147.95,0.024,99.8,-6.56,-0.64
81.12,3721,148.75,0.178,99.6,-10.32,-0.61
81.16,3722,149.65,0.507,99.6,-11.88,-0.58
81.2,3724,150.49,0.755,99.6,-9,-0.55
81.24,3726,151.34,0.327,99.8,-6.44,-0.53
81.28,3727,151.96,0.652,100,-4.3,-0.5
81.32,3729,152.66,0.65,100.2,-3.94,-0.47
81.36,3731,153.44,0.174,100,-5.42,-0.43
81.4,3732,154.37,0.01,99.6,-7.5,-0.39
81.44,3734,155.36,0.462,99.6,-8.3,-0.35
81.48,3736,156.19,0.233,100,-7.96,-0.31
81.52,3738,156.78,0.005,100.2,-7.36,-0.27
81.56,3739,157.54,0.154,99.4,-7.02,-0.24
81.6,3741,158.24,0.75,99.6,-7.1,-0.22
81.64,3743,158.87,0.302,100.2,-8.86,-0.21
81.68,3745,159.35,0.082,99.6,-11.82,-0.22
81.72,3746,160.24,0.176,99.8,-13.66,-0.23
81.76,3748,160.98,0.497,100.2,-13.1,-0.24
81.8,3750,161.56,0.785,99.6,-9.9,-0.25
81.84,3752,162.08,0.301,100.2,-8.46,-0.26
81.88,3754,162.8,0.45,99.6,-7.56,-0.27
81.92,3755,163.7,0.38,100.2,-6.96,-0.27
81.96,3757,164.22,0.046,99.8,-6.38,-0.27
82,3759,164.66,0.21,100,-5.5,-0.27
82.04,3761,165.42,0.234,99.6,-5.5,-0.27
82.08,3763,166.26,0.582,100.2,-4.3,-0.25
82.12,3765,166.91,0.488,100,-2.98,-0.24
82.16,3766,167.33,0.011,99.8,-2.18,-0.22
82.2,3768,167.98,0.035,100.2,-2.1,-0.2
82.24,3770,168.64,0.591,99.8,-1.54,-0.18
82.28,3772,169.2,0.295,99.8,0.46,-0.16
82.32,3774,169.98,0.195,100,2.38,-0.12
82.36,3776,170.66,0.487,100,3.48,-0.09
82.4,3778,171.31,0.515,100,3.8,-0.04
82.44,3780,172.02,0.207,100,3.88,0
82.48,3782,172.61,0.382,100,3.84,0.04
82.52,3784,172.98,0.46,100,3.8,0.08
82.56,3785,173.5,0.261,100,3.8,0.12
82.6,3787,173.92,0.005,100,3.8,0.15
82.64,3789,174.28,0.009,100,3.56,0.16
82.68,3791,174.74,0.007,100,3.56,0.17
82.72,3793,175.51,0.149,99.8,3.6,0.17
82.76,3795,176.28,0.334,99.8,3.56,0.15
82.8,3797,176.9,0.21,99.8,3.4,0.14
82.84,3799,177.55,0.042,100,3.48,0.12
82.88,3801,178.1,0.057,100,3.5,0.1
82.92,3803,178.6,0.105,100,3.46,0.08
82.96,3805,179.11,0.097,99.8,3.42,0.07
83,3807,179.78,0.005,100,3.5,0.07
83.04,3809,180.46,0.221,99.8,3.5,0.06
83.08,3811,181.14,0.182,100,3.44,0.06
83.12,3813,181.74,0.188,99.8,3.4,0.06
83.16,3815,182.3,0.233,100,3.42,0.06
83.2,3817,182.83,0.005,99.8,3.5,0.07
83.24,3819,183.4,0.245,99.8,3.5,0.07
83.28,3821,183.88,0.194,99.8,3.5,0.07
83.32,3823,184.39,0.086,100,3.54,0.07
83.36,3825,185.02,0.083,99.8,3.58,0.07
83.4,3827,185.64,0.275,99.8,3.5,0.07
83.44,3829,186.25,0.199,99.8,3.58,0.07
83.48,3831,186.85,0.237,99.8,3.54,0.07
83.52,3833,187.43,0.311,99.8,3.5,0.08
83.56,3836,188.02,0.293,99.8,3.5,0.09
83.6,3838,188.57,0.005,99.8,3.5,0.1
83.64,3840,189.1,0.145,99.8,3.5,0.12
83.68,3842,189.68,0.309,99.8,3.5,0.13
83.72,3844,190.28,0.493,99.8,3.46,0.14
83.76,3846,190.85,0.572,99.8,3.42,0.15
83.8,3848,191.39,0.3,99.8,3.5,0.15
83.84,3850,191.93,0.42,99.8,3.5,0.15
83.88,3852,192.46,0.267,99.8,3.44,0.15
83.92,3855,193,0.089,99.8,3.44,0.14
83.96,3857,193.54,0.064,99.8,3.46,0.13
84,3859,194.09,0.3,99.8,3.3,0.11
84.04,3861,194.63,0.44,99.8,3.14,0.1
84.08,3863,195.13,0.28,99.8,3.28,0.09
84.12,3865,195.62,0.258,99.8,3.4,0.09
84.16,3868,196.16,0.338,99.8,3.4,0.09
84.2,3870,196.74,0.01,99.8,3.4,0.08
84.24,3872,197.2,0.53,99.8,3.32,0.07
84.28,3874,197.63,0.576,99.8,3.36,0.07
84.32,3876,198.14,0.312,99.8,3.4,0.07
84.36,3879,198.8,0.084,99.8,3.38,0.07
84.4,3881,199.43,0.42,99.8,3.3,0.07
84.44,3883,199.93,0.524,99.8,3.3,0.08
84.48,3885,200.53,0.223,99.8,3.36,0.08
84.52,3887,201.1,0.003,100,3.4,0.08
84.56,3890,201.53,0.125,99.8,3.38,0.08
84.6,3892,201.94,0.625,99.8,3.3,0.08
84.64,3894,202.38,0.541,100,3.3,0.08
84.68,3896,202.69,0.466,100,3.3,0.08
84.72,3899,203.05,0.522,99.8,3.26,0.09
84.76,3901,203.35,0.673,99.8,3.22,0.09
84.8,3903,203.8,0.725,99.8,3.3,0.1
84.84,3905,204.28,0.317,100,3.3,0.1
84.88,3908,204.79,0.212,100,3.18,0.09
84.92,3910,205.16,0.128,99.8,2.98,0.08
84.96,3912,205.61,0.088,99.8,2.72,0.07
85,3915,205.99,0.42,99.8,2.4,0.05
85.04,3917,206.36,0.376,99.8,2.4,0.03
85.08,3919,206.84,0.419,99.8,2.22,0.01
85.12,3921,207.52,0.297,99.8,2.1,0
85.16,3924,208.02,0.067,99.8,2.14,-0.01
85.2,3926,208.26,0.095,99.8,2.3,-0.02
85.24,3928,208.79,0.023,99.8,2.38,-0.02
85.28,3931,209.29,0.185,99.8,2.4,-0.01
85.32,3933,209.6,0.219,99.8,2.36,-0.01
85.36,3935,210.02,0.144,99.8,2.32,-0.01
85.4,3938,210.58,0.36,99.8,2.4,-0.01
85.44,3940,210.79,0.076,99.8,2.4,0
85.48,3942,211.1,0.239,99.8,2.4,-0.01
85.52,3945,211.86,0.305,99.8,2.36,-0.01
85.56,3947,212.34,0.186,99.8,2.28,-0.01
85.6,3949,212.54,0.25,99.8,2.2,-0.02
85.64,3952,212.92,0.342,99.8,2.2,-0.03
85.68,3954,213.54,0.56,99.8,2.26,-0.02
85.72,3956,214.12,0.462,99.8,2.3,-0.02
85.76,3959,214.24,0.139,99.8,2.3,-0.01
85.8,3961,214.43,0.215,99.6,2.3,-0.02
85.84,3964,215.2,0.455,99.8,2.3,-0.01
85.88,3966,215.82,0.548,99.8,2.3,-0.01
85.92,3968,216.02,0.414,99.8,2.3,-0.02
85.96,3971,216.3,0.168,99.8,2.3,-0.02
86,3973,216.79,0.12,99.8,2.3,-0.01
86.04,3976,217.33,0.028,99.8,2.3,0
86.08,3978,217.67,0.008,99.8,2.36,0
86.12,3980,217.99,0.008,99.8,2.32,0.01
86.16,3983,218.63,0.011,99.8,2.22,0.01
86.2,3985,219.07,0.035,99.8,2.3,0.01
86.24,3988,219.29,0.255,99.6,2.3,0.02
86.28,3990,219.59,0.16,99.8,2.3,0.02
86.32,3993,220.12,0.072,99.8,2.3,0.02
86.36,3995,220.48,0.206,99.8,2.3,0.03
86.4,3997,220.63,0.67,99.8,2.3,0.03
86.44,4000,221.12,0.498,99.8,2.22,0.02
86.48,4002,221.56,0.494,99.8,2.26,0.02
86.52,4005,222.05,0.444,99.8,2.3,0.01
86.56,4007,222.29,0.266,99.6,2.3,0
86.6,4010,222.62,0.01,99.8,2.3,-0.01
86.64,4012,223.13,0.61,99.8,2.3,-0.01
86.68,4015,223.76,0.613,99.8,2.24,-0.01
86.72,4017,223.88,0.311,99.8,2.28,-0.01
86.76,4020,224.09,0.046,99.8,2.4,-0.01
86.8,4022,224.53,0.21,99.8,2.4,-0.01
86.84,4025,225.14,0.726,99.8,2.32,0
86.88,4027,225.37,0.345,99.8,2.36,0.01
86.92,4030,225.79,0.055,99.8,2.32,0.01
86.96,4032,226.27,0.105,99.8,2.22,0.01
87,4035,226.66,0.005,99.8,2.3,0.01
87.04,4037,226.9,0.049,99.8,2.3,0
87.08,4040,227.23,0.147,99.8,2.3,0
87.12,4042,227.69,0.221,99.8,2.26,0.01
87.16,4045,228.01,0.197,99.8,2.24,0.02
87.2,4047,228.24,0.005,99.8,2.4,0.02
87.24,4050,228.54,0.341,99.8,2.32,0.02
87.28,4052,228.91,0.176,99.8,2.3,0.02
87.32,4055,229.44,0.126,99.8,2.3,0.03
87.36,4058,229.85,0.313,99.8,2.3,0.03
87.4,4060,230.08,0.365,99.8,2.3,0.03
87.44,4063,230.29,0.077,99.8,2.3,0.03
87.48,4065,230.7,0.053,99.8,2.36,0.02
87.52,4068,231.16,0.305,99.8,2.36,0.01
87.56,4070,231.52,0.63,99.8,2.3,0
87.6,4073,231.85,0.61,99.8,2.3,-0.01
87.64,4075,232.22,0.126,99.8,2.3,-0.02
87.68,4078,232.68,0.005,99.8,2.3,-0.02
87.72,4081,232.91,0.085,99.8,2.34,-0.01
87.76,4083,233.16,0.279,99.8,2.36,-0.01
87.8,4086,233.6,0.575,99.8,2.2,0
87.84,4088,234.1,0.235,99.8,2.28,0
87.88,4091,234.28,0.333,99.8,2.3,0
87.92,4094,234.52,0.455,99.8,2.3,0
87.96,4096,234.97,0.424,99.8,2.3,0
88,4099,235.33,0.3,99.8,2.3,0
88.04,4101,235.44,0.18,99.8,2.3,0
88.08,4104,235.76,0.333,99.8,2.3,0.01
88.12,4107,236.29,0.407,99.8,2.3,0.02
88.16,4109,236.72,0.286,99.8,2.3,0.02
88.2,4112,236.77,0.09,99.8,2.3,0.03
88.24,4115,237.08,0.194,99.8,2.3,0.03
88.28,4117,237.66,0.184,99.8,2.3,0.02
88.32,4120,237.71,0.388,99.8,2.3,0.01
88.36,4122,237.34,0.613,99.8,2.3,0
88.4,4125,237.53,0.145,99.6,2.3,0
88.44,4128,238.3,0.561,99.8,2.3,0
88.48,4130,238.63,0.272,99.8,2.3,0
88.52,4133,238.63,0.008,99.8,2.3,0
88.56,4136,239.04,0.137,99.8,2.32,0
88.6,4138,239.41,0.665,99.8,2.4,0
88.64,4141,239.47,0.317,99.8,2.32,0
88.68,4144,239.58,0.092,99.6,2,-0.01
88.72,4146,240.24,0.124,99.8,1.92,-0.02
88.76,4149,240.6,0.386,99.8,2.1,-0.03
88.8,4152,240.78,0.69,99.8,2.1,-0.05
88.84,4154,241,0.386,99.8,2.18,-0.06
88.88,4157,241.45,0.427,99.8,2.2,-0.07
88.92,4160,241.69,0.307,99.8,2.2,-0.07
88.96,4162,241.96,0.104,99.6,2.2,-0.06
89,4165,242.18,0.48,99.8,2.2,-0.04
89.04,4168,242.48,0.1,99.8,2.28,-0.02
89.08,4170,242.76,0.074,99.8,2.18,0
89.12,4173,242.98,0.242,99.8,2.1,0.01
89.16,4176,243.5,0.371,99.8,2.1,0.03
89.2,4179,243.59,0.155,99.8,2.1,0.04
89.24,4181,243.6,0.539,99.8,2.34,0.04
89.28,4184,243.82,0.254,99.8,2.28,0.04
89.32,4187,244.7,0.004,99.4,2.2,0.05
89.36,4189,244.67,0.514,99.8,2.18,0.06
89.4,4192,244.5,2.53,99.6,2.1,0.05
89.44,4195,244.79,1.082,99.8,2.18,0.05
89.48,4197,245.63,0.342,100,2.2,0.05
89.52,4200,245.83,0.214,99.8,2.2,0.04
89.56,4203,245.87,0.611,99.6,2.2,0.04
89.6,4206,246.35,1.455,99.8,2.2,0.03
89.64,4208,246.67,0.319,99.8,2.12,0.02
89.68,4211,246.7,0.032,99.8,2.16,0.02
89.72,4214,246.76,0.022,99.8,2.2,0.02
89.76,4217,247.26,0.049,99.8,2.2,0.02
89.8,4219,247.63,0.205,99.8,2.2,0.02
89.84,4222,247.67,0.773,99.8,2.2,0.02
89.88,4225,248.03,0.747,99.8,2.14,0.02
89.92,4228,248.53,0.665,99.4,2.1,0.03
89.96,4230,248.64,0.69,100,2.1,0.02
90,4233,248.48,0.61,99.8,2.1,0.02
90.04,4236,248.7,0.366,99.8,2.1,0.02
90.08,4239,249.18,0.212,99.8,2.16,0.02
90.12,4241,249.13,0.094,99.8,2.2,0.01
90.16,4244,249.43,0.008,99.6,2.2,0.01
90.2,4247,249.95,0,99.8,2.2,0.01
90.24,4250,250.28,0.092,99.8,2.2,0.01
90.28,4253,250.62,0.124,99.8,2.2,0
90.32,4255,250.78,0.08,99.8,2.2,-0.01
90.36,4258,251.12,0.012,99.8,2.2,-0.01
90.4,4261,251.6,0.04,99.8,2.2,-0.02
90.44,4264,251.65,0.016,99.8,2.2,-0.03
90.48,4266,251.64,0.007,99.8,2.2,-0.03
90.52,4269,252.11,0.185,99.8,2.16,-0.03
90.56,4272,252.38,0.431,99.8,2.12,-0.03
90.6,4275,252.29,0.335,99.8,2.2,-0.02
90.64,4278,252.22,0.531,99.8,2.12,-0.01
90.68,4280,252.76,0.799,99.8,2.1,-0.01
90.72,4283,253.01,0.931,99.8,2.14,0
90.76,4286,252.85,0.774,99.6,2.18,0
90.8,4289,253.24,0.23,99.6,2.1,0.01
90.84,4292,253.84,0.05,99.8,2.18,0.02
90.88,4294,253.99,0.185,99.8,2.2,0.02
90.92,4297,254.27,0.279,99.8,2.16,0.02
90.96,4300,254.48,0.227,99.8,2.12,0.03
91,4303,254.81,0.175,99.8,2.2,0.03
91.04,4306,255.06,0.035,99.8,2.2,0.02
91.08,4309,255.11,0.003,99.8,2.2,0.02
91.12,4311,255.38,0.211,99.8,2.16,0.02
91.16,4314,255.77,0.445,99.8,2.12,0.02
91.2,4317,256,0.145,99.8,2.2,0.02
91.24,4320,256.08,0.269,99.8,2.2,0.02
91.28,4323,256.44,0.126,99.8,2.2,0.02
91.32,4326,256.69,0.098,99.8,2.16,0.03
91.36,4329,256.88,0.195,99.8,2.12,0.04
91.4,4331,256.88,0.055,99.8,2.2,0.04
91.44,4334,257.02,0.011,99.8,2.28,0.06
91.48,4337,257.36,0.339,99.8,2.3,0.06
91.52,4340,257.54,0.433,99.8,2.26,0.07
91.56,4343,257.5,0.19,99.6,2.2,0.07
91.6,4346,257.69,0.01,99.6,2.2,0.06
91.64,4348,258.2,0.414,99.8,2.2,0.05
91.68,4351,258.46,0.206,99.6,2.2,0.04
91.72,4354,258.56,0.122,99.6,2.16,0.03
91.76,4357,259.03,0.333,99.8,2.1,0.03
91.8,4360,259.49,0.445,99.8,2.1,0.02
91.84,4363,259.64,0.357,99.8,2.1,0.02
91.88,4366,259.7,0.566,99.8,2.1,0.02
91.92,4369,259.99,0.566,99.8,2.14,0.03
91.96,4372,260.33,0.444,99.8,2.18,0.03
92,4374,260.3,0.88,99.8,2.1,0.03
92.04,4377,260.38,0.184,99.6,2.18,0.03
92.08,4380,260.75,0.235,99.8,2.2,0.03
92.12,4383,260.87,0.499,99.8,2.2,0.02
92.16,4386,260.74,0.565,99.8,2.18,0.01
92.2,4389,261.02,0.145,99.8,2.1,0.01
92.24,4392,261.47,0.225,99.8,2.1,0.01
92.28,4395,261.83,0.101,99.8,2.16,0.01
92.32,4398,262.04,0.343,99.8,2.2,0.01
92.36,4400,262.22,0.681,99.8,2.22,0.02
92.4,4403,262.62,0.005,99.8,2.3,0.02
92.44,4406,262.72,0.141,99.8,2.3,0.03
92.48,4409,262.8,0.271,99.8,2.24,0.03
92.52,4412,263.08,0.215,99.8,2.2,0.03
92.56,4415,263.16,0.101,99.8,2.2,0.03
92.6,4418,263.15,0.365,99.8,2.2,0.02
92.64,4421,263.45,0.537,99.8,2.2,0.02
92.68,4424,263.98,0.235,99.8,2.26,0.02
92.72,4427,264.35,0.195,99.8,2.22,0.03
92.76,4430,264.36,0.463,99.8,2.12,0.04
92.8,4433,264.41,0.395,99.8,2.2,0.06
92.84,4436,264.55,0.083,99.8,2.2,0.06
92.88,4438,264.67,0.287,99.6,2.2,0.06
92.92,4441,265.01,0.467,99.8,2.2,0.05
92.96,4444,265.42,0.449,99.8,2.2,0.04
93,4447,265.62,0.425,99.8,2.2,0.03
93.04,4450,265.76,0.089,99.8,2.2,0.02
93.08,4453,265.63,0.233,99.6,2.2,0.02
93.12,4456,265.85,0.413,99.8,2.2,0.02
93.16,4459,266.33,0.365,99.8,2.2,0.01
