Time,Distance,Alias Vehicle Speed,Math G Force Lat Corr
s,m,km/h,G
0,0,270.4,-0.04
0.02,2,270.2,-0.04
0.04,3,270.5,-0.02
0.06,5,271.1,0
0.08,6,270.8,0.02
0.1,8,270.7,0.01
0.12,9,271.1,-0.01
0.14,11,271,-0.01
0.16,12,270.4,0.01
0.18,14,270.8,0.02
0.2,15,271.3,0.02
0.22,17,271,0.02
0.24,18,271.4,0.02
0.26,20,271.9,0
0.28,21,271.7,0.02
0.3,23,271.1,0.04
0.32,24,271.9,0.06
0.34,26,271.9,0.06
0.36,27,271.6,0.04
0.38,29,271.9,0.04
0.4,30,272.3,0.04
0.42,32,272.1,0.06
0.44,33,271.7,0.06
0.46,35,272.4,0.04
0.48,36,272.5,0.04
0.5,38,272.3,0.04
0.52,39,272.7,0.04
0.54,41,273.1,0.04
0.56,42,273.1,0.02
0.58,44,272.7,0.01
0.6,45,272.8,-0.01
0.62,47,272.7,-0.01
0.64,48,272.5,-0.03
0.66,50,272.9,-0.03
0.68,52,273.8,-0.03
0.7,53,273.9,-0.01
0.72,55,273.5,-0.01
0.74,56,273.8,0.01
0.76,58,273.8,0.01
0.78,59,273.5,-0.01
0.8,61,273.2,-0.03
0.82,62,274.1,-0.03
0.84,64,274.2,-0.01
0.86,65,273.9,0.01
0.88,67,274.1,0.03
0.9,68,273.8,0.03
0.92,70,273.5,0.01
0.94,71,274,0.01
0.96,73,274.6,0.03
0.98,74,274.8,0.05
1,76,274.4,0.06
1.02,77,275,0.06
1.04,79,274.7,0.04
1.06,81,273.7,0.02
1.08,82,274.1,0
1.1,84,274.7,-0.01
1.12,85,275,0.01
1.14,87,274.7,0.02
1.16,88,275.5,0.04
1.18,90,275.2,0.04
1.2,91,274.8,0.02
1.22,93,275,0.01
1.24,94,275.3,-0.01
1.26,96,275.2,0
1.28,97,275.1,0
1.3,99,275.3,-0.02
1.32,100,275.6,-0.01
1.34,102,275,0.01
1.36,104,275.3,-0.01
1.38,105,275.7,0
1.4,107,275.9,0.02
1.42,108,275.6,0.02
1.44,110,275.6,0.01
1.46,111,276.2,0.01
1.48,113,276,0.01
1.5,114,275.9,0.01
1.52,116,276.4,0.01
1.54,117,276.1,0.01
1.56,119,275.6,0.01
1.58,120,276,0.01
1.6,122,276.8,0.03
1.62,124,277.1,0.05
1.64,125,276.8,0.04
1.66,127,276.8,0.04
1.68,128,277,0.05
1.7,130,276.1,0.06
1.72,131,276.2,0.04
1.74,133,277,0.04
1.76,134,277.2,0.06
1.78,136,277.2,0.08
1.8,137,277.2,0.1
1.82,139,277.6,0.1
1.84,140,276.6,0.08
1.86,142,276.6,0.06
1.88,144,277.1,0.06
1.9,145,277.3,0.08
1.92,147,277.2,0.1
1.94,148,277.6,0.09
1.96,150,278.1,0.09
1.98,151,277.8,0.07
2,153,277,0.07
2.02,154,277.3,0.09
2.04,156,278.1,0.1
2.06,157,278.1,0.08
2.08,159,278.3,0.1
2.1,161,278.8,0.12
2.12,162,278.5,0.14
2.14,164,277.6,0.13
2.16,165,277.6,0.11
2.18,167,278.2,0.13
2.2,168,278.3,0.13
2.22,170,278.5,0.11
2.24,171,278.9,0.09
2.26,173,279.4,0.08
2.28,175,278.5,0.09
2.3,176,278.4,0.11
2.32,178,278.9,0.09
2.34,179,278.9,0.07
2.36,181,278.6,0.05
2.38,182,279.1,0.04
2.4,184,279.7,0.04
2.42,185,279.6,0.05
2.44,187,278.9,0.05
2.46,189,278.9,0.03
2.48,190,279.3,0.03
2.5,192,279.2,0.03
2.52,193,279.2,0.03
2.54,195,280.1,0.03
2.56,196,280,0.04
2.58,198,279.2,0.04
2.6,199,279.2,0.05
2.62,201,279.5,0.05
2.64,203,279.5,0.03
2.66,204,279.7,0.03
2.68,206,280,0.01
2.7,207,280.8,0.03
2.72,209,280.6,0.04
2.74,210,280.2,0.04
2.76,212,280,0.03
2.78,213,280,0.01
2.8,215,279.5,0.01
2.82,217,280.2,0
2.84,218,280.9,0
2.86,220,281,0
2.88,221,280.2,0.02
2.9,223,280.3,0.02
2.92,224,281,0.01
2.94,226,280.9,-0.01
2.96,228,280.9,-0.01
2.98,229,281.1,0.01
3,231,281.6,0.03
3.02,232,281.2,0.03
3.04,234,280.7,0.03
3.06,235,281.2,0.01
3.08,237,281.2,0.01
3.1,239,281.2,0.03
3.12,240,281.5,0.05
3.14,242,281.9,0.05
3.16,243,281.7,0.03
3.18,245,280.8,0.01
3.2,246,281.2,-0.01
3.22,248,281.8,-0.02
3.24,250,281.9,0
3.26,251,281.6,-0.02
3.28,253,281.9,-0.04
3.3,254,282.4,-0.06
3.32,256,282.2,-0.08
3.34,257,281.6,-0.1
3.36,259,282,-0.12
3.38,261,282.3,-0.12
3.4,262,282.5,-0.11
3.42,264,282.2,-0.12
3.44,265,282.6,-0.1
3.46,267,282.5,-0.08
3.48,268,281.8,-0.06
3.5,270,282.1,-0.04
3.52,272,282.8,-0.04
3.54,273,283.1,-0.02
3.56,275,282.8,-0.02
3.58,276,283,-0.04
3.6,278,283.4,-0.04
3.62,279,283,-0.02
3.64,281,282.2,-0.02
3.66,283,282.5,-0.03
3.68,284,283.4,-0.03
3.7,286,283.6,-0.02
3.72,287,283.3,-0.01
3.74,289,283.6,0.01
3.76,290,283.7,0.01
3.78,292,283.7,0.01
3.8,294,283.5,0.01
3.82,295,283.4,0.03
3.84,297,283.6,0.05
3.86,298,283.6,0.07
3.88,300,283.3,0.05
3.9,302,283.9,0.04
3.92,303,283.6,0.03
3.94,305,283.1,0.03
3.96,306,283.7,0.02
3.98,308,284.4,0
4,309,284.6,-0.02
4.02,311,284.1,-0.02
4.04,313,284.1,0
4.06,314,284.4,0
4.08,316,284,0.02
4.1,317,283.3,0.04
4.12,319,283.7,0.04
4.14,321,284.5,0.02
4.16,322,284.6,0.04
4.18,324,284.4,0.06
4.2,325,284.4,0.08
4.22,327,285,0.1
4.24,328,284.9,0.12
4.26,330,284.5,0.1
4.28,332,284.9,0.08
4.3,333,285.1,0.08
4.32,335,284.9,0.1
4.34,336,284.3,0.12
4.36,338,284.6,0.1
4.38,340,284.9,0.08
4.4,341,284.9,0.06
4.42,343,284.6,0.03
4.44,344,285.1,0.01
4.46,346,285.8,0
4.48,347,285.5,0
4.5,349,285,-0.02
4.52,351,285.7,-0.04
4.54,352,285.5,-0.06
4.56,354,285.6,-0.04
4.58,355,285.4,-0.02
4.6,357,285.9,0
4.62,359,285.8,0.02
4.64,360,285.3,0.04
4.66,362,285.4,0.02
4.68,363,286,0.02
4.7,365,285.8,0.02
4.72,367,285.7,0.02
4.74,368,285.9,0.04
4.76,370,286.6,0.04
4.78,371,286.2,0.04
4.8,373,285.7,0.04
4.82,375,285.8,0.02
4.84,376,286.4,0
4.86,378,286.4,-0.01
4.88,379,286.1,-0.01
4.9,381,286.4,-0.03
4.92,383,286.9,-0.03
4.94,384,286.5,-0.01
4.96,386,285.8,0.01
4.98,387,286.1,-0.01
5,389,286.9,-0.01
5.02,391,287,-0.01
5.04,392,286.6,0.01
5.06,394,286.7,0.03
5.08,395,287.1,0.03
5.1,397,286.9,0.05
5.12,399,286.4,0.06
5.14,400,286.6,0.08
5.16,402,287.1,0.08
5.18,403,287.2,0.1
5.2,405,286.7,0.1
5.22,407,286.7,0.12
5.24,408,287.3,0.14
5.26,410,287.1,0.16
5.28,411,287,0.16
5.3,413,287.2,0.16
5.32,415,287.9,0.16
5.34,416,287.6,0.14
5.36,418,286.7,0.14
5.38,419,286.9,0.12
5.4,421,287.5,0.1
5.42,423,287.4,0.12
5.44,424,287.2,0.14
5.46,426,287.5,0.14
5.48,427,288.1,0.14
5.5,429,287.7,0.12
5.52,431,287.4,0.1
5.54,432,287.5,0.09
5.56,434,288.2,0.07
5.58,435,287.9,0.07
5.6,437,287.3,0.05
5.62,439,287.6,0.05
5.64,440,288.2,0.05
5.66,442,287.9,0.07
5.68,443,287.7,0.05
5.7,445,288,0.03
5.72,447,288.7,0.03
5.74,448,288.7,0.05
5.76,450,288.4,0.05
5.78,451,288.5,0.03
5.8,453,289,0.03
5.82,455,288.5,0.03
5.84,456,287.8,0.04
5.86,458,288.1,0.04
5.88,459,288.8,0.06
5.9,461,288.8,0.07
5.92,463,288.4,0.09
5.94,464,288.7,0.09
5.96,466,288.8,0.09
5.98,467,289,0.09
6,469,288.7,0.1
6.02,471,288.9,0.09
6.04,472,289.4,0.09
6.06,474,289.6,0.11
6.08,476,289.4,0.13
6.1,477,288.7,0.15
6.12,479,289.3,0.15
6.14,480,289.6,0.13
6.16,482,289.6,0.15
6.18,484,289.2,0.15
6.2,485,290,0.17
6.22,487,290.4,0.19
6.24,488,290,0.21
6.26,490,289.3,0.19
6.28,492,289.8,0.17
6.3,493,290.3,0.15
6.32,495,290.2,0.15
6.34,497,289.8,0.15
6.36,498,290.3,0.17
6.38,500,290.7,0.17
6.4,501,290.2,0.15
6.42,503,289.8,0.13
6.44,505,290,0.11
6.46,506,290.9,0.09
6.48,508,291,0.11
6.5,509,290.8,0.11
6.52,511,290.8,0.13
6.54,513,291.1,0.13
6.56,514,290.9,0.11
6.58,516,290.9,0.09
6.6,518,291.1,0.11
6.62,519,291.7,0.11
6.64,521,291.8,0.13
6.66,522,291.5,0.13
6.68,524,290.8,0.14
6.7,526,291.3,0.12
6.72,527,291.5,0.12
6.74,529,291.6,0.12
6.76,531,291.4,0.12
6.78,532,292.4,0.12
6.8,534,292.9,0.14
6.82,535,291.8,0.16
6.84,537,291.7,0.14
6.86,539,291.3,0.09
6.88,540,290.7,0.04
6.9,542,289.8,-0.01
6.92,544,288.8,-0.04
6.94,545,287.8,-0.04
6.96,547,286.6,-0.04
6.98,548,285,-0.06
7,550,283.1,-0.12
7.02,551,281,-0.17
7.04,553,279,-0.18
7.06,555,277,-0.16
7.08,556,274.9,-0.16
7.1,558,272.6,-0.18
7.12,559,270.3,-0.23
7.14,561,268.2,-0.26
7.16,562,266.2,-0.24
7.18,564,264.1,-0.22
7.2,565,262,-0.22
7.22,566,259.8,-0.24
7.24,568,257.5,-0.27
7.26,569,255.4,-0.3
7.28,571,253.3,-0.28
7.3,572,251.2,-0.23
7.32,574,249.2,-0.21
7.34,575,247,-0.23
7.36,576,244.8,-0.28
7.38,578,242.9,-0.3
7.4,579,241.1,-0.26
7.42,580,239.3,-0.2
7.44,582,237.6,-0.18
7.46,583,235.5,-0.2
7.48,584,233.3,-0.26
7.5,586,231.9,-0.3
7.52,587,230.2,-0.3
7.54,588,228.5,-0.26
7.56,589,226.7,-0.24
7.58,591,224.8,-0.27
7.6,592,222.9,-0.33
7.62,593,221.2,-0.39
7.64,594,220.9,-0.37
7.66,596,219.4,-0.38
7.68,597,217.8,-0.41
7.7,598,216.2,-0.43
7.72,599,214.5,-0.45
7.74,600,212.9,-0.54
7.76,602,211.8,-0.66
7.78,603,211,-0.71
7.8,604,209.8,-0.81
7.82,605,208.5,-0.91
7.84,606,207.2,-0.94
7.86,607,206,-1.01
7.88,608,204.8,-1.13
7.9,610,203.6,-1.31
7.92,611,203.1,-1.48
7.94,612,202.6,-1.61
7.96,613,201.7,-1.75
7.98,614,200.7,-1.87
8,615,199.7,-1.93
8.02,616,198.9,-1.95
8.04,617,198,-2.03
8.06,619,197.1,-2.18
8.08,620,196.2,-2.37
8.1,621,195.8,-2.46
8.12,622,195,-2.48
8.14,623,194.2,-2.45
8.16,624,193.4,-2.37
8.18,625,192.7,-2.23
8.2,626,192,-2.12
8.22,627,191.2,-2.08
8.24,628,190.3,-2.15
8.26,629,189.5,-2.2
8.28,630,188.7,-2.2
8.3,631,187.9,-2.18
8.32,632,187.1,-2.22
8.34,633,186.3,-2.25
8.36,635,185.6,-2.27
8.38,636,184.9,-2.25
8.4,637,184.2,-2.23
8.42,638,183.5,-2.23
8.44,639,182.9,-2.21
8.46,640,182.4,-2.23
8.48,641,181.8,-2.25
8.5,642,181.2,-2.28
8.52,643,180.7,-2.3
8.54,644,180.2,-2.32
8.56,645,179.6,-2.34
8.58,646,179.1,-2.41
8.6,647,178.7,-2.49
8.62,648,178.3,-2.47
8.64,649,177.9,-2.42
8.66,650,177.5,-2.48
8.68,651,177.1,-2.53
8.7,652,176.7,-2.46
8.72,653,176.3,-2.39
8.74,654,175.9,-2.37
8.76,655,175.5,-2.4
8.78,656,175.1,-2.48
8.8,656,174.7,-2.54
8.82,657,174.4,-2.54
8.84,658,174,-2.49
8.86,659,173.5,-2.49
8.88,660,173.1,-2.52
8.9,661,172.6,-2.54
8.92,662,172.2,-2.63
8.94,663,171.7,-2.76
8.96,664,171.3,-2.87
8.98,665,170.9,-2.91
9,666,170.4,-2.91
9.02,667,169.9,-2.94
9.04,668,169.4,-3.05
9.06,669,168.9,-3.16
9.08,670,168.5,-3.09
9.1,671,168,-2.92
9.12,672,167.6,-2.77
9.14,673,167.3,-2.58
9.16,674,167.2,-2.4
9.18,675,167.6,-2.29
9.2,675,167.9,-2.24
9.22,676,168.4,-2.19
9.24,677,167.9,-2.13
9.26,678,167.9,-2.07
9.28,679,167.2,-2.03
9.3,680,167.6,-2
9.32,681,167.7,-2.02
9.34,682,167.9,-2.06
9.36,683,168.4,-2.08
9.38,684,168.2,-2.06
9.4,685,168.7,-2.04
9.42,686,168.6,-2.04
9.44,687,170.2,-2.09
9.46,688,170.8,-2.18
9.48,689,171.5,-2.25
9.5,690,171.3,-2.31
9.52,691,170.9,-2.34
9.54,691,170.7,-2.36
9.56,692,170.6,-2.34
9.58,693,171.1,-2.31
9.6,694,171.2,-2.31
9.62,695,172.1,-2.29
9.64,696,172,-2.27
9.66,697,172.6,-2.2
9.68,698,172.1,-2.11
9.7,699,172.2,-2.02
9.72,700,172.3,-2
9.74,701,172.1,-2.02
9.76,702,172.1,-2.05
9.78,703,172,-2.08
9.8,704,172.4,-2.08
9.82,705,172.5,-2.07
9.84,706,173.5,-2.05
9.86,707,173.4,-2.03
9.88,708,174,-2.01
9.9,709,174.5,-2.03
9.92,710,175,-2.02
9.94,711,175.3,-2.01
9.96,712,175.4,-2.01
9.98,713,175.3,-2.03
10,714,175.3,-2.06
10.02,715,176.2,-2.09
10.04,716,176.2,-2.11
10.06,717,176.9,-2.13
10.08,718,176.7,-2.11
10.1,719,177.5,-2.09
10.12,720,177.2,-2.1
10.14,721,177.3,-2.08
10.16,722,177.3,-2.02
10.18,723,177.8,-1.97
10.2,724,178,-1.94
10.22,725,178.8,-1.92
10.24,726,179.2,-1.86
10.26,727,179.8,-1.81
10.28,728,179.6,-1.81
10.3,729,179.4,-1.85
10.32,730,181,-1.87
10.34,731,181.2,-1.91
10.36,732,181.5,-1.98
10.38,733,181.1,-2.01
10.4,734,181.3,-1.98
10.42,735,180.9,-1.9
10.44,736,181.1,-1.78
10.46,737,180.9,-1.64
10.48,738,181.3,-1.49
10.5,739,181.8,-1.39
10.52,740,182.5,-1.31
10.54,741,182.4,-1.23
10.56,742,182.9,-1.18
10.58,743,182.8,-1.13
10.6,744,183.7,-1.11
10.62,745,183.6,-1.09
10.64,746,184.4,-1.06
10.66,747,184.7,-1.06
10.68,748,185.6,-1.08
10.7,749,186,-1.13
10.72,750,185.8,-1.15
10.74,751,186.6,-1.15
10.76,752,185.8,-1.2
10.78,753,186.4,-1.22
10.8,754,186.3,-1.22
10.82,755,187,-1.21
10.84,756,187,-1.17
10.86,757,187.7,-1.14
10.88,758,187.5,-1.11
10.9,759,188.5,-1.08
10.92,760,187.6,-1.06
10.94,761,187.8,-1.04
10.96,762,187.4,-1
10.98,763,189.4,-1
11,765,190,-1.02
11.02,766,190.9,-1.04
11.04,767,190.9,-1.04
11.06,768,191.2,-1.06
11.08,769,190.7,-1.15
11.1,770,191.4,-1.24
11.12,771,191.7,-1.3
11.14,772,192.5,-1.33
11.16,773,191.8,-1.39
11.18,774,192.5,-1.43
11.2,775,191.7,-1.41
11.22,776,192.2,-1.39
11.24,777,191.8,-1.37
11.26,778,192.8,-1.35
11.28,780,192.8,-1.33
11.3,781,193.9,-1.31
11.32,782,193.7,-1.32
11.34,783,194.4,-1.34
11.36,784,193.9,-1.36
11.38,785,194.6,-1.38
11.4,786,194.3,-1.4
11.42,787,195.2,-1.42
11.44,788,195,-1.44
11.46,789,195.9,-1.44
11.48,790,195.5,-1.42
11.5,791,196,-1.4
11.52,793,195.5,-1.38
11.54,794,196.3,-1.4
11.56,795,196.7,-1.42
11.58,796,197.2,-1.44
11.6,797,197.6,-1.46
11.62,798,197.5,-1.48
11.64,799,197.8,-1.5
11.66,800,197.7,-1.52
11.68,801,197.9,-1.55
11.7,802,198.2,-1.6
11.72,804,199.1,-1.68
11.74,805,199.6,-1.76
11.76,806,200.2,-1.81
11.78,807,200,-1.85
11.8,808,200.2,-1.91
11.82,809,200.2,-1.99
11.84,810,201.2,-2.07
11.86,811,201.1,-2.14
11.88,812,201.7,-2.16
11.9,814,201.2,-2.18
11.92,815,201.8,-2.2
11.94,816,201.8,-2.23
11.96,817,202.4,-2.27
11.98,818,202.2,-2.33
12,819,202.7,-2.37
12.02,820,202.7,-2.41
12.04,821,203,-2.43
12.06,823,203.6,-2.45
12.08,824,203.7,-2.48
12.1,825,203.9,-2.5
12.12,826,203.5,-2.48
12.14,827,203.3,-2.45
12.16,828,203,-2.4
12.18,829,203.8,-2.35
12.2,831,203.8,-2.32
12.22,832,204.7,-2.28
12.24,833,204.8,-2.25
12.26,834,205.4,-2.25
12.28,835,205.1,-2.27
12.3,836,205.5,-2.29
12.32,837,205.2,-2.27
12.34,839,205.3,-2.29
12.36,840,205.8,-2.31
12.38,841,206.1,-2.3
12.4,842,206.5,-2.26
12.42,843,206.2,-2.21
12.44,844,206.1,-2.14
12.46,845,205.9,-2.07
12.48,847,206.6,-2.01
12.5,848,206.5,-1.95
12.52,849,207.4,-1.9
12.54,850,207.2,-1.86
12.56,851,207.9,-1.84
12.58,852,208.4,-1.82
12.6,854,208.4,-1.82
12.62,855,208.9,-1.8
12.64,856,208.7,-1.78
12.66,857,208.7,-1.75
12.68,858,208.1,-1.71
12.7,859,208.3,-1.67
12.72,861,208.4,-1.65
12.74,862,209.6,-1.63
12.76,863,209.8,-1.65
12.78,864,211.3,-1.67
12.8,865,211.1,-1.69
12.82,866,210.7,-1.74
12.84,868,210.4,-1.77
12.86,869,210,-1.79
12.88,870,210.2,-1.81
12.9,871,210.5,-1.83
12.92,872,211.4,-1.8
12.94,873,211.3,-1.76
12.96,875,212.2,-1.72
12.98,876,211.9,-1.7
13,877,212.2,-1.7
13.02,878,212.5,-1.72
13.04,879,212.3,-1.74
13.06,881,212.7,-1.76
13.08,882,212.3,-1.78
13.1,883,212.6,-1.76
13.12,884,211.6,-1.73
13.14,885,211.6,-1.66
13.16,886,211.4,-1.57
13.18,888,211,-1.47
13.2,889,210.4,-1.37
13.22,890,209.5,-1.3
13.24,891,208.4,-1.22
13.26,892,207,-1.13
13.28,893,205.5,-1.02
13.3,895,204,-0.91
13.32,896,202.3,-0.82
13.34,897,200.8,-0.77
13.36,898,199.2,-0.75
13.38,899,197.6,-0.73
13.4,900,196,-0.71
13.42,901,194.3,-0.69
13.44,902,192.6,-0.69
13.46,903,190.7,-0.71
13.48,904,188.8,-0.73
13.5,905,187.1,-0.75
13.52,906,185.4,-0.77
13.54,907,183.6,-0.76
13.56,908,182,-0.75
13.58,909,180.4,-0.73
13.6,910,178.8,-0.71
13.62,911,177.2,-0.69
13.64,912,175.7,-0.67
13.66,913,174.1,-0.68
13.68,914,172.5,-0.7
13.7,915,171,-0.72
13.72,916,169.5,-0.72
13.74,917,168,-0.74
13.76,918,166.5,-0.72
13.78,919,165.1,-0.68
13.8,920,163.7,-0.65
13.82,921,162.3,-0.63
13.84,922,161,-0.61
13.86,923,159.8,-0.56
13.88,924,158.5,-0.5
13.9,924,157.2,-0.46
13.92,925,155.8,-0.44
13.94,926,154.5,-0.42
13.96,927,153.1,-0.4
13.98,928,151.9,-0.41
14,929,150.7,-0.39
14.02,930,149.4,-0.37
14.04,930,148.2,-0.35
14.06,931,147,-0.37
14.08,932,145.9,-0.37
14.1,933,144.7,-0.38
14.12,934,143.6,-0.4
14.14,934,142.5,-0.42
14.16,935,141.4,-0.44
14.18,936,140.2,-0.45
14.2,937,139.1,-0.47
14.22,938,137.9,-0.49
14.24,938,136.6,-0.51
14.26,939,135.3,-0.53
14.28,940,134.1,-0.55
14.3,941,133,-0.57
14.32,941,131.7,-0.59
14.34,942,130.5,-0.62
14.36,943,129.3,-0.65
14.38,943,128.1,-0.69
14.4,944,126.7,-0.74
14.42,945,125.5,-0.82
14.44,945,124.3,-0.89
14.46,946,123.4,-0.93
14.48,947,122.4,-0.97
14.5,948,121.4,-1.01
14.52,948,120.4,-1.04
14.54,949,119.3,-1.06
14.56,950,118.2,-1.08
14.58,950,117.1,-1.15
14.6,951,116.1,-1.23
14.62,951,115.3,-1.23
14.64,952,115.3,-1.21
14.66,953,114.4,-1.23
14.68,953,113.6,-1.26
14.7,954,112.7,-1.28
14.72,955,111.9,-1.33
14.74,955,111,-1.4
14.76,956,110.2,-1.44
14.78,956,109.4,-1.44
14.8,957,108.8,-1.42
14.82,958,108.2,-1.42
14.84,958,107.6,-1.44
14.86,959,107,-1.47
14.88,959,106.3,-1.49
14.9,960,105.7,-1.47
14.92,961,105.1,-1.47
14.94,961,104.5,-1.49
14.96,962,103.9,-1.51
14.98,962,103.3,-1.51
15,963,102.7,-1.52
15.02,964,102.1,-1.54
15.04,964,101.4,-1.57
15.06,965,100.8,-1.62
15.08,965,100.1,-1.65
15.1,966,99.5,-1.67
15.12,966,99,-1.69
15.14,967,98.5,-1.67
15.16,967,98,-1.67
15.18,968,97.5,-1.69
15.2,969,97,-1.71
15.22,969,96.5,-1.73
15.24,970,96.1,-1.76
15.26,970,95.7,-1.78
15.28,971,95.2,-1.8
15.3,971,94.8,-1.82
15.32,972,94.4,-1.85
15.34,972,93.9,-1.87
15.36,973,93.5,-1.87
15.38,973,93.1,-1.89
15.4,974,92.7,-1.91
15.42,974,92.3,-1.89
15.44,975,91.9,-1.87
15.46,975,91.5,-1.85
15.48,976,91.1,-1.86
15.5,976,90.6,-1.9
15.52,977,90.2,-1.92
15.54,977,89.8,-1.9
15.56,978,89.4,-1.88
15.58,978,89.1,-1.87
15.6,979,88.7,-1.85
15.62,979,88.4,-1.87
15.64,980,88,-1.88
15.66,980,87.6,-1.9
15.68,981,87.3,-1.92
15.7,981,87,-1.93
15.72,982,86.7,-1.91
15.74,982,86.3,-1.91
15.76,983,86,-1.89
15.78,983,85.7,-1.87
15.8,984,85.3,-1.89
15.82,984,85,-1.92
15.84,985,84.6,-1.92
15.86,985,84.3,-1.87
15.88,986,84,-1.83
15.9,986,83.7,-1.79
15.92,986,83.4,-1.78
15.94,987,83,-1.8
15.96,987,82.6,-2
15.98,988,82.2,-2.02
16,988,81.9,-2.02
16.02,989,81.7,-1.96
16.04,989,81.4,-1.91
16.06,990,81.2,-1.86
16.08,990,80.9,-1.76
16.1,991,80.6,-1.73
16.12,991,80.3,-1.76
16.14,991,79.9,-1.82
16.16,992,79.6,-2.02
16.18,992,79.9,-1.98
16.2,993,79.7,-1.95
16.22,993,79.5,-1.89
16.24,994,79.3,-1.85
16.26,994,79.1,-1.74
16.28,995,78.9,-1.7
16.3,995,78.8,-1.68
16.32,995,78.6,-1.83
16.34,996,78.4,-1.92
16.36,996,78.2,-2
16.38,997,78.2,-2
16.4,997,78.1,-1.96
16.42,998,78.4,-1.83
16.44,998,77.6,-1.7
16.46,998,77.6,-1.57
16.48,999,77.6,-1.54
16.5,999,76.7,-1.55
16.52,1000,77.2,-1.61
16.54,1000,77.8,-1.66
16.56,1001,77.8,-1.72
16.58,1001,78.6,-1.74
16.6,1002,79.1,-1.69
16.62,1002,79.3,-1.62
16.64,1002,78.9,-1.57
16.66,1003,78.9,-1.55
16.68,1003,78.9,-1.56
16.7,1004,79.6,-1.61
16.72,1004,80.8,-1.67
16.74,1005,81.5,-1.73
16.76,1005,81.9,-1.76
16.78,1006,82,-1.74
16.8,1006,81.9,-1.71
16.82,1006,81.9,-1.67
16.84,1007,81.6,-1.62
16.86,1007,81.7,-1.62
16.88,1008,82.2,-1.66
16.9,1008,83.3,-1.69
16.92,1009,84,-1.69
16.94,1009,84.5,-1.67
16.96,1010,84.5,-1.67
16.98,1010,84.7,-1.65
17,1011,85,-1.63
17.02,1011,85,-1.61
17.04,1012,85.4,-1.61
17.06,1012,85.9,-1.63
17.08,1013,86.5,-1.65
17.1,1013,86.9,-1.65
17.12,1014,87.1,-1.63
17.14,1014,87.2,-1.61
17.16,1015,87.6,-1.58
17.18,1015,87.6,-1.6
17.2,1015,87.9,-1.62
17.22,1016,88.4,-1.62
17.24,1016,89,-1.6
17.26,1017,89.5,-1.58
17.28,1017,89.7,-1.56
17.3,1018,89.8,-1.54
17.32,1018,89.9,-1.52
17.34,1019,90.4,-1.54
17.36,1019,90.7,-1.55
17.38,1020,91.2,-1.53
17.4,1020,91.7,-1.51
17.42,1021,92.5,-1.47
17.44,1022,92.6,-1.43
17.46,1022,92.8,-1.4
17.48,1023,93.1,-1.38
17.5,1023,93.8,-1.38
17.52,1024,94.4,-1.39
17.54,1024,95,-1.37
17.56,1025,95.5,-1.36
17.58,1025,96.2,-1.38
17.6,1026,96.4,-1.39
17.62,1026,96.8,-1.39
17.64,1027,97.1,-1.37
17.66,1027,97.8,-1.37
17.68,1028,98.2,-1.39
17.7,1028,98.8,-1.39
17.72,1029,99.5,-1.37
17.74,1030,100.1,-1.36
17.76,1030,100.3,-1.38
17.78,1031,100.7,-1.36
17.8,1031,101,-1.32
17.82,1032,101.8,-1.29
17.84,1032,102.2,-1.31
17.86,1033,102.8,-1.33
17.88,1034,103.4,-1.35
17.9,1034,104.3,-1.33
17.92,1035,104.6,-1.31
17.94,1035,105.4,-1.29
17.96,1036,106.2,-1.27
17.98,1036,106.6,-1.29
18,1037,107.3,-1.33
18.02,1038,108.1,-1.36
18.04,1038,109.1,-1.38
18.06,1039,109.5,-1.4
18.08,1040,110.3,-1.4
18.1,1040,110.9,-1.38
18.12,1041,111.2,-1.38
18.14,1041,111.6,-1.4
18.16,1042,112.2,-1.42
18.18,1043,113.1,-1.43
18.2,1043,114.1,-1.41
18.22,1044,114.7,-1.38
18.24,1045,115.2,-1.36
18.26,1045,115.4,-1.34
18.28,1046,115.7,-1.32
18.3,1046,117,-1.3
18.32,1047,117.4,-1.28
18.34,1048,118,-1.26
18.36,1048,118.6,-1.23
18.38,1049,119.5,-1.18
18.4,1050,119.6,-1.12
18.42,1050,119.9,-1.05
18.44,1051,120.5,-0.99
18.46,1052,121,-0.93
18.48,1052,121.6,-0.84
18.5,1053,122.5,-0.73
18.52,1054,122.6,-0.61
18.54,1055,123.3,-0.49
18.56,1055,123.8,-0.37
18.58,1056,124.9,-0.23
18.6,1057,125.2,-0.09
18.62,1057,125.7,0.04
18.64,1058,126.5,0.18
18.66,1059,127.3,0.3
18.68,1059,127.9,0.43
18.7,1060,128.8,0.54
18.72,1061,128.9,0.62
18.74,1062,129.2,0.7
18.76,1062,130.3,0.81
18.78,1063,130.6,0.93
18.8,1064,131.2,1.02
18.82,1065,132.2,1.09
18.84,1065,132.5,1.16
18.86,1066,132.9,1.23
18.88,1067,133.6,1.31
18.9,1068,133.7,1.37
18.92,1068,134.8,1.42
18.94,1069,135.1,1.48
18.96,1070,135.7,1.54
18.98,1071,136.2,1.59
19,1071,136.4,1.63
19.02,1072,136.8,1.65
19.04,1073,137.2,1.67
19.06,1074,137.3,1.69
19.08,1074,137.4,1.71
19.1,1075,137.6,1.74
19.12,1076,138.3,1.76
19.14,1077,138.3,1.78
19.16,1077,138.5,1.8
19.18,1078,138.7,1.78
19.2,1079,139.5,1.76
19.22,1080,139.4,1.78
19.24,1081,139.9,1.81
19.26,1081,140.6,1.85
19.28,1082,141.1,1.87
19.3,1083,141.4,1.89
19.32,1084,142.3,1.93
19.34,1084,142.4,1.99
19.36,1085,143.3,2.04
19.38,1086,143.3,2.06
19.4,1087,143.6,2.08
19.42,1088,143.9,2.1
19.44,1088,144.1,2.15
19.46,1089,144.4,2.19
19.48,1090,145.1,2.17
19.5,1091,145.2,2.15
19.52,1092,145.8,2.18
19.54,1093,146,2.23
19.56,1093,146.1,2.25
19.58,1094,147.2,2.27
19.6,1095,147.5,2.32
19.62,1096,147.8,2.38
19.64,1097,148.4,2.43
19.66,1097,148.4,2.46
19.68,1098,148.8,2.44
19.7,1099,148.9,2.47
19.72,1100,149.1,2.53
19.74,1101,149.7,2.58
19.76,1102,150.1,2.55
19.78,1102,150.5,2.52
19.8,1103,150.1,2.5
19.82,1104,149.9,2.42
19.84,1105,150.1,2.3
19.86,1106,149.7,2.21
19.88,1107,150.7,2.16
19.9,1107,151.1,2.16
19.92,1108,152.1,2.14
19.94,1109,152.8,2.1
19.96,1110,152.9,2.05
19.98,1111,153.1,2.01
20,1112,152.9,1.98
20.02,1113,153.1,1.98
20.04,1113,153.5,2
20.06,1114,154,2.04
20.08,1115,155,2.04
20.1,1116,154.9,2.02
20.12,1117,155.2,1.97
20.14,1118,155.2,1.91
20.16,1119,154.8,1.86
20.18,1119,155.2,1.82
20.2,1120,155.2,1.76
20.22,1121,155.3,1.67
20.24,1122,155.7,1.6
20.26,1123,155.7,1.6
20.28,1124,157,1.6
20.3,1125,157.6,1.6
20.32,1126,158.2,1.66
20.34,1126,158.8,1.73
20.36,1127,158.9,1.73
20.38,1128,159.1,1.67
20.4,1129,158.3,1.62
20.42,1130,158.3,1.6
20.44,1131,158.6,1.57
20.46,1132,159.2,1.55
20.48,1133,160.1,1.53
20.5,1134,160.4,1.51
20.52,1134,160.8,1.51
20.54,1135,160.5,1.47
20.56,1136,160.6,1.42
20.58,1137,160.9,1.42
20.6,1138,161.4,1.45
20.62,1139,162.2,1.53
20.64,1140,162.7,1.59
20.66,1141,163.8,1.7
20.68,1142,163.7,1.72
20.7,1143,163.3,1.71
20.72,1144,163.6,1.67
20.74,1144,163.3,1.64
20.76,1145,164.2,1.58
20.78,1146,163.7,1.49
20.8,1147,164.4,1.41
20.82,1148,164.3,1.46
20.84,1149,165.6,1.57
20.86,1150,166.5,1.74
20.88,1151,167.1,1.83
20.9,1152,167.5,1.87
20.92,1153,166.9,1.9
20.94,1154,166.8,1.9
20.96,1155,166.1,1.85
20.98,1155,166.1,1.81
21,1156,166.5,1.77
21.02,1157,167.2,1.73
21.04,1158,168.1,1.69
21.06,1159,168.5,1.67
21.08,1160,169.5,1.69
21.1,1161,169.4,1.72
21.12,1162,170.2,1.76
21.14,1163,170,1.79
21.16,1164,170.3,1.81
21.18,1165,170.7,1.83
21.2,1166,171.1,1.85
21.22,1167,171.5,1.87
21.24,1168,171.5,1.9
21.26,1169,172.5,1.94
21.28,1170,172.6,2
21.3,1171,173,2.05
21.32,1172,172.8,2.08
21.34,1173,172.8,2.1
21.36,1174,173.1,2.12
21.38,1175,173.1,2.1
21.4,1175,173.6,2.1
21.42,1176,173.9,2.08
21.44,1177,174.5,2.06
21.46,1178,174.7,2.04
21.48,1179,175.4,2.04
21.5,1180,175.4,2.06
21.52,1181,176,2.08
21.54,1182,176,2.06
21.56,1183,175.7,2.04
21.58,1184,175.3,2.02
21.6,1185,175.1,1.99
21.62,1186,175.9,1.99
21.64,1187,176.1,1.99
21.66,1188,176.8,2.01
21.68,1189,176.9,2.03
21.7,1190,177.5,2.03
21.72,1191,177.2,2.05
21.74,1192,177.7,2.07
21.76,1193,177.5,2.09
21.78,1194,178.3,2.09
21.8,1195,178.2,2.11
21.82,1196,178.4,2.09
21.84,1197,178.6,2.04
21.86,1198,178.8,1.96
21.88,1199,178.7,1.88
21.9,1200,179.2,1.8
21.92,1201,179.2,1.72
21.94,1202,180.1,1.65
21.96,1203,180.8,1.62
21.98,1204,180.8,1.59
22,1205,181.5,1.56
22.02,1206,181.7,1.54
22.04,1207,182.2,1.55
22.06,1208,182.6,1.57
22.08,1209,183.9,1.54
22.1,1210,183.2,1.52
22.12,1211,183.4,1.5
22.14,1212,182.5,1.48
22.16,1213,183.1,1.46
22.18,1214,182.5,1.38
22.2,1215,182.7,1.26
22.22,1216,183.3,1.14
22.24,1217,183.4,1.06
22.26,1218,184.1,1
22.28,1219,184.8,0.94
22.3,1220,185.3,0.91
22.32,1221,185.6,0.93
22.34,1223,185.8,0.9
22.36,1224,186.2,0.85
22.38,1225,186.4,0.83
22.4,1226,186.5,0.85
22.42,1227,186.8,0.82
22.44,1228,186.8,0.8
22.46,1229,187.5,0.75
22.48,1230,187.2,0.71
22.5,1231,188.1,0.66
22.52,1232,188,0.62
22.54,1233,188.9,0.59
22.56,1234,188.8,0.55
22.58,1235,189.8,0.52
22.6,1236,189.4,0.49
22.62,1237,190.4,0.47
22.64,1238,190.1,0.41
22.66,1239,190.8,0.37
22.68,1240,190.5,0.35
22.7,1241,191.4,0.31
22.72,1243,191.2,0.29
22.74,1244,191.7,0.29
22.76,1245,191.6,0.27
22.78,1246,192.3,0.29
22.8,1247,192.5,0.33
22.82,1248,192.8,0.32
22.84,1249,193,0.34
22.86,1250,193.6,0.32
22.88,1251,193.4,0.29
22.9,1252,194.5,0.26
22.92,1253,194.4,0.24
22.94,1254,194.3,0.21
22.96,1255,194.2,0.21
22.98,1257,194.9,0.19
23,1258,194.7,0.16
23.02,1259,195.4,0.14
23.04,1260,195.3,0.12
23.06,1261,196.2,0.1
23.08,1262,196,0.1
23.1,1263,196.5,0.08
23.12,1264,196.4,0.06
23.14,1265,196.7,0.06
23.16,1266,196.4,0.08
23.18,1267,197.2,0.06
23.2,1269,197.3,0.06
23.22,1270,197.9,0.04
23.24,1271,198.2,0.01
23.26,1272,198.7,0.03
23.28,1273,198.9,-0.02
23.3,1274,199.3,-0.08
23.32,1275,199.9,-0.07
23.34,1276,199.5,-0.06
23.36,1277,199.5,-0.06
23.38,1279,199,-0.04
23.4,1280,198.5,-0.02
23.42,1281,198.2,0.01
23.44,1282,198.5,0.04
23.46,1283,198.8,0.04
23.48,1284,200,0.02
23.5,1285,200.2,0.02
23.52,1286,201.4,0.04
23.54,1287,200.7,0.04
23.56,1289,201.2,0.02
23.58,1290,201.1,0
23.6,1291,201.9,0.01
23.62,1292,201.5,0.01
23.64,1293,202.4,-0.01
23.66,1294,202.3,-0.03
23.68,1295,202.4,-0.04
23.7,1296,202.4,-0.02
23.72,1298,202.7,-0.02
23.74,1299,202.9,-0.04
23.76,1300,203.2,-0.07
23.78,1301,203.5,-0.09
23.8,1302,203.9,-0.11
23.82,1303,204.8,-0.13
23.84,1304,204.5,-0.15
23.86,1305,205.4,-0.17
23.88,1307,205,-0.19
23.9,1308,205.6,-0.21
23.92,1309,205,-0.21
23.94,1310,205.8,-0.21
23.96,1311,205.8,-0.19
23.98,1312,206.4,-0.21
24,1314,206.7,-0.23
24.02,1315,207.1,-0.23
24.04,1316,207.2,-0.21
24.06,1317,207.3,-0.19
24.08,1318,207.4,-0.19
24.1,1319,207,-0.18
24.12,1320,208,-0.18
24.14,1322,207.6,-0.16
24.16,1323,208.4,-0.14
24.18,1324,208.1,-0.12
24.2,1325,208.9,-0.14
24.22,1326,209.3,-0.14
24.24,1327,209.8,-0.13
24.26,1329,209.8,-0.12
24.28,1330,209.9,-0.12
24.3,1331,210.3,-0.14
24.32,1332,209.8,-0.14
24.34,1333,210.6,-0.15
24.36,1334,210.6,-0.13
24.38,1336,211.4,-0.13
24.4,1337,211.3,-0.11
24.42,1338,211.6,-0.09
24.44,1339,211.4,-0.09
24.46,1340,211.7,-0.11
24.48,1342,212.2,-0.13
24.5,1343,212.2,-0.13
24.52,1344,213.1,-0.11
24.54,1345,212.5,-0.09
24.56,1346,213.1,-0.07
24.58,1347,212.4,-0.05
24.6,1349,213,-0.07
24.62,1350,213.2,-0.05
24.64,1351,213.7,-0.03
24.66,1352,214,-0.03
24.68,1353,214,-0.03
24.7,1355,214.8,-0.02
24.72,1356,214.3,-0.04
24.74,1357,215.2,-0.06
24.76,1358,215.1,-0.08
24.78,1359,215.6,-0.1
24.8,1361,215.8,-0.08
24.82,1362,215.8,-0.07
24.84,1363,216.2,-0.07
24.86,1364,215.8,-0.09
24.88,1365,216.7,-0.11
24.9,1367,216.5,-0.11
24.92,1368,217.1,-0.09
24.94,1369,217.3,-0.08
24.96,1370,217.5,-0.08
24.98,1371,217.8,-0.1
25,1373,217.4,-0.12
25.02,1374,218.2,-0.14
25.04,1375,218.1,-0.12
25.06,1376,218.5,-0.1
25.08,1378,218.6,-0.08
25.1,1379,218.8,-0.06
25.12,1380,219.1,-0.08
25.14,1381,219.1,-0.08
25.16,1382,219.8,-0.06
25.18,1384,219.7,-0.04
25.2,1385,220.3,-0.05
25.22,1386,220.1,-0.04
25.24,1387,220.5,-0.06
25.26,1389,220.8,-0.06
25.28,1390,220.1,-0.04
25.3,1391,220.8,-0.06
25.32,1392,220.4,-0.05
25.34,1393,221.1,-0.07
25.36,1395,221.3,-0.09
25.38,1396,221.8,-0.11
25.4,1397,222.5,-0.13
25.42,1398,221.9,-0.14
25.44,1400,222.5,-0.16
25.46,1401,222.1,-0.16
25.48,1402,222.4,-0.18
25.5,1403,222.8,-0.18
25.52,1405,222.8,-0.18
25.54,1406,223.7,-0.16
25.56,1407,223.3,-0.14
25.58,1408,223.7,-0.15
25.6,1410,223.5,-0.13
25.62,1411,223.6,-0.13
25.64,1412,224.1,-0.13
25.66,1413,223.6,-0.13
25.68,1415,224.5,-0.11
25.7,1416,224.2,-0.09
25.72,1417,224.6,-0.07
25.74,1418,225,-0.06
25.76,1420,224.8,-0.06
25.78,1421,225.7,-0.04
25.8,1422,225.4,-0.02
25.82,1423,225.8,-0.04
25.84,1425,225.7,-0.06
25.86,1426,225.7,-0.06
25.88,1427,226.6,-0.04
25.9,1428,226.3,-0.04
25.92,1430,226.7,-0.06
25.94,1431,226.7,-0.04
25.96,1432,227,-0.06
25.98,1433,227.5,-0.06
26,1435,226.9,-0.08
26.02,1436,227.5,-0.1
26.04,1437,227.7,-0.08
26.06,1439,228.2,-0.1
26.08,1440,228.8,-0.11
26.1,1441,228.2,-0.11
26.12,1442,229,-0.13
26.14,1444,228.4,-0.15
26.16,1445,229,-0.17
26.18,1446,229.5,-0.15
26.2,1447,229,-0.13
26.22,1449,229.9,-0.15
26.24,1450,229.6,-0.15
26.26,1451,230.2,-0.17
26.28,1453,230.3,-0.15
26.3,1454,229.7,-0.13
26.32,1455,230.5,-0.15
26.34,1456,230.2,-0.14
26.36,1458,230.8,-0.16
26.38,1459,231.5,-0.15
26.4,1460,231,-0.13
26.42,1462,231.5,-0.14
26.44,1463,231.4,-0.14
26.46,1464,231.5,-0.16
26.48,1465,232.1,-0.16
26.5,1467,231.5,-0.16
26.52,1468,231.6,-0.18
26.54,1469,231.5,-0.16
26.56,1471,231.5,-0.14
26.58,1472,232.1,-0.12
26.6,1473,231.5,-0.1
26.62,1475,231.7,-0.1
26.64,1476,231.7,-0.1
26.66,1477,232.1,-0.12
26.68,1478,232.7,-0.12
26.7,1480,232.3,-0.12
26.72,1481,232.9,-0.14
26.74,1482,232.9,-0.14
26.76,1484,232.9,-0.14
26.78,1485,233.6,-0.14
26.8,1486,233.3,-0.16
26.82,1487,233.6,-0.18
26.84,1489,233.9,-0.2
26.86,1490,233.6,-0.2
26.88,1491,234.4,-0.18
26.9,1493,234.1,-0.16
26.92,1494,234.4,-0.18
26.94,1495,235.1,-0.18
26.96,1497,234.7,-0.18
26.98,1498,235,-0.18
27,1499,234.7,-0.16
27.02,1501,235.2,-0.16
27.04,1502,235.7,-0.16
27.06,1503,235.4,-0.16
27.08,1505,236,-0.18
27.1,1506,236,-0.17
27.12,1507,235.9,-0.19
27.14,1508,236.7,-0.21
27.16,1510,236.3,-0.21
27.18,1511,236.8,-0.21
27.2,1512,237.3,-0.19
27.22,1514,236.6,-0.17
27.24,1515,237.3,-0.16
27.26,1516,237.4,-0.14
27.28,1518,237.4,-0.12
27.3,1519,237.9,-0.1
27.32,1520,237.6,-0.08
27.34,1522,238.1,-0.06
27.36,1523,238.7,-0.04
27.38,1524,238.2,-0.02
27.4,1526,238.8,0
27.42,1527,238.6,0.03
27.44,1528,238.3,0.05
27.46,1530,239.2,0.07
27.48,1531,239.1,0.09
27.5,1532,239.5,0.09
27.52,1534,240.1,0.11
27.54,1535,239.5,0.13
27.56,1536,239.8,0.15
27.58,1538,239.8,0.17
27.6,1539,239.8,0.15
27.62,1540,240.9,0.15
27.64,1542,240.7,0.13
27.66,1543,241,0.11
27.68,1544,241.5,0.12
27.7,1546,240.7,0.12
27.72,1547,241.1,0.1
27.74,1548,241,0.08
27.76,1550,241.1,0.06
27.78,1551,242.2,0.05
27.8,1552,242,0.06
27.82,1554,242.3,0.04
27.84,1555,242.9,0.04
27.86,1556,242,0.04
27.88,1558,242.5,0.02
27.9,1559,242.6,0.04
27.92,1561,242.5,0.06
27.94,1562,243.1,0.07
27.96,1563,243.1,0.09
27.98,1565,243.1,0.09
28,1566,243.8,0.11
28.02,1567,243.4,0.14
28.04,1569,243.6,0.16
28.06,1570,243.9,0.18
28.08,1571,243.4,0.2
28.1,1573,244,0.22
28.12,1574,243.2,0.23
28.14,1575,243.2,0.23
28.16,1577,243.1,0.23
28.18,1578,242.6,0.21
28.2,1580,242,0.18
28.22,1581,241.1,0.15
28.24,1582,240,0.13
28.26,1584,238.6,0.11
28.28,1585,237,0.09
28.3,1586,235.1,0.06
28.32,1587,233.1,0.03
28.34,1589,231,0.01
28.36,1590,229,-0.01
28.38,1591,227.1,0
28.4,1593,225.1,-0.01
28.42,1594,223.1,-0.03
28.44,1595,221.2,-0.05
28.46,1596,219.2,-0.07
28.48,1597,217.3,-0.07
28.5,1599,215.4,-0.07
28.52,1600,213.5,-0.07
28.54,1601,211.7,-0.07
28.56,1602,209.8,-0.09
28.58,1603,208.1,-0.09
28.6,1605,206.3,-0.1
28.62,1606,204.6,-0.09
28.64,1607,202.8,-0.09
28.66,1608,201,-0.09
28.68,1609,199.1,-0.13
28.7,1610,197.3,-0.17
28.72,1611,195.4,-0.19
28.74,1612,193.6,-0.19
28.76,1613,191.7,-0.19
28.78,1614,190,-0.19
28.8,1615,188.3,-0.17
28.82,1616,186.6,-0.15
28.84,1618,184.9,-0.15
28.86,1619,183,-0.17
28.88,1620,181.2,-0.17
28.9,1621,179.4,-0.15
28.92,1622,177.7,-0.13
28.94,1623,176,-0.14
28.96,1623,174.4,-0.12
28.98,1624,172.9,-0.09
29,1625,171.3,-0.07
29.02,1626,169.8,-0.05
29.04,1627,168.2,-0.05
29.06,1628,166.5,-0.03
29.08,1629,164.9,-0.02
29.1,1630,163.3,-0.01
29.12,1631,161.8,0.01
29.14,1632,160.3,0.01
29.16,1633,158.9,0.03
29.18,1634,157.4,0.03
29.2,1634,156,0.01
29.22,1635,155,-0.01
29.24,1636,153.6,-0.01
29.26,1637,152.2,-0.01
29.28,1638,150.8,0.01
29.3,1639,149.4,-0.01
29.32,1640,148,-0.03
29.34,1640,147.5,-0.03
29.36,1641,146.3,-0.01
29.38,1642,145.1,0.01
29.4,1643,143.9,-0.01
29.42,1644,142.6,-0.03
29.44,1644,141.7,-0.05
29.46,1645,141.1,-0.05
29.48,1646,140.8,-0.07
29.5,1647,139.7,-0.09
29.52,1647,138.5,-0.11
29.54,1648,137.3,-0.09
29.56,1649,136.1,-0.07
29.58,1650,134.7,-0.09
29.6,1651,133.4,-0.07
29.62,1651,132.1,-0.05
29.64,1652,130.9,-0.03
29.66,1653,129.7,-0.01
29.68,1653,128.4,0.01
29.7,1654,127,0.02
29.72,1655,125.7,0.04
29.74,1656,124.9,0.06
29.76,1656,124.5,0.08
29.78,1657,123.8,0.1
29.8,1658,122.6,0.14
29.82,1658,121.5,0.16
29.84,1659,120.3,0.18
29.86,1660,118.9,0.2
29.88,1660,117.6,0.23
29.9,1661,116.5,0.27
29.92,1662,115.9,0.31
29.94,1662,115.1,0.34
29.96,1663,114.3,0.37
29.98,1663,113.4,0.4
30,1664,112.5,0.42
30.02,1665,111.6,0.44
30.04,1665,110.9,0.48
30.06,1666,110.3,0.57
30.08,1667,109.9,0.66
30.1,1667,109.1,0.7
30.12,1668,108.3,0.73
30.14,1668,107.4,0.75
30.16,1669,106.5,0.78
30.18,1670,105.8,0.85
30.2,1670,105.6,0.95
30.22,1671,105.1,1.02
30.24,1671,104.6,1.08
30.26,1672,104.2,1.15
30.28,1672,103.4,1.22
30.3,1673,102.6,1.3
30.32,1674,102.3,1.37
30.34,1674,101.6,1.45
30.36,1675,101,1.54
30.38,1675,100.7,1.57
30.4,1676,100.3,1.59
30.42,1676,99.7,1.62
30.44,1677,99.1,1.64
30.46,1678,98.5,1.67
30.48,1678,98.3,1.71
30.5,1679,97.8,1.75
30.52,1679,97.3,1.79
30.54,1680,96.8,1.81
30.56,1680,96.5,1.81
30.58,1681,96,1.83
30.6,1681,95.4,1.85
30.62,1682,95,1.84
30.64,1682,95,1.84
30.66,1683,94.5,1.86
30.68,1683,94,1.88
30.7,1684,93.6,1.88
30.72,1684,93.1,1.86
30.74,1685,92.6,1.84
30.76,1685,92.2,1.82
30.78,1686,91.7,1.84
30.8,1686,91.6,1.87
30.82,1687,91,1.92
30.84,1688,90.5,1.94
30.86,1688,90,1.95
30.88,1689,89.9,1.93
30.9,1689,89.6,1.91
30.92,1690,89.1,1.89
30.94,1690,88.6,1.89
30.96,1690,88.1,1.91
30.98,1691,87.9,1.93
31,1691,87.5,1.95
31.02,1692,87,1.97
31.04,1692,86.6,1.97
31.06,1693,86.2,1.95
31.08,1693,85.8,1.93
31.1,1694,85.6,1.91
31.12,1694,85.2,1.9
31.14,1695,84.7,1.92
31.16,1695,84.5,1.95
31.18,1696,84.1,1.97
31.2,1696,83.6,1.97
31.22,1697,83.1,1.95
31.24,1697,82.7,1.93
31.26,1698,82.2,1.9
31.28,1698,81.8,1.88
31.3,1699,81.3,1.87
31.32,1699,80.8,1.89
31.34,1699,80.7,1.92
31.36,1700,80.6,1.94
31.38,1700,80.6,1.93
31.4,1701,80.1,1.91
31.42,1701,79.7,1.88
31.44,1702,79.2,1.86
31.46,1702,78.8,1.85
31.48,1703,78.4,1.86
31.5,1703,77.9,1.89
31.52,1703,77.8,1.96
31.54,1704,78.1,2.03
31.56,1704,77.8,2.06
31.58,1705,77.3,2.02
31.6,1705,76.9,1.94
31.62,1706,76.6,1.87
31.64,1706,76.2,1.84
31.66,1706,75.7,1.84
31.68,1707,75.3,1.89
31.7,1707,74.9,1.94
31.72,1708,74.8,1.98
31.74,1708,74.8,2.01
31.76,1708,74.3,2.01
31.78,1709,74.3,1.99
31.8,1709,73.9,1.97
31.82,1710,73.5,1.95
31.84,1710,73.4,1.93
31.86,1711,73.4,1.93
31.88,1711,73.1,1.98
31.9,1711,73,2.03
31.92,1712,72.8,2.05
31.94,1712,72.5,2.03
31.96,1713,72.5,2
31.98,1713,72.3,1.98
32,1713,72,1.98
32.02,1714,71.8,2
32.04,1714,71.8,1.99
32.06,1715,72.5,1.95
32.08,1715,72.7,1.92
32.1,1715,72.5,1.9
32.12,1716,72.5,1.88
32.14,1716,72.4,1.88
32.16,1717,72.7,1.9
32.18,1717,73.3,1.92
32.2,1717,73.3,1.92
32.22,1718,74,1.89
32.24,1718,74.5,1.87
32.26,1719,74.8,1.85
32.28,1719,74.9,1.83
32.3,1719,74.9,1.81
32.32,1720,75.2,1.79
32.34,1720,75.7,1.81
32.36,1721,76.3,1.82
32.38,1721,76.3,1.8
32.4,1722,76.5,1.78
32.42,1722,76.6,1.76
32.44,1722,76.6,1.72
32.46,1723,77,1.68
32.48,1723,77.1,1.65
32.5,1724,77.1,1.63
32.52,1724,77.5,1.65
32.54,1725,78,1.67
32.56,1725,78.7,1.67
32.58,1725,79.1,1.65
32.6,1726,79.1,1.62
32.62,1726,79.4,1.57
32.64,1727,79.7,1.51
32.66,1727,80.6,1.48
32.68,1728,81.2,1.5
32.7,1728,81.8,1.52
32.72,1729,82.4,1.51
32.74,1729,82.4,1.53
32.76,1730,82.9,1.53
32.78,1730,83.2,1.55
32.8,1730,83.4,1.55
32.82,1731,83.8,1.53
32.84,1731,84.4,1.51
32.86,1732,84.9,1.53
32.88,1732,85.2,1.51
32.9,1733,85.2,1.49
32.92,1733,85.6,1.51
32.94,1734,86,1.54
32.96,1734,86.3,1.58
32.98,1735,86.7,1.62
33,1735,87.2,1.64
33.02,1736,88,1.64
33.04,1736,88.3,1.61
33.06,1737,88.7,1.57
33.08,1737,89,1.53
33.1,1738,89.5,1.51
33.12,1738,89.8,1.49
33.14,1739,90.3,1.47
33.16,1739,90.3,1.45
33.18,1740,90.9,1.41
33.2,1740,91.6,1.38
33.22,1741,91.9,1.36
33.24,1741,92.2,1.33
33.26,1742,92.8,1.29
33.28,1742,92.8,1.25
33.3,1743,94.1,1.22
33.32,1743,94.7,1.2
33.34,1744,95.4,1.18
33.36,1744,96.4,1.16
33.38,1745,96.8,1.14
33.4,1745,97.3,1.14
33.42,1746,97.8,1.12
33.44,1747,98.5,1.1
33.46,1747,99,1.08
33.48,1748,99.5,1.1
33.5,1748,100.3,1.12
33.52,1749,101.6,1.12
33.54,1749,101.8,1.09
33.56,1750,102.5,1.06
33.58,1751,103,1.04
33.6,1751,103.8,1.06
33.62,1752,104.6,1.09
33.64,1752,104.9,1.09
33.66,1753,106,1.09
33.68,1753,106.4,1.1
33.7,1754,106.7,1.09
33.72,1755,107.9,1.07
33.74,1755,109.3,1.06
33.76,1756,109.6,1.05
33.78,1756,109.7,1.08
33.8,1757,110.2,1.08
33.82,1758,110.3,1.05
33.84,1758,110.6,0.98
33.86,1759,111.7,0.95
33.88,1760,111.8,0.95
33.9,1760,112.3,0.92
33.92,1761,112.8,0.86
33.94,1761,113.7,0.81
33.96,1762,114.4,0.77
33.98,1763,114.9,0.74
34,1763,115.6,0.69
34.02,1764,115.9,0.65
34.04,1765,116.3,0.65
34.06,1765,117.5,0.63
34.08,1766,118,0.61
34.1,1767,118.4,0.59
34.12,1767,118.9,0.57
34.14,1768,119.7,0.58
34.16,1769,119.9,0.59
34.18,1769,120.4,0.57
34.2,1770,121.1,0.55
34.22,1771,121.8,0.53
34.24,1771,122.4,0.51
34.26,1772,122.9,0.49
34.28,1773,123.1,0.47
34.3,1773,123.8,0.45
34.32,1774,124.3,0.43
34.34,1775,124.6,0.41
34.36,1776,125.3,0.39
34.38,1776,126,0.37
34.4,1777,126.2,0.35
34.42,1778,127.2,0.33
34.44,1778,127.7,0.31
34.46,1779,128.2,0.29
34.48,1780,128.3,0.27
34.5,1780,128.7,0.25
34.52,1781,128.8,0.23
34.54,1782,129.9,0.21
34.56,1783,130.6,0.19
34.58,1783,130.9,0.17
34.6,1784,131.7,0.15
34.62,1785,131.9,0.13
34.64,1786,132.7,0.09
34.66,1786,134.2,0.08
34.68,1787,133.9,0.08
34.7,1788,134.4,0.05
34.72,1789,134.9,0.01
34.74,1789,135.4,-0.02
34.76,1790,135.8,-0.02
34.78,1791,135.7,-0.03
34.8,1792,136,-0.03
34.82,1792,136.2,-0.03
34.84,1793,136.4,-0.02
34.86,1794,136.8,-0.03
34.88,1795,137.6,-0.03
34.9,1795,138.1,-0.01
34.92,1796,138.4,0
34.94,1797,138.9,-0.01
34.96,1798,139.4,-0.02
34.98,1799,139.3,0
35,1799,140,0
35.02,1800,140.7,-0.03
35.04,1801,141.4,-0.06
35.06,1802,141.9,-0.07
35.08,1802,142.1,-0.07
35.1,1803,142.6,-0.08
35.12,1804,143,-0.1
35.14,1805,143.3,-0.12
35.16,1806,143.5,-0.12
35.18,1806,144.2,-0.1
35.2,1807,144.8,-0.1
35.22,1808,145.7,-0.1
35.24,1809,145.5,-0.08
35.26,1810,145.9,-0.06
35.28,1811,146.1,-0.06
35.3,1811,146.3,-0.06
35.32,1812,147.1,-0.08
35.34,1813,147.7,-0.08
35.36,1814,148.6,-0.08
35.38,1815,148.8,-0.1
35.4,1815,148.8,-0.1
35.42,1816,149.3,-0.06
35.44,1817,149.4,-0.06
35.46,1818,150.4,-0.07
35.48,1819,150.5,-0.08
35.5,1820,150.8,-0.05
35.52,1820,151.6,-0.1
35.54,1821,152,-0.13
35.56,1822,152.8,-0.13
35.58,1823,152.8,-0.13
35.6,1824,153,-0.16
35.62,1825,153.8,-0.16
35.64,1826,153.8,-0.15
35.66,1826,154.7,-0.15
35.68,1827,155.4,-0.15
35.7,1828,155.1,-0.15
35.72,1829,155.7,-0.13
35.74,1830,155.6,-0.1
35.76,1831,156.3,-0.06
35.78,1832,156.4,-0.08
35.8,1833,156.8,-0.06
35.82,1833,157.5,-0.04
35.84,1834,158,-0.02
35.86,1835,158.6,0
35.88,1836,158.9,0
35.9,1837,159,0.02
35.92,1838,159.4,0.04
35.94,1839,159.9,0.06
35.96,1840,160.4,0.08
35.98,1841,160.8,0.1
36,1841,161.2,0.12
36.02,1842,161.6,0.14
36.04,1843,161.7,0.16
36.06,1844,161.9,0.14
36.08,1845,162.4,0.16
36.1,1846,162.9,0.18
36.12,1847,163.4,0.2
36.14,1848,164,0.22
36.16,1849,164.7,0.24
36.18,1850,164.6,0.26
36.2,1851,164.8,0.28
36.22,1851,165.2,0.29
36.24,1852,165.5,0.31
36.26,1853,165.9,0.31
36.28,1854,166.3,0.33
36.3,1855,166.9,0.35
36.32,1856,167,0.37
36.34,1857,167.5,0.36
36.36,1858,168.1,0.38
36.38,1859,168.5,0.4
36.4,1860,168.9,0.42
36.42,1861,168.9,0.44
36.44,1862,169.4,0.46
36.46,1863,169.3,0.48
36.48,1864,170.1,0.5
36.5,1865,170.3,0.52
36.52,1866,170.7,0.5
36.54,1866,171.4,0.5
36.56,1867,171.8,0.52
36.58,1868,172.2,0.54
36.6,1869,172.4,0.56
36.62,1870,172.6,0.58
36.64,1871,172.7,0.6
36.66,1872,173.4,0.62
36.68,1873,173.4,0.62
36.7,1874,174.3,0.6
36.72,1875,174.3,0.62
36.74,1876,174.1,0.64
36.76,1877,174.4,0.66
36.78,1878,174.9,0.66
36.8,1879,175.3,0.68
36.82,1880,175,0.7
36.84,1881,175.3,0.68
36.86,1882,175.1,0.66
36.88,1883,175.9,0.68
36.9,1884,176,0.7
36.92,1885,177,0.68
36.94,1886,177,0.66
36.96,1887,177.2,0.68
36.98,1888,177.5,0.68
37,1889,177.4,0.66
37.02,1890,177.8,0.66
37.04,1891,178.4,0.68
37.06,1892,179.1,0.72
37.08,1893,179.6,0.75
37.1,1894,180.1,0.78
37.12,1895,179.9,0.8
37.14,1896,180.2,0.82
37.16,1897,180,0.81
37.18,1898,180.7,0.83
37.2,1899,180.9,0.85
37.22,1900,181.9,0.87
37.24,1901,181.9,0.89
37.26,1902,182.6,0.89
37.28,1903,182.3,0.87
37.3,1904,182.4,0.85
37.32,1905,182.6,0.85
37.34,1906,182.9,0.87
37.36,1907,183.6,0.89
37.38,1908,184,0.91
37.4,1909,184.4,0.91
37.42,1910,184.4,0.89
37.44,1911,184.7,0.87
37.46,1912,184.9,0.87
37.48,1913,185.5,0.89
37.5,1914,185.9,0.91
37.52,1915,186.2,0.93
37.54,1916,186.2,0.94
37.56,1917,186.4,0.93
37.58,1918,186.3,0.95
37.6,1919,187.1,0.97
37.62,1920,187.4,0.99
37.64,1922,188.6,1.02
37.66,1923,188.4,1.06
37.68,1924,189,1.08
37.7,1925,188.3,1.06
37.72,1926,188.9,1.04
37.74,1927,188.8,1.06
37.76,1928,189.8,1.08
37.78,1929,189.7,1.1
37.8,1930,190.4,1.08
37.82,1931,190.2,1.06
37.84,1932,190.6,1.04
37.86,1933,190.4,1.02
37.88,1934,191.2,1
37.9,1935,191,1.02
37.92,1936,191.9,1.04
37.94,1937,191.8,1.06
37.96,1938,192.7,1.05
37.98,1940,192.6,1.07
38,1941,193.3,1.09
38.02,1942,193,1.12
38.04,1943,193.7,1.14
38.06,1944,193.4,1.12
38.08,1945,193.8,1.1
38.1,1946,193.5,1.08
38.12,1947,194.2,1.06
38.14,1948,194.2,1.04
38.16,1949,195.1,1.04
38.18,1950,195.1,1.06
38.2,1951,195.9,1.05
38.22,1953,195.7,1.07
38.24,1954,196,1.09
38.26,1955,196.1,1.11
38.28,1956,196.7,1.13
38.3,1957,196.9,1.15
38.32,1958,197.3,1.17
38.34,1959,197.4,1.17
38.36,1960,197.7,1.15
38.38,1961,197.6,1.13
38.4,1962,197.9,1.11
38.42,1964,198,1.09
38.44,1965,198.4,1.07
38.46,1966,198.5,1.05
38.48,1967,198.8,1.03
38.5,1968,198.8,1
38.52,1969,199,0.98
38.54,1970,199.7,0.96
38.56,1971,199.8,0.95
38.58,1972,200.5,0.95
38.6,1974,200.5,0.97
38.62,1975,201.1,0.99
38.64,1976,200.7,0.99
38.66,1977,201.2,0.99
38.68,1978,201.1,0.99
38.7,1979,201.7,0.97
38.72,1980,202,0.99
38.74,1981,202.1,0.99
38.76,1982,202.1,0.99
38.78,1984,202.3,0.99
38.8,1985,202.5,1.01
38.82,1986,202.7,1.03
38.84,1987,202.4,1.02
38.86,1988,202.7,1
38.88,1989,202.8,0.99
38.9,1990,202.9,1
38.92,1992,203.8,0.98
38.94,1993,203.5,0.96
38.96,1994,204.2,0.94
38.98,1995,204,0.96
39,1996,204.7,0.98
39.02,1997,204.5,1
39.04,1998,205.3,1.02
39.06,2000,205.4,1.05
39.08,2001,205.6,1.07
39.1,2002,205.6,1.07
39.12,2003,205.7,1.05
39.14,2004,205.7,1.03
39.16,2005,206,1.01
39.18,2006,206.8,0.99
39.2,2008,206.5,0.97
39.22,2009,207.1,0.97
39.24,2010,206.9,0.99
39.26,2011,207.4,0.97
39.28,2012,207.2,0.97
39.3,2013,207.8,0.99
39.32,2014,208,1.01
39.34,2016,208.3,1.03
39.36,2017,208.3,1.03
39.38,2018,208.4,1.01
39.4,2019,208.4,0.99
39.42,2020,208.7,0.97
39.44,2021,209.6,0.95
39.46,2023,209.5,0.95
39.48,2024,210.1,0.97
39.5,2025,209.9,0.97
39.52,2026,210.4,0.95
39.54,2027,210.5,0.93
39.56,2028,210.7,0.91
39.58,2030,210.7,0.91
39.6,2031,210.9,0.89
39.62,2032,211.4,0.87
39.64,2033,211.2,0.85
39.66,2034,211.9,0.82
39.68,2036,211.6,0.78
39.7,2037,212.3,0.75
39.72,2038,212.3,0.73
39.74,2039,212.6,0.71
39.76,2040,212.6,0.69
39.78,2041,213.1,0.66
39.8,2043,213.4,0.64
39.82,2044,213.3,0.62
39.84,2045,214,0.6
39.86,2046,213.6,0.58
39.88,2047,214.1,0.55
39.9,2049,214,0.52
39.92,2050,214.2,0.49
39.94,2051,214.3,0.47
39.96,2052,214.8,0.44
39.98,2053,215.3,0.42
40,2055,215,0.4
40.02,2056,216,0.37
40.04,2057,215.8,0.35
40.06,2058,216.6,0.31
40.08,2059,216.8,0.29
40.1,2061,217.2,0.25
40.12,2062,217.2,0.22
40.14,2063,217.3,0.18
40.16,2064,218.1,0.13
40.18,2065,217.6,0.09
40.2,2067,218.2,0.05
40.22,2068,218.2,0.03
40.24,2069,218.6,0
40.26,2070,218.6,-0.02
40.28,2072,218.6,-0.04
40.3,2073,219.4,-0.06
40.32,2074,219,-0.08
40.34,2075,219.7,-0.1
40.36,2076,219.7,-0.12
40.38,2078,220.2,-0.14
40.4,2079,220.1,-0.17
40.42,2080,220.3,-0.24
40.44,2081,221.2,-0.3
40.46,2083,220.6,-0.34
40.48,2084,221.2,-0.41
40.5,2085,221.3,-0.5
40.52,2086,222.1,-0.62
40.54,2088,223.1,-0.74
40.56,2089,222.9,-0.88
40.58,2090,223.4,-1
40.6,2091,222.5,-1.1
40.62,2093,222.4,-1.19
40.64,2094,222.2,-1.29
40.66,2095,223,-1.39
40.68,2096,224,-1.49
40.7,2097,224.1,-1.59
40.72,2099,224.5,-1.67
40.74,2100,223.7,-1.73
40.76,2101,223.7,-1.79
40.78,2102,222.2,-1.83
40.8,2104,221.6,-1.88
40.82,2105,222.8,-1.98
40.84,2106,224,-2.11
40.86,2107,225,-2.23
40.88,2109,225,-2.33
40.9,2110,224.7,-2.43
40.92,2111,224.3,-2.49
40.94,2112,223.8,-2.51
40.96,2114,223.3,-2.55
40.98,2115,222.7,-2.62
41,2116,222.2,-2.72
41.02,2117,221.7,-2.78
41.04,2119,221.2,-2.8
41.06,2120,220.7,-2.8
41.08,2121,220.2,-2.8
41.1,2122,219.7,-2.8
41.12,2124,219.2,-2.78
41.14,2125,218.7,-2.76
41.16,2126,218.2,-2.74
41.18,2127,217.8,-2.74
41.2,2128,217.4,-2.72
41.22,2130,217,-2.7
41.24,2131,216.7,-2.67
41.26,2132,216.4,-2.62
41.28,2133,216,-2.57
41.3,2134,215.6,-2.53
41.32,2136,215.2,-2.56
41.34,2137,214.8,-2.6
41.36,2138,214.5,-2.65
41.38,2139,214.1,-2.67
41.4,2140,213.7,-2.67
41.42,2142,213.3,-2.65
41.44,2143,212.8,-2.66
41.46,2144,212.3,-2.68
41.48,2145,211.9,-2.72
41.5,2146,211.4,-2.78
41.52,2148,211,-2.78
41.54,2149,210.6,-2.76
41.56,2150,210.2,-2.74
41.58,2151,209.8,-2.72
41.6,2152,209.5,-2.7
41.62,2153,209.1,-2.7
41.64,2155,208.8,-2.74
41.66,2156,208.4,-2.81
41.68,2157,208,-2.84
41.7,2158,207.6,-2.86
41.72,2159,207.3,-2.89
41.74,2160,206.9,-2.91
41.76,2161,206.5,-2.93
41.78,2163,206.2,-2.96
41.8,2164,205.9,-2.95
41.82,2165,205.8,-2.84
41.84,2166,204.8,-2.72
41.86,2167,205,-2.67
41.88,2168,205.7,-2.72
41.9,2169,207.6,-2.77
41.92,2171,208.3,-2.97
41.94,2172,208.3,-3.06
41.96,2173,207.5,-3.08
41.98,2174,206.7,-3.05
42,2175,205.9,-2.94
42.02,2176,205.1,-2.88
42.04,2178,204.3,-2.81
42.06,2179,203.7,-2.7
42.08,2180,205.4,-2.65
42.1,2181,205.5,-2.59
42.12,2182,205.6,-2.52
42.14,2183,204.7,-2.52
42.16,2184,204.5,-2.54
42.18,2186,203.9,-2.69
42.2,2187,204.5,-2.94
42.22,2188,203.9,-3.16
42.24,2189,204.2,-3.26
42.26,2190,203.1,-3.26
42.28,2191,203.3,-3.21
42.3,2192,201.9,-3.14
42.32,2193,202,-3.05
42.34,2195,202.9,-2.93
42.36,2196,202.8,-2.81
42.38,2197,204.3,-2.72
42.4,2198,204.8,-2.7
42.42,2199,205.7,-2.68
42.44,2200,205.6,-2.7
42.46,2201,205.7,-2.76
42.48,2203,204.8,-2.8
42.5,2204,205.2,-2.77
42.52,2205,204.4,-2.71
42.54,2206,205,-2.67
42.56,2207,204.8,-2.7
42.58,2208,206,-2.76
42.6,2209,205.9,-2.79
42.62,2211,205.3,-2.79
42.64,2212,205,-2.76
42.66,2213,204.5,-2.73
42.68,2214,204.8,-2.71
42.7,2215,204.7,-2.71
42.72,2216,204.4,-2.67
42.74,2217,204,-2.6
42.76,2219,203.4,-2.51
42.78,2220,202.7,-2.41
42.8,2221,201.8,-2.37
42.82,2222,200.8,-2.35
42.84,2223,199.7,-2.41
42.86,2224,198.6,-2.47
42.88,2225,197.5,-2.5
42.9,2226,196.3,-2.52
42.92,2227,195.3,-2.54
42.94,2229,194.2,-2.52
42.96,2230,193,-2.5
42.98,2231,191.9,-2.48
43,2232,190.8,-2.44
43.02,2233,189.7,-2.38
43.04,2234,188.6,-2.31
43.06,2235,187.4,-2.25
43.08,2236,186.2,-2.21
43.1,2237,185,-2.15
43.12,2238,183.9,-2.05
43.14,2239,182.7,-1.96
43.16,2240,181.5,-1.86
43.18,2241,180.3,-1.76
43.2,2242,179.1,-1.66
43.22,2243,177.8,-1.57
43.24,2244,176.5,-1.49
43.26,2245,175.1,-1.43
43.28,2246,173.8,-1.37
43.3,2247,172.4,-1.32
43.32,2248,171,-1.29
43.34,2249,169.6,-1.27
43.36,2250,168.2,-1.25
43.38,2251,166.9,-1.25
43.4,2252,165.5,-1.25
43.42,2252,164.3,-1.27
43.44,2253,163,-1.25
43.46,2254,161.8,-1.21
43.48,2255,160.7,-1.18
43.5,2256,159.5,-1.2
43.52,2257,158.5,-1.23
43.54,2258,157.3,-1.19
43.56,2259,156.1,-1.14
43.58,2260,154.7,-1.18
43.6,2260,153.4,-1.2
43.62,2261,152.2,-1.17
43.64,2262,151,-1.15
43.66,2263,149.7,-1.19
43.68,2264,148.4,-1.25
43.7,2265,147.2,-1.27
43.72,2265,146.1,-1.29
43.74,2266,145,-1.3
43.76,2267,143.9,-1.33
43.78,2268,142.9,-1.4
43.8,2269,141.8,-1.51
43.82,2269,140.8,-1.62
43.84,2270,139.8,-1.71
43.86,2271,138.9,-1.75
43.88,2272,138,-1.73
43.9,2272,137.2,-1.69
43.92,2273,136.5,-1.66
43.94,2274,135.7,-1.64
43.96,2275,135,-1.68
43.98,2275,134.3,-1.71
44,2276,133.6,-1.73
44.02,2277,132.9,-1.75
44.04,2278,132.3,-1.79
44.06,2278,131.8,-1.83
44.08,2279,131.3,-1.88
44.1,2280,130.8,-1.94
44.12,2281,130.3,-1.98
44.14,2281,129.8,-1.98
44.16,2282,129.3,-1.96
44.18,2283,128.9,-1.91
44.2,2284,128.4,-1.83
44.22,2284,128,-1.78
44.24,2285,127.5,-1.78
44.26,2286,126.9,-1.82
44.28,2286,126.4,-1.84
44.3,2287,125.9,-1.84
44.32,2288,125.4,-1.82
44.34,2288,124.9,-1.82
44.36,2289,124.4,-1.84
44.38,2290,123.8,-1.88
44.4,2291,123.3,-1.93
44.42,2291,122.8,-2
44.44,2292,122.2,-2.04
44.46,2293,121.7,-2.06
44.48,2293,121.1,-2.08
44.5,2294,120.5,-2.12
44.52,2295,119.9,-2.15
44.54,2295,119.4,-2.19
44.56,2296,118.8,-2.26
44.58,2297,118.3,-2.29
44.6,2297,117.8,-2.27
44.62,2298,117.3,-2.25
44.64,2299,116.8,-2.23
44.66,2299,116.3,-2.21
44.68,2300,115.7,-2.24
44.7,2300,115.2,-2.3
44.72,2301,114.7,-2.35
44.74,2302,114.3,-2.37
44.76,2302,113.8,-2.41
44.78,2303,113.4,-2.46
44.8,2304,112.9,-2.46
44.82,2304,112.5,-2.41
44.84,2305,112.2,-2.35
44.86,2306,111.8,-2.33
44.88,2306,111.4,-2.36
44.9,2307,111.1,-2.4
44.92,2307,110.8,-2.38
44.94,2308,110.5,-2.36
44.96,2309,110.3,-2.34
44.98,2309,110,-2.32
45,2310,109.8,-2.28
45.02,2310,109.5,-2.24
45.04,2311,109.2,-2.25
45.06,2312,108.9,-2.32
45.08,2312,108.6,-2.36
45.1,2313,108.2,-2.36
45.12,2313,107.9,-2.34
45.14,2314,107.5,-2.37
45.16,2315,107.2,-2.41
45.18,2315,106.8,-2.4
45.2,2316,106.5,-2.35
45.22,2316,106.1,-2.36
45.24,2317,105.8,-2.4
45.26,2318,105.5,-2.39
45.28,2318,105.2,-2.38
45.3,2319,104.9,-2.3
45.32,2319,104.7,-2.3
45.34,2320,104.5,-2.4
45.36,2321,104.3,-2.42
45.38,2321,104.3,-2.35
45.4,2322,103.9,-2.23
45.42,2322,103.3,-2.12
45.44,2323,102.9,-2.07
45.46,2323,102.7,-2.15
45.48,2324,102.8,-2.13
45.5,2325,102.7,-2.09
45.52,2325,102.4,-2.01
45.54,2326,102.7,-1.98
45.56,2326,102.4,-1.92
45.58,2327,102.2,-1.87
45.6,2327,102.2,-1.96
45.62,2328,102.5,-2.03
45.64,2329,102.5,-2.03
45.66,2329,102.5,-1.99
45.68,2330,103,-1.94
45.7,2330,102.5,-1.88
45.72,2331,102.5,-1.92
45.74,2331,102.7,-1.98
45.76,2332,103.3,-2.03
45.78,2333,103,-2.01
45.8,2333,102.7,-1.99
45.82,2334,102.7,-1.99
45.84,2334,103.1,-2.04
45.86,2335,103.3,-2.06
45.88,2335,103.6,-2.04
45.9,2336,104.3,-1.98
45.92,2337,104,-1.86
45.94,2337,104,-1.78
45.96,2338,103.8,-1.72
45.98,2338,104,-1.7
46,2339,103.9,-1.73
46.02,2339,104,-1.75
46.04,2340,104.3,-1.75
46.06,2341,104.8,-1.72
46.08,2341,105.1,-1.68
46.1,2342,105.2,-1.61
46.12,2342,105.9,-1.55
46.14,2343,106.1,-1.52
46.16,2344,106.5,-1.54
46.18,2344,107,-1.57
46.2,2345,107.6,-1.62
46.22,2345,107.8,-1.67
46.24,2346,107.8,-1.69
46.26,2347,107.9,-1.71
46.28,2347,108.1,-1.73
46.3,2348,108.3,-1.79
46.32,2348,108.5,-1.85
46.34,2349,108.9,-1.87
46.36,2350,109,-1.84
46.38,2350,109,-1.8
46.4,2351,109.1,-1.78
46.42,2351,109.3,-1.8
46.44,2352,109.4,-1.82
46.46,2353,109.6,-1.79
46.48,2353,109.9,-1.76
46.5,2354,109.9,-1.73
46.52,2354,110.2,-1.73
46.54,2355,110.5,-1.75
46.56,2356,110.9,-1.77
46.58,2356,111.2,-1.75
46.6,2357,111.5,-1.75
46.62,2358,111.8,-1.78
46.64,2358,111.9,-1.83
46.66,2359,112.1,-1.85
46.68,2359,112.6,-1.87
46.7,2360,112.5,-1.86
46.72,2361,112.6,-1.88
46.74,2361,112.8,-1.88
46.76,2362,113.2,-1.85
46.78,2363,113.3,-1.81
46.8,2363,113.7,-1.76
46.82,2364,114.2,-1.73
46.84,2365,114.5,-1.67
46.86,2365,114.7,-1.59
46.88,2366,115.2,-1.52
46.9,2366,115.1,-1.49
46.92,2367,115.1,-1.51
46.94,2368,115.2,-1.49
46.96,2368,115.4,-1.47
46.98,2369,115.6,-1.45
47,2370,116.1,-1.43
47.02,2370,116.9,-1.41
47.04,2371,117.4,-1.37
47.06,2372,117.5,-1.3
47.08,2372,118.6,-1.25
47.1,2373,119,-1.21
47.12,2374,119,-1.17
47.14,2374,119.9,-1.15
47.16,2375,120.3,-1.15
47.18,2376,120.7,-1.15
47.2,2376,120.8,-1.17
47.22,2377,121.5,-1.12
47.24,2378,121.6,-1.07
47.26,2378,121.4,-1.07
47.28,2379,122.1,-1.09
47.3,2380,122.7,-1.07
47.32,2380,123.2,-1.05
47.34,2381,123.4,-1.08
47.36,2382,123.4,-1.12
47.38,2382,123.7,-1.12
47.4,2383,123.9,-1.1
47.42,2384,123.8,-1.08
47.44,2385,124.6,-1.06
47.46,2385,125.2,-1.01
47.48,2386,125.7,-0.98
47.5,2387,126,-0.9
47.52,2387,126.2,-0.85
47.54,2388,125.7,-0.78
47.56,2389,126.7,-0.68
47.58,2389,127.3,-0.62
47.6,2390,127.6,-0.58
47.62,2391,128.3,-0.58
47.64,2392,128.9,-0.56
47.66,2392,129.2,-0.52
47.68,2393,130,-0.45
47.7,2394,130.4,-0.45
47.72,2394,130.7,-0.48
47.74,2395,130.9,-0.47
47.76,2396,131.5,-0.4
47.78,2397,131.2,-0.35
47.8,2397,131.9,-0.36
47.82,2398,132.1,-0.36
47.84,2399,132.8,-0.33
47.86,2400,133.1,-0.28
47.88,2400,134,-0.25
47.9,2401,134.3,-0.25
47.92,2402,135.2,-0.29
47.94,2403,136,-0.33
47.96,2403,136.4,-0.37
47.98,2404,136.6,-0.4
48,2405,136.7,-0.44
48.02,2406,136.9,-0.5
48.04,2406,138.3,-0.5
48.06,2407,137.8,-0.47
48.08,2408,137.9,-0.43
48.1,2409,137.9,-0.41
48.12,2410,137.6,-0.4
48.14,2410,139.5,-0.4
48.16,2411,140.2,-0.4
48.18,2412,140.5,-0.37
48.2,2413,141,-0.38
48.22,2413,141.8,-0.4
48.24,2414,142.5,-0.45
48.26,2415,143.2,-0.48
48.28,2416,143.1,-0.52
48.3,2417,143.1,-0.52
48.32,2417,143.6,-0.5
48.34,2418,143.6,-0.47
48.36,2419,144.3,-0.47
48.38,2420,145.1,-0.49
48.4,2421,145.1,-0.47
48.42,2421,145.9,-0.41
48.44,2422,146.2,-0.35
48.46,2423,147.4,-0.32
48.48,2424,147.3,-0.31
48.5,2425,147.7,-0.31
48.52,2426,148.8,-0.29
48.54,2426,148.7,-0.24
48.56,2427,149.4,-0.22
48.58,2428,149.8,-0.23
48.6,2429,149.6,-0.22
48.62,2430,149.6,-0.17
48.64,2431,149.9,-0.16
48.66,2431,150.6,-0.17
48.68,2432,151.7,-0.17
48.7,2433,151.8,-0.14
48.72,2434,152.5,-0.1
48.74,2435,152.8,-0.09
48.76,2436,152.6,-0.11
48.78,2437,153.4,-0.13
48.8,2437,153.8,-0.1
48.82,2438,154.6,-0.08
48.84,2439,155,-0.1
48.86,2440,155.6,-0.1
48.88,2441,156.2,-0.08
48.9,2442,156.1,-0.06
48.92,2443,156.9,-0.08
48.94,2443,156.8,-0.1
48.96,2444,157.6,-0.1
48.98,2445,158.2,-0.08
49,2446,158.3,-0.06
49.02,2447,159.1,-0.08
49.04,2448,158.9,-0.09
49.06,2449,159.4,-0.07
49.08,2450,159.8,-0.07
49.1,2451,160.2,-0.09
49.12,2451,161.2,-0.1
49.14,2452,161.3,-0.08
49.16,2453,162.2,-0.06
49.18,2454,162,-0.08
49.2,2455,162.4,-0.1
49.22,2456,162.8,-0.09
49.24,2457,163.1,-0.07
49.26,2458,164,-0.07
49.28,2459,163.9,-0.09
49.3,2460,164.9,-0.07
49.32,2461,164.8,-0.05
49.34,2461,165.2,-0.06
49.36,2462,165.5,-0.08
49.38,2463,165.5,-0.06
49.4,2464,166.4,-0.04
49.42,2465,166.4,-0.03
49.44,2466,167.3,-0.04
49.46,2467,167.1,-0.02
49.48,2468,167.5,0
49.5,2469,167.8,0.02
49.52,2470,167.9,0.02
49.54,2471,168.5,0.02
49.56,2472,168.5,0.04
49.58,2473,169.6,0.05
49.6,2474,169.7,0.05
49.62,2475,170.6,0.04
49.64,2475,170.5,0.04
49.66,2476,170.8,0.04
49.68,2477,171.4,0.06
49.7,2478,171.7,0.04
49.72,2479,172.3,0.03
49.74,2480,172.2,0.05
49.76,2481,173,0.05
49.78,2482,172.9,0.03
49.8,2483,173.9,0.04
49.82,2484,173.9,0.06
49.84,2485,174.4,0.05
49.86,2486,174.7,0.03
49.88,2487,175.1,0.05
49.9,2488,175.6,0.06
49.92,2489,175.8,0.06
49.94,2490,176,0.04
49.96,2491,175.5,0.03
49.98,2492,176.2,0.01
50,2493,176,0.03
50.02,2494,176.9,0.03
50.04,2495,176.8,0.05
50.06,2496,177.5,0.04
50.08,2497,177.5,0.05
50.1,2498,178,0.04
50.12,2499,178.4,0.05
50.14,2500,178.9,0.03
50.16,2501,179.4,0.01
50.18,2502,179.7,0.01
50.2,2503,180.1,0.03
50.22,2504,180.2,0.01
50.24,2505,180.7,-0.01
50.26,2506,180.8,-0.03
50.28,2507,181.7,-0.05
50.3,2508,181.8,-0.03
50.32,2509,182.6,-0.03
50.34,2510,182.5,-0.02
50.36,2511,183.2,-0.04
50.38,2512,183.2,-0.05
50.4,2513,184.3,-0.07
50.42,2514,184.2,-0.08
50.44,2515,185,-0.09
50.46,2516,185,-0.09
50.48,2517,185.2,-0.1
50.5,2518,185.7,-0.1
50.52,2519,186.1,-0.12
50.54,2520,186.8,-0.14
50.56,2521,187.2,-0.16
50.58,2522,187.7,-0.16
50.6,2523,188,-0.14
50.62,2524,188.4,-0.16
50.64,2525,188.8,-0.18
50.66,2527,189.3,-0.19
50.68,2528,189.7,-0.17
50.7,2529,190.1,-0.16
50.72,2530,190.5,-0.14
50.74,2531,190.8,-0.15
50.76,2532,191.2,-0.14
50.78,2533,191.7,-0.12
50.8,2534,191.9,-0.09
50.82,2535,192.3,-0.09
50.84,2536,192.4,-0.07
50.86,2537,193,-0.05
50.88,2538,193.6,-0.03
50.9,2539,194.3,-0.03
50.92,2540,194.6,-0.01
50.94,2542,195,0.01
50.96,2543,195.1,0.03
50.98,2544,195.4,0.05
51,2545,195.6,0.07
51.02,2546,196,0.08
51.04,2547,196.4,0.07
51.06,2548,196.9,0.09
51.08,2549,197.9,0.1
51.1,2550,197.9,0.12
51.12,2551,198.7,0.1
51.14,2553,198.1,0.12
51.16,2554,198.8,0.14
51.18,2555,199,0.16
51.2,2556,200.1,0.18
51.22,2557,200.2,0.21
51.24,2558,201,0.23
51.26,2559,200.6,0.26
51.28,2560,201,0.28
51.3,2561,200.8,0.3
51.32,2563,201.4,0.32
51.34,2564,201.9,0.35
51.36,2565,202.4,0.38
51.38,2566,202.9,0.4
51.4,2567,203.3,0.42
51.42,2568,203.6,0.42
51.44,2569,203.8,0.42
51.46,2570,204.1,0.42
51.48,2572,203.8,0.4
51.5,2573,204.6,0.42
51.52,2574,204.5,0.44
51.54,2575,205.1,0.42
51.56,2576,205.1,0.42
51.58,2577,205.4,0.42
51.6,2578,204.7,0.44
51.62,2580,205.1,0.46
51.64,2581,204.7,0.46
51.66,2582,205.3,0.46
51.68,2583,205.9,0.48
51.7,2584,206.4,0.5
51.72,2585,206.8,0.52
51.74,2586,206.9,0.55
51.76,2588,207.4,0.57
51.78,2589,207,0.59
51.8,2590,207.8,0.61
51.82,2591,207.7,0.64
51.84,2592,208.8,0.67
51.86,2593,209,0.72
51.88,2595,209.2,0.77
51.9,2596,209.3,0.82
51.92,2597,209.5,0.84
51.94,2598,209.6,0.86
51.96,2599,210.1,0.91
51.98,2600,211.1,0.97
52,2602,211,1.02
52.02,2603,211.5,1.08
52.04,2604,211.1,1.14
52.06,2605,211.3,1.18
52.08,2606,211.5,1.22
52.1,2608,212,1.27
52.12,2609,212.4,1.35
52.14,2610,212.9,1.41
52.16,2611,213.3,1.48
52.18,2612,212.8,1.56
52.2,2613,213.5,1.61
52.22,2615,213.2,1.66
52.24,2616,214.1,1.72
52.26,2617,214.2,1.79
52.28,2618,214.4,1.84
52.3,2619,214.2,1.88
52.32,2621,214,1.92
52.34,2622,214.9,1.94
52.36,2623,214.6,1.94
52.38,2624,215.5,1.96
52.4,2625,215.2,1.99
52.42,2627,215.6,2.02
52.44,2628,215.3,2.02
52.46,2629,215,2
52.48,2630,215.5,1.98
52.5,2631,215.3,1.97
52.52,2633,216.5,1.98
52.54,2634,216.3,1.99
52.56,2635,217,2.01
52.58,2636,217.1,2.03
52.6,2637,217.2,2.05
52.62,2639,217.1,2.05
52.64,2640,217.1,2.08
52.66,2641,217.8,2.13
52.68,2642,217.3,2.16
52.7,2644,217.6,2.16
52.72,2645,218,2.19
52.74,2646,218.5,2.19
52.76,2647,218.6,2.16
52.78,2648,218,2.12
52.8,2650,218.4,2.09
52.82,2651,218,2.08
52.84,2652,219.2,2.1
52.86,2653,219.5,2.12
52.88,2654,220.1,2.14
52.9,2656,219.8,2.16
52.92,2657,219.4,2.14
52.94,2658,219.8,2.12
52.96,2659,219.7,2.12
52.98,2661,220.6,2.14
53,2662,220.8,2.2
53.02,2663,221.3,2.24
53.04,2664,221.3,2.29
53.06,2666,221.3,2.33
53.08,2667,221.8,2.36
53.1,2668,221.4,2.38
53.12,2669,221.5,2.4
53.14,2670,221.6,2.42
53.16,2672,221.8,2.44
53.18,2673,222.4,2.42
53.2,2674,222.1,2.4
53.22,2675,222.8,2.38
53.24,2677,222.2,2.36
53.26,2678,222.3,2.34
53.28,2679,222.3,2.33
53.3,2680,222.8,2.36
53.32,2682,224,2.4
53.34,2683,223.8,2.43
53.36,2684,223.6,2.48
53.38,2685,223.1,2.48
53.4,2687,223,2.42
53.42,2688,223.3,2.38
53.44,2689,223.3,2.36
53.46,2690,224.3,2.36
53.48,2692,224.6,2.39
53.5,2693,225,2.43
53.52,2694,224.9,2.47
53.54,2695,224.6,2.49
53.56,2697,224.9,2.46
53.58,2698,224.2,2.44
53.6,2699,224.6,2.47
53.62,2700,225.2,2.54
53.64,2702,225.5,2.62
53.66,2703,226.3,2.66
53.68,2704,226,2.66
53.7,2705,225.4,2.6
53.72,2707,224.7,2.52
53.74,2708,224.8,2.51
53.76,2709,225.7,2.55
53.78,2710,225.8,2.57
53.8,2712,226.9,2.57
53.82,2713,226.4,2.6
53.84,2714,226.2,2.58
53.86,2715,226,2.53
53.88,2717,225.5,2.49
53.9,2718,226.2,2.52
53.92,2719,226.1,2.6
53.94,2721,227,2.65
53.96,2722,227.1,2.67
53.98,2723,226.7,2.69
54,2724,227.2,2.69
54.02,2726,226.5,2.67
54.04,2727,226.7,2.64
54.06,2728,226.6,2.62
54.08,2729,226.9,2.6
54.1,2731,227.5,2.58
54.12,2732,227.3,2.56
54.14,2733,227.9,2.58
54.16,2734,227.9,2.6
54.18,2736,227.9,2.62
54.2,2737,228,2.64
54.22,2738,227.2,2.64
54.24,2740,227.5,2.63
54.26,2741,227,2.6
54.28,2742,227.4,2.55
54.3,2743,228.1,2.51
54.32,2745,227.8,2.47
54.34,2746,228.2,2.45
54.36,2747,227.7,2.41
54.38,2748,227.8,2.37
54.4,2750,227.6,2.35
54.42,2751,227.8,2.36
54.44,2752,229,2.36
54.46,2753,228.8,2.38
54.48,2755,228.8,2.37
54.5,2756,228.4,2.34
54.52,2757,227.6,2.26
54.54,2759,227.7,2.14
54.56,2760,227.5,2.06
54.58,2761,227.8,2.02
54.6,2762,228.5,1.96
54.62,2764,228.3,1.93
54.64,2765,228.7,1.91
54.66,2766,227.6,1.85
54.68,2767,227.5,1.76
54.7,2769,227.5,1.7
54.72,2770,227.7,1.67
54.74,2771,228.5,1.63
54.76,2773,228.3,1.58
54.78,2774,228.8,1.5
54.8,2775,228.9,1.41
54.82,2776,228.8,1.33
54.84,2778,229.3,1.26
54.86,2779,228.5,1.21
54.88,2780,228.8,1.15
54.9,2781,229.2,1.08
54.92,2783,229,0.99
54.94,2784,229.5,0.89
54.96,2785,229.4,0.8
54.98,2787,229.5,0.71
55,2788,229.9,0.65
55.02,2789,229.3,0.57
55.04,2790,230,0.48
55.06,2792,229.7,0.4
55.08,2793,229.9,0.32
55.1,2794,230.6,0.28
55.12,2796,230.1,0.23
55.14,2797,230.8,0.17
55.16,2798,230.5,0.12
55.18,2799,230.5,0.06
55.2,2801,231.1,0
55.22,2802,230.7,-0.08
55.24,2803,231.2,-0.14
55.26,2805,231.2,-0.19
55.28,2806,231.3,-0.26
55.3,2807,231.7,-0.32
55.32,2808,231.2,-0.38
55.34,2810,231.5,-0.43
55.36,2811,231.6,-0.48
55.38,2812,231.9,-0.54
55.4,2814,232.4,-0.6
55.42,2815,232,-0.67
55.44,2816,232.4,-0.74
55.46,2817,232.3,-0.8
55.48,2819,232,-0.86
55.5,2820,232.7,-0.9
55.52,2821,232.4,-0.93
55.54,2823,232.5,-0.95
55.56,2824,232.4,-0.96
55.58,2825,232.4,-0.94
55.6,2827,232.8,-0.92
55.62,2828,232,-0.94
55.64,2829,233,-0.96
55.66,2830,233.6,-0.98
55.68,2832,233.2,-1
55.7,2833,233.3,-1.03
55.72,2834,233.7,-1.07
55.74,2836,233.8,-1.14
55.76,2837,234.1,-1.19
55.78,2838,233.5,-1.23
55.8,2840,233.6,-1.26
55.82,2841,233.3,-1.24
55.84,2842,233.5,-1.26
55.86,2843,234.5,-1.28
55.88,2845,234.7,-1.3
55.9,2846,234,-1.32
55.92,2847,232,-1.32
55.94,2849,231.9,-1.3
55.96,2850,231.5,-1.27
55.98,2851,231,-1.26
56,2853,230.3,-1.26
56.02,2854,229.7,-1.22
56.04,2855,228.9,-1.16
56.06,2856,227.9,-1.13
56.08,2858,226.8,-1.11
56.1,2859,225.5,-1.11
56.12,2860,224.3,-1.13
56.14,2861,223.1,-1.15
56.16,2863,221.9,-1.17
56.18,2864,220.5,-1.19
56.2,2865,219.2,-1.21
56.22,2866,217.8,-1.21
56.24,2867,216.4,-1.19
56.26,2869,215,-1.17
56.28,2870,213.7,-1.15
56.3,2871,212.3,-1.11
56.32,2872,211,-1.05
56.34,2873,209.7,-1.02
56.36,2875,208.4,-1
56.38,2876,207.1,-0.98
56.4,2877,205.9,-0.96
56.42,2878,204.7,-0.94
56.44,2879,203.4,-0.92
56.46,2880,202,-0.9
56.48,2881,200.7,-0.9
56.5,2882,199.3,-0.93
56.52,2884,198.1,-0.95
56.54,2885,196.9,-0.96
56.56,2886,195.7,-0.99
56.58,2887,194.4,-1.02
56.6,2888,193.2,-1.07
56.62,2889,192.1,-1.09
56.64,2890,191,-1.13
56.66,2891,189.9,-1.2
56.68,2892,188.8,-1.26
56.7,2893,187.7,-1.29
56.72,2894,186.6,-1.31
56.74,2895,185.6,-1.33
56.76,2896,184.5,-1.35
56.78,2897,183.4,-1.37
56.8,2898,182.3,-1.4
56.82,2899,181.2,-1.46
56.84,2900,180.2,-1.53
56.86,2901,179.1,-1.59
56.88,2902,178.1,-1.62
56.9,2903,177.1,-1.64
56.92,2904,176.1,-1.66
56.94,2905,175.1,-1.68
56.96,2906,174.2,-1.7
56.98,2907,173.3,-1.72
57,2908,172.7,-1.75
57.02,2909,172,-1.78
57.04,2910,171.3,-1.8
57.06,2911,170.6,-1.78
57.08,2912,169.9,-1.8
57.1,2913,169.3,-1.82
57.12,2914,168.6,-1.84
57.14,2915,168,-1.86
57.16,2916,167.5,-1.86
57.18,2917,167,-1.88
57.2,2918,166.5,-1.88
57.22,2919,165.9,-1.86
57.24,2919,165.4,-1.84
57.26,2920,164.8,-1.84
57.28,2921,164.2,-1.88
57.3,2922,163.5,-1.93
57.32,2923,162.8,-1.97
57.34,2924,162.1,-2.02
57.36,2925,161.5,-2.05
57.38,2926,160.7,-2.07
57.4,2927,160,-2.09
57.42,2928,159.3,-2.11
57.44,2928,158.6,-2.13
57.46,2929,157.9,-2.15
57.48,2930,157.3,-2.14
57.5,2931,156.7,-2.12
57.52,2932,156,-2.14
57.54,2933,155.4,-2.14
57.56,2934,154.8,-2.14
57.58,2935,154.2,-2.14
57.6,2935,153.6,-2.16
57.62,2936,153,-2.15
57.64,2937,152.4,-2.17
57.66,2938,151.8,-2.2
57.68,2939,151.2,-2.23
57.7,2940,150.6,-2.25
57.72,2940,150.1,-2.27
57.74,2941,149.5,-2.29
57.76,2942,148.9,-2.27
57.78,2943,148.4,-2.23
57.8,2944,147.8,-2.21
57.82,2945,147.2,-2.21
57.84,2945,146.7,-2.21
57.86,2946,146.1,-2.21
57.88,2947,145.6,-2.23
57.9,2948,145.1,-2.21
57.92,2949,144.6,-2.18
57.94,2949,144.1,-2.14
57.96,2950,143.5,-2.12
57.98,2951,143,-2.12
58,2952,142.5,-2.17
58.02,2953,142,-2.2
58.04,2953,141.5,-2.22
58.06,2954,141,-2.2
58.08,2955,140.5,-2.18
58.1,2956,140,-2.16
58.12,2957,139.5,-2.14
58.14,2957,139,-2.16
58.16,2958,138.4,-2.2
58.18,2959,137.9,-2.24
58.2,2960,137.5,-2.26
58.22,2960,137.1,-2.24
58.24,2961,136.7,-2.2
58.26,2962,136.3,-2.18
58.28,2963,136,-2.16
58.3,2963,135.7,-2.18
58.32,2964,135.4,-2.21
58.34,2965,135.2,-2.25
58.36,2966,134.9,-2.25
58.38,2966,134.7,-2.23
58.4,2967,134.5,-2.2
58.42,2968,134.3,-2.17
58.44,2969,134,-2.15
58.46,2969,133.7,-2.17
58.48,2970,133.5,-2.21
58.5,2971,133.2,-2.23
58.52,2972,132.9,-2.21
58.54,2972,132.6,-2.19
58.56,2973,132.3,-2.16
58.58,2974,132,-2.14
58.6,2975,131.6,-2.16
58.62,2975,131.3,-2.18
58.64,2976,131,-2.2
58.66,2977,130.7,-2.22
58.68,2978,130.4,-2.24
58.7,2978,130,-2.26
58.72,2979,129.7,-2.26
58.74,2980,129.4,-2.24
58.76,2980,129,-2.24
58.78,2981,128.7,-2.26
58.8,2982,128.4,-2.28
58.82,2983,128,-2.3
58.84,2983,127.7,-2.32
58.86,2984,127.4,-2.32
58.88,2985,127,-2.29
58.9,2985,126.7,-2.27
58.92,2986,126.3,-2.25
58.94,2987,126,-2.27
58.96,2988,125.7,-2.31
58.98,2988,125.3,-2.33
59,2989,125,-2.31
59.02,2990,124.7,-2.31
59.04,2990,124.3,-2.31
59.06,2991,124,-2.31
59.08,2992,123.7,-2.34
59.1,2992,123.3,-2.34
59.12,2993,123.1,-2.29
59.14,2994,122.8,-2.23
59.16,2994,122.5,-2.25
59.18,2995,122.3,-2.27
59.2,2996,122.1,-2.29
59.22,2996,122,-2.27
59.24,2997,122.6,-2.27
59.26,2998,122.3,-2.27
59.28,2999,122.5,-2.22
59.3,2999,121.9,-2.15
59.32,3000,121.6,-2.11
59.34,3001,122,-2.1
59.36,3001,122,-2.13
59.38,3002,122.5,-2.1
59.4,3003,123.7,-2.05
59.42,3003,123.8,-2.04
59.44,3004,124.3,-2.06
59.46,3005,124.7,-2.1
59.48,3005,124.3,-2.08
59.5,3006,123.8,-2.03
59.52,3007,124.1,-1.96
59.54,3007,123.9,-1.95
59.56,3008,124.5,-2
59.58,3009,125.1,-2.02
59.6,3010,125.8,-2.04
59.62,3010,125.8,-2.04
59.64,3011,126,-2.04
59.66,3012,125.6,-2.04
59.68,3012,125.7,-2.01
59.7,3013,125.9,-1.94
59.72,3014,125.9,-1.89
59.74,3014,126.1,-1.89
59.76,3015,126.8,-1.96
59.78,3016,128,-2
59.8,3017,128.3,-2
59.82,3017,128.6,-2.02
59.84,3018,128.5,-2.04
59.86,3019,128.3,-2.02
59.88,3019,128.6,-1.99
59.9,3020,128.6,-1.96
59.92,3021,128.8,-1.93
59.94,3022,129.5,-1.91
59.96,3022,130.3,-1.88
59.98,3023,130.4,-1.8
60,3024,130.9,-1.75
60.02,3025,131.1,-1.73
60.04,3025,131,-1.71
60.06,3026,131.8,-1.69
60.08,3027,131.9,-1.7
60.1,3027,132.1,-1.69
60.12,3028,133.1,-1.67
60.14,3029,133.1,-1.65
60.16,3030,133.3,-1.63
60.18,3030,133.4,-1.61
60.2,3031,133.3,-1.58
60.22,3032,133.3,-1.54
60.24,3033,133.6,-1.52
60.26,3033,134.2,-1.52
60.28,3034,135,-1.56
60.3,3035,135.8,-1.61
60.32,3036,136.7,-1.61
60.34,3036,136.9,-1.61
60.36,3037,136.9,-1.63
60.38,3038,137,-1.65
60.4,3039,137,-1.65
60.42,3039,137,-1.61
60.44,3040,137,-1.55
60.46,3041,137.6,-1.5
60.48,3042,137.9,-1.53
60.5,3043,139.6,-1.6
60.52,3043,140,-1.67
60.54,3044,140.3,-1.7
60.56,3045,140.7,-1.72
60.58,3046,140.3,-1.76
60.6,3046,140.3,-1.76
60.62,3047,140.5,-1.72
60.64,3048,140.5,-1.65
60.66,3049,140.8,-1.59
60.68,3050,141.2,-1.59
60.7,3050,141.4,-1.63
60.72,3051,142.7,-1.59
60.74,3052,142.6,-1.52
60.76,3053,143,-1.41
60.78,3054,142.7,-1.36
60.8,3054,142.7,-1.34
60.82,3055,142.7,-1.34
60.84,3056,143.6,-1.33
60.86,3057,143.6,-1.33
60.88,3058,144.2,-1.29
60.9,3058,144.2,-1.27
60.92,3059,144.2,-1.21
60.94,3060,144.6,-1.21
60.96,3061,145.9,-1.25
60.98,3062,146.6,-1.3
61,3062,148,-1.28
61.02,3063,148.9,-1.24
61.04,3064,149.9,-1.2
61.06,3065,150.1,-1.25
61.08,3066,149.8,-1.28
61.1,3067,150.3,-1.26
61.12,3067,150.5,-1.24
61.14,3068,151.3,-1.24
61.16,3069,151.6,-1.22
61.18,3070,152.2,-1.14
61.2,3071,152.9,-1.05
61.22,3072,153.3,-1
61.24,3073,154.3,-0.97
61.26,3073,155,-0.95
61.28,3074,155,-0.98
61.3,3075,155.6,-0.97
61.32,3076,155.7,-1
61.34,3077,155.9,-1.04
61.36,3078,156.6,-1.08
61.38,3079,156.9,-1.08
61.4,3080,157.6,-1.06
61.42,3080,157.7,-1.04
61.44,3081,158.6,-0.99
61.46,3082,159.4,-0.96
61.48,3083,160.1,-0.91
61.5,3084,159.8,-0.86
61.52,3085,159.9,-0.84
61.54,3086,163,-0.8
61.56,3087,163,-0.84
61.58,3088,163.9,-0.94
61.6,3088,163.6,-0.99
61.62,3089,163,-0.99
61.64,3090,162.7,-0.97
61.66,3091,161.9,-0.92
61.68,3092,163.3,-0.9
61.7,3093,164,-0.91
61.72,3094,165.4,-0.91
61.74,3095,166.1,-0.84
61.76,3096,167.2,-0.72
61.78,3097,167.2,-0.66
61.8,3098,167.6,-0.66
61.82,3099,168.2,-0.7
61.84,3100,168.6,-0.73
61.86,3100,169.3,-0.75
61.88,3101,169.8,-0.73
61.9,3102,170.3,-0.71
61.92,3103,170.2,-0.67
61.94,3104,170.2,-0.65
61.96,3105,170.8,-0.63
61.98,3106,171.2,-0.6
62,3107,172.2,-0.54
62.02,3108,172.6,-0.48
62.04,3109,173.2,-0.44
62.06,3110,173.2,-0.42
62.08,3111,173.9,-0.4
62.1,3112,174.1,-0.36
62.12,3113,174.9,-0.32
62.14,3114,175,-0.26
62.16,3115,175.3,-0.22
62.18,3116,175.9,-0.18
62.2,3117,176.3,-0.13
62.22,3118,176.8,-0.08
62.24,3119,177.4,-0.03
62.26,3120,177.8,0.02
62.28,3121,178.1,0.08
62.3,3122,179,0.15
62.32,3123,179,0.21
62.34,3124,179.7,0.27
62.36,3125,179.6,0.33
62.38,3126,180.6,0.39
62.4,3127,180.8,0.48
62.42,3128,181.1,0.6
62.44,3129,181.4,0.7
62.46,3130,181.2,0.79
62.48,3131,181.2,0.87
62.5,3132,181.9,0.97
62.52,3133,182,1.07
62.54,3134,182.3,1.14
62.56,3135,182.9,1.21
62.58,3136,183.2,1.29
62.6,3137,183.5,1.35
62.62,3138,183.5,1.38
62.64,3139,184,1.4
62.66,3140,183.7,1.42
62.68,3141,184.6,1.45
62.7,3142,185.2,1.51
62.72,3143,186.5,1.57
62.74,3144,186.6,1.65
62.76,3145,187,1.72
62.78,3146,186.5,1.76
62.8,3147,187.1,1.8
62.82,3148,187.3,1.86
62.84,3149,188.3,1.92
62.86,3150,188.5,1.98
62.88,3152,188.9,2.01
62.9,3153,188.5,2
62.92,3154,188.6,1.98
62.94,3155,188.4,1.95
62.96,3156,189.5,1.97
62.98,3157,189.8,2
63,3158,191.1,2.05
63.02,3159,190.9,2.08
63.04,3160,191.4,2.1
63.06,3161,190.8,2.12
63.08,3162,191.5,2.14
63.1,3163,191.3,2.16
63.12,3164,192.2,2.19
63.14,3165,192.2,2.22
63.16,3166,193,2.24
63.18,3167,192.7,2.26
63.2,3169,193.3,2.24
63.22,3170,193,2.24
63.24,3171,193.7,2.26
63.26,3172,193.7,2.28
63.28,3173,194.6,2.3
63.3,3174,194.3,2.34
63.32,3175,195.1,2.36
63.34,3176,194.9,2.38
63.36,3177,195.5,2.39
63.38,3178,195.2,2.41
63.4,3179,195.8,2.43
63.42,3180,195.6,2.42
63.44,3182,196.3,2.4
63.46,3183,196,2.4
63.48,3184,196.7,2.38
63.5,3185,196.4,2.36
63.52,3186,197.3,2.34
63.54,3187,196.9,2.36
63.56,3188,197.6,2.38
63.58,3189,197.9,2.41
63.6,3190,198.2,2.43
63.62,3191,198.5,2.46
63.64,3193,198.7,2.48
63.66,3194,198.7,2.51
63.68,3195,198.7,2.53
63.7,3196,198.8,2.57
63.72,3197,199.3,2.59
63.74,3198,199.5,2.61
63.76,3199,199.8,2.63
63.78,3200,199.9,2.63
63.8,3201,200,2.61
63.82,3203,200.3,2.63
63.84,3204,199.9,2.63
63.86,3205,200.6,2.61
63.88,3206,200.2,2.61
63.9,3207,201.1,2.62
63.92,3208,201.1,2.62
63.94,3209,201.7,2.6
63.96,3210,201.1,2.58
63.98,3212,201.5,2.56
64,3213,201,2.54
64.02,3214,201.7,2.52
64.04,3215,201.7,2.5
64.06,3216,201.8,2.46
64.08,3217,201.6,2.43
64.1,3218,201.8,2.37
64.12,3219,201.8,2.33
64.14,3221,201.5,2.28
64.16,3222,201.4,2.25
64.18,3223,202.1,2.22
64.2,3224,202.1,2.2
64.22,3225,201.7,2.2
64.24,3226,202.4,2.18
64.26,3227,202.2,2.2
64.28,3228,202.9,2.2
64.3,3230,202.6,2.17
64.32,3231,202.9,2.12
64.34,3232,202.4,2.08
64.36,3233,202.9,2.06
64.38,3234,203.2,2.04
64.4,3235,203.7,2.02
64.42,3236,203.9,2
64.44,3237,204.1,2.02
64.46,3239,204.2,2
64.48,3240,204.3,1.99
64.5,3241,204.5,1.99
64.52,3242,204.8,2.01
64.54,3243,205.2,2.01
64.56,3244,204.7,1.99
64.58,3245,205.3,1.97
64.6,3247,204.8,1.95
64.62,3248,205.4,1.91
64.64,3249,205,1.87
64.66,3250,205.5,1.82
64.68,3251,205.6,1.79
64.7,3252,206.1,1.77
64.72,3253,206.3,1.79
64.74,3255,206.8,1.81
64.76,3256,206.8,1.83
64.78,3257,207.1,1.85
64.8,3258,207.1,1.85
64.82,3259,206.8,1.83
64.84,3260,207.3,1.85
64.86,3262,207.3,1.87
64.88,3263,208.3,1.88
64.9,3264,208,1.87
64.92,3265,208.1,1.85
64.94,3266,207.9,1.84
64.96,3267,208.3,1.84
64.98,3268,208.4,1.86
65,3270,209.1,1.88
65.02,3271,209.4,1.9
65.04,3272,209,1.93
65.06,3273,209.5,1.96
65.08,3274,209.2,1.96
65.1,3275,209.6,1.94
65.12,3277,209.2,1.93
65.14,3278,209.7,1.91
65.16,3279,209.6,1.89
65.18,3280,210.1,1.87
65.2,3281,210.1,1.85
65.22,3283,210.4,1.83
65.24,3284,211,1.81
65.26,3285,210.5,1.79
65.28,3286,210.8,1.77
65.3,3287,210.4,1.75
65.32,3288,211.2,1.73
65.34,3290,211.1,1.71
65.36,3291,211.6,1.68
65.38,3292,211.4,1.63
65.4,3293,211.5,1.58
65.42,3294,211.5,1.55
65.44,3295,211.9,1.53
65.46,3297,212.7,1.51
65.48,3298,212.5,1.51
65.5,3299,212.8,1.48
65.52,3300,212.5,1.45
65.54,3301,212.8,1.43
65.56,3303,212.9,1.4
65.58,3304,213.4,1.4
65.6,3305,213.5,1.4
65.62,3306,213.5,1.38
65.64,3307,213.8,1.36
65.66,3309,213.5,1.34
65.68,3310,214.2,1.34
65.7,3311,214.6,1.36
65.72,3312,215,1.38
65.74,3313,214.7,1.4
65.76,3314,214.9,1.38
65.78,3316,214.9,1.35
65.8,3317,214.7,1.31
65.82,3318,215.4,1.27
65.84,3319,215,1.25
65.86,3320,214.9,1.23
65.88,3322,214,1.2
65.9,3323,214,1.14
65.92,3324,213.8,1.07
65.94,3325,213.4,1
65.96,3326,212.8,0.94
65.98,3328,211.9,0.89
66,3329,210.7,0.83
66.02,3330,209.3,0.77
66.04,3331,207.6,0.7
66.06,3332,205.8,0.63
66.08,3333,203.9,0.56
66.1,3335,202,0.52
66.12,3336,200.1,0.48
66.14,3337,198.2,0.44
66.16,3338,196.3,0.4
66.18,3339,194.5,0.37
66.2,3340,192.6,0.34
66.22,3341,190.9,0.3
66.24,3342,189.1,0.28
66.26,3343,187.4,0.26
66.28,3344,185.5,0.23
66.3,3345,183.8,0.21
66.32,3346,182.1,0.19
66.34,3347,180.4,0.17
66.36,3348,178.6,0.15
66.38,3349,176.8,0.13
66.4,3350,175,0.11
66.42,3351,173.2,0.11
66.44,3352,171.4,0.13
66.46,3353,169.7,0.15
66.48,3354,168,0.17
66.5,3355,166.3,0.19
66.52,3356,164.7,0.21
66.54,3357,163,0.23
66.56,3358,161.4,0.24
66.58,3359,159.8,0.24
66.6,3359,158.1,0.26
66.62,3360,156.5,0.28
66.64,3361,155,0.3
66.66,3362,153.7,0.32
66.68,3363,152.5,0.34
66.7,3364,151.2,0.36
66.72,3365,149.8,0.34
66.74,3365,148.5,0.36
66.76,3366,147.3,0.38
66.78,3367,146.1,0.4
66.8,3368,145,0.42
66.82,3369,143.9,0.44
66.84,3369,142.8,0.44
66.86,3370,141.6,0.42
66.88,3371,140.3,0.42
66.9,3372,139,0.44
66.92,3373,137.7,0.5
66.94,3373,136.6,0.57
66.96,3374,135.6,0.61
66.98,3375,134.5,0.64
67,3376,133.4,0.7
67.02,3376,132.3,0.76
67.04,3377,131.1,0.83
67.06,3378,130,0.93
67.08,3378,129.2,1.03
67.1,3379,128.8,1.13
67.12,3380,128.1,1.21
67.14,3381,127.4,1.24
67.16,3381,126.8,1.24
67.18,3382,126.2,1.26
67.2,3383,125.6,1.28
67.22,3383,125,1.26
67.24,3384,124.3,1.24
67.26,3385,123.5,1.27
67.28,3385,122.9,1.33
67.3,3386,122,1.36
67.32,3387,121,1.36
67.34,3387,120,1.38
67.36,3388,119.1,1.4
67.38,3389,118.3,1.42
67.4,3389,117.4,1.44
67.42,3390,116.7,1.46
67.44,3391,116.1,1.5
67.46,3391,115.7,1.53
67.48,3392,115.1,1.55
67.5,3393,114.5,1.58
67.52,3393,114,1.59
67.54,3394,113.4,1.59
67.56,3395,112.8,1.62
67.58,3395,112.2,1.69
67.6,3396,112.1,1.75
67.62,3396,111.5,1.78
67.64,3397,110.9,1.76
67.66,3398,110.3,1.78
67.68,3398,109.7,1.79
67.7,3399,109.1,1.81
67.72,3399,108.6,1.83
67.74,3400,108,1.86
67.76,3401,107.7,1.93
67.78,3401,107.4,1.98
67.8,3402,107.2,1.98
67.82,3402,106.9,1.94
67.84,3403,106.5,1.91
67.86,3404,106.2,1.85
67.88,3404,105.8,1.82
67.9,3405,105.4,1.87
67.92,3405,105.1,1.98
67.94,3406,104.7,2.02
67.96,3407,104.5,1.97
67.98,3407,104.2,1.93
68,3408,103.9,1.97
68.02,3408,103.5,2.05
68.04,3409,103.1,2.13
68.06,3409,102.8,2.17
68.08,3410,102.4,2.15
68.1,3411,102.1,2.1
68.12,3411,102.1,2.1
68.14,3412,101.7,2.15
68.16,3412,101.3,2.21
68.18,3413,101,2.24
68.2,3413,100.6,2.2
68.22,3414,100.4,2.14
68.24,3415,100.1,2.08
68.26,3415,99.8,2.03
68.28,3416,99.5,2.05
68.3,3416,99.2,2.09
68.32,3417,99,2.09
68.34,3417,98.7,2.06
68.36,3418,98.5,2.02
68.38,3418,98.3,1.99
68.4,3419,98,1.99
68.42,3420,97.8,1.99
68.44,3420,97.5,2.01
68.46,3421,97.3,2.03
68.48,3421,97,2.05
68.5,3422,96.8,2.07
68.52,3422,96.5,2.09
68.54,3423,96.2,2.11
68.56,3423,96,2.13
68.58,3424,96,2.11
68.6,3424,95.7,2.08
68.62,3425,95.3,2.06
68.64,3425,95,2.08
68.66,3426,94.6,2.1
68.68,3426,94.3,2.09
68.7,3427,93.9,2.04
68.72,3428,93.6,1.98
68.74,3428,93.3,1.88
68.76,3429,93.1,1.84
68.78,3429,92.9,1.8
68.8,3430,92.8,1.86
68.82,3430,93.5,1.89
68.84,3431,93.8,1.9
68.86,3431,93.6,1.9
68.88,3432,93.5,1.88
68.9,3432,93.3,1.88
68.92,3433,93,1.87
68.94,3433,92.6,1.83
68.96,3434,92.3,1.85
68.98,3434,92,1.84
69,3435,91.8,1.84
69.02,3435,91.5,1.89
69.04,3436,91.2,1.93
69.06,3436,90.8,2.02
69.08,3437,90.6,2
69.1,3437,90.4,1.98
69.12,3438,90.4,1.9
69.14,3438,89.9,1.8
69.16,3439,90.1,1.76
69.18,3439,90.1,1.74
69.2,3440,89.9,1.87
69.22,3440,89.8,1.85
69.24,3441,89.8,1.87
69.26,3441,90.1,1.87
69.28,3442,89.8,1.78
69.3,3442,89.6,1.69
69.32,3443,89.6,1.6
69.34,3443,89.7,1.62
69.36,3444,89.7,1.65
69.38,3444,90.2,1.68
69.4,3445,90.6,1.7
69.42,3445,91.2,1.72
69.44,3446,91.3,1.74
69.46,3446,91.3,1.72
69.48,3447,91.4,1.7
69.5,3447,91.9,1.7
69.52,3448,91.9,1.69
69.54,3448,92.2,1.67
69.56,3449,92.6,1.69
69.58,3449,93.2,1.71
69.6,3450,93.4,1.71
69.62,3450,93.7,1.69
69.64,3451,94,1.67
69.66,3452,94.4,1.65
69.68,3452,94.6,1.63
69.7,3453,94.9,1.61
69.72,3453,95.2,1.63
69.74,3454,95.9,1.65
69.76,3454,96.2,1.67
69.78,3455,96.5,1.69
69.8,3455,96.7,1.67
69.82,3456,97.2,1.64
69.84,3456,97.4,1.62
69.86,3457,97.8,1.6
69.88,3457,98.2,1.58
69.9,3458,98.9,1.56
69.92,3459,99.2,1.56
69.94,3459,99.7,1.58
69.96,3460,100.2,1.58
69.98,3460,100.9,1.58
70,3461,101.2,1.6
70.02,3461,101.6,1.62
70.04,3462,102.1,1.64
70.06,3462,102.8,1.62
70.08,3463,103,1.6
70.1,3464,103.2,1.58
70.12,3464,103.7,1.6
70.14,3465,104.1,1.62
70.16,3465,104.5,1.64
70.18,3466,104.9,1.66
70.2,3467,105.5,1.64
70.22,3467,105.8,1.62
70.24,3468,106,1.6
70.26,3468,106.6,1.58
70.28,3469,106.7,1.58
70.3,3470,107,1.6
70.32,3470,107.5,1.63
70.34,3471,108.2,1.68
70.36,3471,108.6,1.73
70.38,3472,108.9,1.75
70.4,3473,109.1,1.72
70.42,3473,109.4,1.69
70.44,3474,109.5,1.69
70.46,3474,109.8,1.68
70.48,3475,110.5,1.7
70.5,3476,110.8,1.72
70.52,3476,111.2,1.74
70.54,3477,112.2,1.76
70.56,3477,112.4,1.74
70.58,3478,112.5,1.72
70.6,3479,112.6,1.7
70.62,3479,113,1.68
70.64,3480,113.2,1.7
70.66,3481,114.2,1.72
70.68,3481,115,1.74
70.7,3482,115.4,1.75
70.72,3483,115.5,1.74
70.74,3483,115.8,1.72
70.76,3484,116.5,1.7
70.78,3484,116.5,1.68
70.8,3485,116.8,1.66
70.82,3486,117.4,1.68
70.84,3486,118.3,1.7
70.86,3487,119,1.7
70.88,3488,119.6,1.68
70.9,3488,119.9,1.66
70.92,3489,120.4,1.64
70.94,3490,120.7,1.59
70.96,3490,120.7,1.56
70.98,3491,121.2,1.56
71,3492,122.8,1.63
71.02,3493,123.8,1.7
71.04,3493,124,1.72
71.06,3494,125.2,1.71
71.08,3495,124.3,1.66
71.1,3495,124.1,1.63
71.12,3496,124.8,1.59
71.14,3497,124.9,1.52
71.16,3497,125.6,1.49
71.18,3498,126.3,1.45
71.2,3499,128.2,1.4
71.22,3500,128,1.37
71.24,3500,128.4,1.34
71.26,3501,128.7,1.3
71.28,3502,128.9,1.25
71.3,3502,130.1,1.22
71.32,3503,130.6,1.26
71.34,3504,131.2,1.29
71.36,3505,132.4,1.3
71.38,3505,132.6,1.28
71.4,3506,132.7,1.26
71.42,3507,133.5,1.24
71.44,3508,133.7,1.22
71.46,3508,134.3,1.24
71.48,3509,135.1,1.27
71.5,3510,135.2,1.32
71.52,3511,135.9,1.32
71.54,3511,136.3,1.29
71.56,3512,136.4,1.25
71.58,3513,136.7,1.21
71.6,3514,137.5,1.18
71.62,3514,137.8,1.2
71.64,3515,138.1,1.22
71.66,3516,138.6,1.22
71.68,3517,139.1,1.22
71.7,3517,139.5,1.22
71.72,3518,139.5,1.2
71.74,3519,139.7,1.18
71.76,3520,140.2,1.16
71.78,3521,140.4,1.16
71.8,3521,140.9,1.16
71.82,3522,142,1.13
71.84,3523,142.2,1.09
71.86,3524,142.9,1.07
71.88,3525,142.9,1.05
71.9,3525,143.4,1.01
71.92,3526,143.9,0.97
71.94,3527,144.1,0.94
71.96,3528,144.5,0.92
71.98,3529,145.3,0.87
72,3529,145.5,0.81
72.02,3530,146.2,0.75
72.04,3531,146.3,0.71
72.06,3532,146.9,0.66
72.08,3533,147.5,0.6
72.1,3533,148,0.55
72.12,3534,148.2,0.53
72.14,3535,148.9,0.49
72.16,3536,149,0.44
72.18,3537,149.5,0.39
72.2,3538,149.9,0.35
72.22,3538,150.7,0.3
72.24,3539,151.5,0.22
72.26,3540,151.7,0.15
72.28,3541,152.3,0.11
72.3,3542,152.9,0.04
72.32,3543,153.2,-0.08
72.34,3544,154.1,-0.19
72.36,3544,154.5,-0.28
72.38,3545,154.9,-0.37
72.4,3546,155.5,-0.46
72.42,3547,155.9,-0.55
72.44,3548,156.5,-0.61
72.46,3549,156.6,-0.67
72.48,3550,156.8,-0.73
72.5,3551,157.6,-0.8
72.52,3551,157.9,-0.86
72.54,3552,158.6,-0.92
72.56,3553,159,-0.98
72.58,3554,159.2,-1.04
72.6,3555,159.8,-1.1
72.62,3556,160.1,-1.18
72.64,3557,160.7,-1.27
72.66,3558,161.5,-1.38
72.68,3559,162.2,-1.47
72.7,3559,162.2,-1.54
72.72,3560,161.3,-1.6
72.74,3561,161.4,-1.63
72.76,3562,161.2,-1.65
72.78,3563,161.6,-1.67
72.8,3564,161.5,-1.69
72.82,3565,161.3,-1.69
72.84,3566,160.9,-1.67
72.86,3567,160.5,-1.64
72.88,3568,160,-1.6
72.9,3568,159.4,-1.57
72.92,3569,158.7,-1.6
72.94,3570,158.2,-1.64
72.96,3571,157.6,-1.67
72.98,3572,156.9,-1.69
73,3573,156.2,-1.73
73.02,3574,155.4,-1.77
73.04,3575,154.8,-1.79
73.06,3575,154.2,-1.79
73.08,3576,153.6,-1.83
73.1,3577,153,-1.83
73.12,3578,152.6,-1.81
73.14,3579,152.1,-1.79
73.16,3580,151.7,-1.8
73.18,3580,151.2,-1.82
73.2,3581,150.8,-1.84
73.22,3582,150.4,-1.86
73.24,3583,149.9,-1.86
73.26,3584,149.5,-1.84
73.28,3585,149.1,-1.86
73.3,3586,148.7,-1.86
73.32,3586,148.3,-1.82
73.34,3587,148,-1.8
73.36,3588,147.6,-1.82
73.38,3589,147.2,-1.84
73.4,3590,146.7,-1.82
73.42,3590,146.2,-1.8
73.44,3591,145.7,-1.77
73.46,3592,145.1,-1.75
73.48,3593,144.6,-1.75
73.5,3594,144,-1.77
73.52,3594,143.5,-1.77
73.54,3595,143.1,-1.74
73.56,3596,142.6,-1.72
73.58,3597,142.2,-1.7
73.6,3598,141.7,-1.68
73.62,3598,141.2,-1.7
73.64,3599,140.8,-1.72
73.66,3600,140.3,-1.75
73.68,3601,139.9,-1.78
73.7,3602,139.4,-1.78
73.72,3602,139,-1.76
73.74,3603,138.6,-1.78
73.76,3604,138.2,-1.8
73.78,3605,137.7,-1.8
73.8,3605,137.3,-1.78
73.82,3606,136.9,-1.78
73.84,3607,136.5,-1.82
73.86,3608,136,-1.9
73.88,3608,135.6,-1.95
73.9,3609,135.2,-1.97
73.92,3610,134.8,-1.97
73.94,3611,134.5,-1.97
73.96,3611,134.1,-1.95
73.98,3612,133.7,-1.97
74,3613,133.3,-2.03
74.02,3614,132.9,-2.08
74.04,3614,132.6,-2.1
74.06,3615,132.3,-2.08
74.08,3616,132,-2.03
74.1,3617,131.7,-1.97
74.12,3617,131.4,-1.94
74.14,3618,131.1,-1.92
74.16,3619,130.8,-1.91
74.18,3620,130.5,-1.91
74.2,3620,130.3,-1.88
74.22,3621,130,-1.85
74.24,3622,129.7,-1.81
74.26,3622,129.5,-1.79
74.28,3623,129.2,-1.83
74.3,3624,128.8,-1.89
74.32,3625,128.5,-1.93
74.34,3625,128.2,-1.91
74.36,3626,127.9,-1.88
74.38,3627,127.6,-1.88
74.4,3627,127.3,-1.9
74.42,3628,126.9,-1.92
74.44,3629,126.6,-1.96
74.46,3630,126.3,-1.99
74.48,3630,125.9,-2.01
74.5,3631,125.5,-1.99
74.52,3632,125.2,-1.97
74.54,3632,124.9,-1.94
74.56,3633,124.5,-1.91
74.58,3634,124.2,-1.94
74.6,3634,123.8,-1.97
74.62,3635,123.4,-2.01
74.64,3636,123.1,-1.99
74.66,3636,122.8,-1.99
74.68,3637,122.4,-2.01
74.7,3638,122.1,-2.03
74.72,3639,121.8,-2.02
74.74,3639,121.5,-1.99
74.76,3640,121.2,-1.99
74.78,3641,120.9,-2.01
74.8,3641,120.6,-2.03
74.82,3642,120.3,-2.03
74.84,3643,120,-2.03
74.86,3643,119.7,-2.07
74.88,3644,119.4,-2.09
74.9,3645,119.1,-2.11
74.92,3645,118.8,-2.16
74.94,3646,118.5,-2.22
74.96,3647,118.3,-2.22
74.98,3647,118,-2.2
75,3648,117.8,-2.18
75.02,3648,117.5,-2.14
75.04,3649,117.3,-2.12
75.06,3650,117.1,-2.06
75.08,3650,116.9,-2.04
75.1,3651,116.7,-2.06
75.12,3652,116.5,-2.04
75.14,3652,116.3,-2.06
75.16,3653,116.1,-2.04
75.18,3654,115.9,-2.04
75.2,3654,115.6,-2.06
75.22,3655,115.4,-2.04
75.24,3656,115.2,-2.06
75.26,3656,115,-2.08
75.28,3657,114.7,-2.08
75.3,3658,114.5,-2.08
75.32,3658,114.3,-2.1
75.34,3659,114.1,-2.12
75.36,3659,113.9,-2.1
75.38,3660,113.7,-2.12
75.4,3661,113.6,-2.14
75.42,3661,113.8,-2.11
75.44,3662,114.2,-2.07
75.46,3663,114,-2.05
75.48,3663,113.8,-2.05
75.5,3664,114,-2.07
75.52,3665,114.8,-2.09
75.54,3665,115.2,-2.09
75.56,3666,115.3,-2.07
75.58,3666,115.6,-2.05
75.6,3667,115.6,-2.01
75.62,3668,115.4,-1.98
75.64,3668,115.9,-1.98
75.66,3669,116.3,-2
75.68,3670,116.7,-2
75.7,3670,116.9,-1.98
75.72,3671,117.5,-1.96
75.74,3672,117.7,-1.98
75.76,3672,117.7,-1.96
75.78,3673,117.8,-1.93
75.8,3674,118.1,-1.9
75.82,3674,118.3,-1.92
75.84,3675,118.9,-1.94
75.86,3676,119.2,-1.96
75.88,3676,119.5,-1.94
75.9,3677,119.9,-1.92
75.92,3678,120.1,-1.92
75.94,3678,120.3,-1.9
75.96,3679,120.8,-1.88
75.98,3680,121,-1.9
76,3680,121.2,-1.9
76.02,3681,121.4,-1.91
76.04,3682,122.2,-1.93
76.06,3682,122.4,-1.92
76.08,3683,122.4,-1.9
76.1,3684,123.1,-1.88
76.12,3684,123.2,-1.9
76.14,3685,123.4,-1.93
76.16,3686,124.1,-1.95
76.18,3686,124.9,-1.95
76.2,3687,124.9,-1.95
76.22,3688,125.3,-1.93
76.24,3689,125.7,-1.91
76.26,3689,125.6,-1.89
76.28,3690,126.2,-1.87
76.3,3691,126.8,-1.88
76.32,3691,127,-1.88
76.34,3692,127.7,-1.86
76.36,3693,128.3,-1.84
76.38,3694,128.3,-1.82
76.4,3694,128.8,-1.8
76.42,3695,129.3,-1.82
76.44,3696,129.6,-1.8
76.46,3696,130.3,-1.8
76.48,3697,131.2,-1.82
76.5,3698,131.3,-1.84
76.52,3699,132.3,-1.86
76.54,3699,132.4,-1.84
76.56,3700,132.4,-1.82
76.58,3701,133.3,-1.82
76.6,3702,133.7,-1.84
76.62,3702,134.7,-1.86
76.64,3703,135.2,-1.9
76.66,3704,135.5,-1.93
76.68,3705,136.3,-1.95
76.7,3705,136.6,-1.97
76.72,3706,136.7,-1.99
76.74,3707,137.2,-2.01
76.76,3708,137.8,-2.03
76.78,3708,138,-2.05
76.8,3709,138.5,-2.07
76.82,3710,139.4,-2.09
76.84,3711,139.5,-2.12
76.86,3712,140.4,-2.14
76.88,3712,140.4,-2.12
76.9,3713,140.9,-2.11
76.92,3714,140.9,-2.09
76.94,3715,141.4,-2.09
76.96,3715,142,-2.12
76.98,3716,142.9,-2.13
77,3717,143.1,-2.13
77.02,3718,143.9,-2.12
77.04,3719,144.1,-2.1
77.06,3719,144.7,-2.12
77.08,3720,144.8,-2.12
77.1,3721,145.1,-2.12
77.12,3722,145.8,-2.14
77.14,3723,146.5,-2.17
77.16,3724,146.5,-2.19
77.18,3724,147.3,-2.21
77.2,3725,147.6,-2.23
77.22,3726,148.1,-2.25
77.24,3727,148.9,-2.27
77.26,3728,148.7,-2.25
77.28,3728,149.2,-2.23
77.3,3729,149.3,-2.2
77.32,3730,149.9,-2.2
77.34,3731,150.4,-2.22
77.36,3732,151,-2.24
77.38,3733,151.8,-2.26
77.4,3734,152,-2.26
77.42,3734,152,-2.24
77.44,3735,152.2,-2.19
77.46,3736,151.9,-2.14
77.48,3737,152.4,-2.12
77.5,3738,153.2,-2.14
77.52,3739,154.4,-2.12
77.54,3739,154.8,-2.1
77.56,3740,155.3,-2.08
77.58,3741,155.5,-2.08
77.6,3742,155.6,-2.06
77.62,3743,155.8,-2.04
77.64,3744,155.8,-2.04
77.66,3745,156.4,-2.09
77.68,3746,157.6,-2.14
77.7,3746,157.9,-2.14
77.72,3747,158.3,-2.12
77.74,3748,158.4,-2.13
77.76,3749,158.5,-2.11
77.78,3750,159.1,-2.11
77.8,3751,159.4,-2.09
77.82,3752,160,-2.13
77.84,3753,160.6,-2.17
77.86,3754,161.2,-2.17
77.88,3754,161.2,-2.15
77.9,3755,161.2,-2.15
77.92,3756,161.8,-2.17
77.94,3757,162.1,-2.17
77.96,3758,162.7,-2.17
77.98,3759,163,-2.17
78,3760,163.4,-2.15
78.02,3761,163.6,-2.17
78.04,3762,163.8,-2.15
78.06,3763,164.4,-2.12
78.08,3764,164.7,-2.15
78.1,3764,165.4,-2.15
78.12,3765,165.7,-2.15
78.14,3766,166,-2.13
78.16,3767,166,-2.15
78.18,3768,166.3,-2.13
78.2,3769,166.7,-2.13
78.22,3770,167.1,-2.14
78.24,3771,167.7,-2.16
78.26,3772,168,-2.14
78.28,3773,168.5,-2.1
78.3,3774,168.5,-2.08
78.32,3775,168.7,-2.1
78.34,3776,169.4,-2.12
78.36,3777,169.8,-2.1
78.38,3778,170.3,-2.12
78.4,3779,170.5,-2.17
78.42,3779,171.2,-2.2
78.44,3780,171.2,-2.18
78.46,3781,171.7,-2.18
78.48,3782,171.7,-2.2
78.5,3783,171.9,-2.22
78.52,3784,172.6,-2.2
78.54,3785,172.8,-2.18
78.56,3786,173.3,-2.16
78.58,3787,173.4,-2.14
78.6,3788,173.9,-2.12
78.62,3789,173.9,-2.1
78.64,3790,174.4,-2.07
78.66,3791,174.5,-2.05
78.68,3792,175.2,-2.03
78.7,3793,175.5,-2
78.72,3794,175.5,-1.96
78.74,3795,176.2,-1.93
78.76,3796,176.6,-1.91
78.78,3797,176.9,-1.89
78.8,3798,176.8,-1.87
78.82,3799,176.8,-1.85
78.84,3800,176.3,-1.79
78.86,3801,176,-1.73
78.88,3802,177.4,-1.67
78.9,3803,178.3,-1.62
78.92,3804,178.7,-1.6
78.94,3805,179.6,-1.59
78.96,3806,179.6,-1.59
78.98,3807,180,-1.59
79,3808,180.5,-1.56
79.02,3809,179.8,-1.58
79.04,3810,179.5,-1.6
79.06,3811,179.7,-1.62
79.08,3812,180.1,-1.6
79.1,3813,180.1,-1.54
79.12,3814,180.5,-1.48
79.14,3815,181,-1.42
79.16,3816,182,-1.39
79.18,3817,182.5,-1.37
79.2,3818,183.1,-1.38
79.22,3819,182.5,-1.37
79.24,3820,181.9,-1.33
79.26,3821,181.4,-1.27
79.28,3822,182.6,-1.24
79.3,3823,183.3,-1.19
79.32,3824,184.4,-1.11
79.34,3825,184.1,-1.04
79.36,3826,184.4,-1.01
79.38,3827,184,-0.98
79.4,3828,184.1,-0.96
79.42,3829,184.7,-0.94
79.44,3830,185.5,-0.87
79.46,3831,186.2,-0.77
79.48,3832,186.4,-0.69
79.5,3833,187.3,-0.64
79.52,3834,187.4,-0.58
79.54,3835,187.1,-0.54
79.56,3836,187.4,-0.5
79.58,3837,187.4,-0.46
79.6,3839,188.8,-0.43
79.62,3840,189.9,-0.39
79.64,3841,189.8,-0.37
79.66,3842,190.6,-0.36
79.68,3843,190.1,-0.34
79.7,3844,189.5,-0.34
79.72,3845,189.7,-0.35
79.74,3846,190.6,-0.35
79.76,3847,190.7,-0.33
79.78,3848,191,-0.26
79.8,3849,191.8,-0.16
79.82,3850,191.8,-0.14
79.84,3851,191.6,-0.14
79.86,3852,191.9,-0.08
79.88,3853,191.8,-0.03
79.9,3854,192.2,-0.01
79.92,3856,192.7,0.04
79.94,3857,193.3,0.16
79.96,3858,193.6,0.18
79.98,3859,193.8,0.18
80,3860,193.9,0.22
80.02,3861,193.9,0.24
80.04,3862,194,0.27
80.06,3863,194.6,0.3
80.08,3864,195.1,0.3
80.1,3865,195.7,0.3
80.12,3866,195.7,0.34
80.14,3867,196.1,0.35
80.16,3869,195.7,0.33
80.18,3870,196,0.3
80.2,3871,196.3,0.33
80.22,3872,197.1,0.35
80.24,3873,197.7,0.37
80.26,3874,198.1,0.4
80.28,3875,197.9,0.44
80.3,3876,198.3,0.47
80.32,3877,198.1,0.45
80.34,3878,198.8,0.45
80.36,3880,199.1,0.47
80.38,3881,199.5,0.49
80.4,3882,199.6,0.48
80.42,3883,199.9,0.46
80.44,3884,200,0.44
80.46,3885,200.1,0.42
80.48,3886,200.4,0.4
80.5,3887,200.8,0.38
80.52,3889,201.1,0.36
80.54,3890,201.2,0.38
80.56,3891,201.2,0.36
80.58,3892,201.3,0.34
80.6,3893,201.5,0.3
80.62,3894,201.8,0.28
80.64,3895,202.6,0.26
80.66,3896,202.6,0.24
80.68,3898,202.6,0.22
80.7,3899,202.7,0.2
80.72,3900,202.8,0.18
80.74,3901,202.9,0.16
80.76,3902,202.8,0.14
80.78,3903,203.6,0.12
80.8,3904,203.5,0.1
80.82,3905,204.2,0.1
80.84,3907,204.1,0.08
80.86,3908,204.5,0.06
80.88,3909,204.6,0.04
80.9,3910,205.1,0.02
80.92,3911,205.1,0
80.94,3912,205.5,-0.02
80.96,3913,205.7,-0.04
80.98,3915,206.2,-0.06
81,3916,206.6,-0.08
81.02,3917,206.1,-0.12
81.04,3918,207,-0.16
81.06,3919,206.7,-0.21
81.08,3920,207.7,-0.26
81.1,3922,207.5,-0.33
81.12,3923,208.3,-0.39
81.14,3924,208.2,-0.45
81.16,3925,208.5,-0.53
81.18,3926,208.4,-0.59
81.2,3927,209,-0.66
81.22,3928,209.8,-0.71
81.24,3930,209.4,-0.77
81.26,3931,210.1,-0.81
81.28,3932,209.7,-0.86
81.3,3933,210.4,-0.92
81.32,3934,210.4,-0.98
81.34,3936,210.8,-1.02
81.36,3937,210.8,-1.05
81.38,3938,211,-1.07
81.4,3939,210.9,-1.09
81.42,3940,211.1,-1.11
81.44,3941,211.9,-1.13
81.46,3943,211.9,-1.16
81.48,3944,212.8,-1.19
81.5,3945,212.7,-1.26
81.52,3946,213.2,-1.33
81.54,3947,213.1,-1.41
81.56,3949,213.5,-1.49
81.58,3950,213.5,-1.58
81.6,3951,214,-1.66
81.62,3952,214.4,-1.73
81.64,3953,214.1,-1.78
81.66,3954,214.4,-1.82
81.68,3956,214.1,-1.84
81.7,3957,214.4,-1.82
81.72,3958,214.5,-1.82
81.74,3959,215.1,-1.85
81.76,3960,215.6,-1.88
81.78,3962,215.5,-1.9
81.8,3963,216,-1.92
81.82,3964,215.7,-1.94
81.84,3965,216.4,-1.96
81.86,3966,216.2,-1.98
81.88,3968,216.4,-2
81.9,3969,216.4,-1.98
81.92,3970,216.6,-2
81.94,3971,217.3,-2.02
81.96,3973,217.1,-2
81.98,3974,217.3,-1.98
82,3975,217.1,-1.99
82.02,3976,217.9,-2.01
82.04,3977,218.3,-2.03
82.06,3979,218.3,-2.05
82.08,3980,218.8,-2.07
82.1,3981,218.2,-2.09
82.12,3982,218.6,-2.12
82.14,3983,218.5,-2.12
82.16,3985,218.8,-2.14
82.18,3986,219.2,-2.16
82.2,3987,219.6,-2.18
82.22,3988,220.1,-2.2
82.24,3990,219.2,-2.16
82.26,3991,219.5,-2.14
82.28,3992,219.3,-2.12
82.3,3993,219.9,-2.13
82.32,3994,220.1,-2.15
82.34,3996,220.8,-2.18
82.36,3997,221.4,-2.2
82.38,3998,220.7,-2.22
82.4,3999,221.3,-2.22
82.42,4001,220.5,-2.19
82.44,4002,221,-2.19
82.46,4003,220.8,-2.21
82.48,4004,221.4,-2.19
82.5,4006,222.1,-2.17
82.52,4007,221.5,-2.15
82.54,4008,221.8,-2.11
82.56,4009,221.7,-2.11
82.58,4010,222.1,-2.08
82.6,4012,222.3,-2.03
82.62,4013,221.5,-1.98
82.64,4014,222.5,-1.95
82.66,4015,222.1,-1.9
82.68,4017,222.5,-1.84
82.7,4018,222.2,-1.8
82.72,4019,223.1,-1.8
82.74,4020,223.8,-1.82
82.76,4022,223.3,-1.82
82.78,4023,223.4,-1.8
82.8,4024,222.7,-1.78
82.82,4025,223.1,-1.75
82.84,4027,224.3,-1.79
82.86,4028,224,-1.81
82.88,4029,224.9,-1.84
82.9,4030,224.6,-1.86
82.92,4032,224.9,-1.87
82.94,4033,224.4,-1.87
82.96,4034,224,-1.84
82.98,4035,224.3,-1.8
83,4037,223.8,-1.75
83.02,4038,225.1,-1.75
83.04,4039,225.5,-1.77
83.06,4040,226.2,-1.75
83.08,4042,226.6,-1.77
83.1,4043,225.8,-1.79
83.12,4044,226.4,-1.83
83.14,4045,226.7,-1.91
83.16,4047,227.4,-2.05
83.18,4048,227.9,-2.18
83.2,4049,227.9,-2.31
83.22,4051,227.5,-2.41
83.24,4052,227.2,-2.43
83.26,4053,227.1,-2.4
83.28,4054,225.8,-2.32
83.3,4056,225.4,-2.17
83.32,4057,225.5,-1.99
83.34,4058,225.4,-1.8
83.36,4059,226.5,-1.71
83.38,4061,227,-1.71
83.4,4062,228.3,-1.74
83.42,4063,229.3,-1.8
83.44,4064,229.1,-1.89
83.46,4066,229.4,-2
83.48,4067,228.9,-2.12
83.5,4068,228.8,-2.22
83.52,4070,228.9,-2.24
83.54,4071,228.6,-2.26
83.56,4072,229.7,-2.29
83.58,4073,229.9,-2.26
83.6,4075,230.3,-2.24
83.62,4076,231,-2.3
83.64,4077,231.2,-2.41
83.66,4079,231.8,-2.49
83.68,4080,231.2,-2.49
83.7,4081,230.4,-2.47
83.72,4082,230.9,-2.5
83.74,4084,231.2,-2.52
83.76,4085,232.2,-2.52
83.78,4086,232.4,-2.52
83.8,4088,232.9,-2.51
83.82,4089,233.2,-2.51
83.84,4090,232.4,-2.49
83.86,4091,232.7,-2.46
83.88,4093,232.6,-2.46
83.9,4094,232.8,-2.49
83.92,4095,233.6,-2.51
83.94,4097,234.1,-2.51
83.96,4098,234.8,-2.53
83.98,4099,235.3,-2.56
84,4101,235.1,-2.62
84.02,4102,235,-2.62
84.04,4103,233.9,-2.58
84.06,4105,233.6,-2.54
84.08,4106,234.1,-2.56
84.1,4107,234.7,-2.56
84.12,4108,236,-2.53
84.14,4110,236.4,-2.51
84.16,4111,236.8,-2.55
84.18,4112,236.6,-2.6
84.2,4114,235.8,-2.6
84.22,4115,235.7,-2.58
84.24,4116,235.8,-2.64
84.26,4118,236.2,-2.77
84.28,4119,237.3,-2.85
84.3,4120,237.2,-2.85
84.32,4122,236.6,-2.81
84.34,4123,236.9,-2.7
84.36,4124,236.8,-2.6
84.38,4126,237,-2.5
84.4,4127,237.2,-2.46
84.42,4128,237.4,-2.46
84.44,4130,238.4,-2.48
84.46,4131,238.6,-2.5
84.48,4132,239.3,-2.48
84.5,4134,239.3,-2.5
84.52,4135,238.6,-2.48
84.54,4136,238.5,-2.44
84.56,4138,238.7,-2.4
84.58,4139,238.7,-2.38
84.6,4140,240.4,-2.4
84.62,4142,240.5,-2.44
84.64,4143,241,-2.49
84.66,4144,240.3,-2.52
84.68,4146,239.2,-2.5
84.7,4147,239.6,-2.5
84.72,4148,240.5,-2.56
84.74,4150,240.8,-2.63
84.76,4151,241.9,-2.66
84.78,4152,241.3,-2.69
84.8,4154,240.1,-2.65
84.82,4155,240.1,-2.52
84.84,4156,239.2,-2.37
84.86,4158,240.1,-2.29
84.88,4159,241.7,-2.32
84.9,4160,242.5,-2.37
84.92,4162,243.5,-2.43
84.94,4163,242.9,-2.5
84.96,4164,241.8,-2.5
84.98,4166,241.9,-2.46
85,4167,241.3,-2.44
85.02,4168,241.7,-2.5
85.04,4170,242.6,-2.57
85.06,4171,243.1,-2.6
85.08,4172,244.2,-2.6
85.1,4174,244,-2.62
85.12,4175,242.9,-2.62
85.14,4177,242.5,-2.6
85.16,4178,242.5,-2.6
85.18,4179,242.8,-2.67
85.2,4181,243.7,-2.75
85.22,4182,244.3,-2.78
85.24,4183,244.4,-2.78
85.26,4185,244.4,-2.75
85.28,4186,243.8,-2.69
85.3,4187,243.8,-2.61
85.32,4189,243.7,-2.56
85.34,4190,243.2,-2.56
85.36,4191,244.1,-2.61
85.38,4193,244.9,-2.65
85.4,4194,245.2,-2.67
85.42,4196,245.6,-2.65
85.44,4197,245.5,-2.63
85.46,4198,244.9,-2.61
85.48,4200,245.3,-2.61
85.5,4201,245.3,-2.65
85.52,4202,246.2,-2.71
85.54,4204,246.5,-2.73
85.56,4205,245.7,-2.75
85.58,4207,245.2,-2.73
85.6,4208,245.1,-2.71
85.62,4209,245,-2.66
85.64,4211,246,-2.61
85.66,4212,246.5,-2.6
85.68,4213,246.7,-2.64
85.7,4215,247,-2.66
85.72,4216,246.9,-2.68
85.74,4217,246.4,-2.7
85.76,4219,246.7,-2.73
85.78,4220,247,-2.79
85.8,4222,247.1,-2.84
85.82,4223,247.6,-2.86
85.84,4224,246.7,-2.85
85.86,4226,246.8,-2.83
85.88,4227,246.7,-2.72
85.9,4229,246,-2.63
85.92,4230,246.6,-2.56
85.94,4231,247.1,-2.56
85.96,4233,247.6,-2.58
85.98,4234,248.6,-2.59
86,4235,248.5,-2.61
86.02,4237,248,-2.64
86.04,4238,248,-2.63
86.06,4240,247.9,-2.61
86.08,4241,247.7,-2.63
86.1,4242,248.1,-2.65
86.12,4244,248.8,-2.65
86.14,4245,248.8,-2.63
86.16,4246,248.9,-2.61
86.18,4248,248.3,-2.59
86.2,4249,248.5,-2.61
86.22,4251,248.6,-2.63
86.24,4252,248.3,-2.66
86.26,4253,248.8,-2.66
86.28,4255,249.2,-2.68
86.3,4256,249.1,-2.69
86.32,4258,249.1,-2.66
86.34,4259,249.5,-2.61
86.36,4260,249,-2.59
86.38,4262,249.3,-2.58
86.4,4263,249.4,-2.56
86.42,4265,248.7,-2.58
86.44,4266,249.3,-2.56
86.46,4267,250.1,-2.58
86.48,4269,250.2,-2.6
86.5,4270,250.6,-2.62
86.52,4271,250.4,-2.62
86.54,4273,249.4,-2.6
86.56,4274,249.1,-2.53
86.58,4276,248.5,-2.45
86.6,4277,249.4,-2.41
86.62,4278,250.1,-2.36
86.64,4280,250,-2.32
86.66,4281,250.6,-2.29
86.68,4283,250.7,-2.24
86.7,4284,250.1,-2.2
86.72,4285,250.1,-2.17
86.74,4287,250.6,-2.15
86.76,4288,250.2,-2.18
86.78,4290,250.8,-2.2
86.8,4291,251.2,-2.2
86.82,4292,250.6,-2.18
86.84,4294,251,-2.13
86.86,4295,250.9,-2.08
86.88,4297,250.7,-2.05
86.9,4298,251.5,-2.03
86.92,4299,251.6,-2.05
86.94,4301,251.3,-2.07
86.96,4302,251.8,-2.07
86.98,4304,251.8,-2.05
87,4305,251.5,-2.02
87.02,4306,251.8,-2
87.04,4308,251.9,-1.98
87.06,4309,251.8,-1.96
87.08,4311,251.8,-1.9
87.1,4312,251.3,-1.85
87.12,4313,251.9,-1.82
87.14,4315,252.8,-1.81
87.16,4316,253.1,-1.79
87.18,4318,252.7,-1.76
87.2,4319,252.8,-1.73
87.22,4320,252.2,-1.7
87.24,4322,252.1,-1.67
87.26,4323,253.1,-1.65
87.28,4325,253,-1.63
87.3,4326,252.8,-1.57
87.32,4327,253.4,-1.51
87.34,4329,252.9,-1.45
87.36,4330,253.7,-1.44
87.38,4332,254.4,-1.44
87.4,4333,253.3,-1.42
87.42,4335,252.7,-1.42
87.44,4336,253.4,-1.4
87.46,4337,252.8,-1.36
87.48,4339,252.7,-1.32
87.5,4340,253.1,-1.26
87.52,4342,253.6,-1.2
87.54,4343,254,-1.15
87.56,4344,254.4,-1.08
87.58,4346,253.9,-1.06
87.6,4347,253.8,-1.08
87.62,4349,254.2,-1.1
87.64,4350,254.7,-1.12
87.66,4352,254.5,-1.12
87.68,4353,254.7,-1.08
87.7,4354,254.5,-1.02
87.72,4356,255.2,-0.95
87.74,4357,254.7,-0.88
87.76,4359,254.9,-0.82
87.78,4360,254.8,-0.76
87.8,4361,254.7,-0.71
87.82,4363,255.7,-0.65
87.84,4364,255.7,-0.59
87.86,4366,256,-0.53
87.88,4367,256.4,-0.49
87.9,4369,255.5,-0.46
87.92,4370,255.2,-0.41
87.94,4371,255.7,-0.36
87.96,4373,256.5,-0.32
87.98,4374,256.6,-0.28
88,4376,257.2,-0.24
88.02,4377,257.1,-0.19
88.04,4379,257.2,-0.16
88.06,4380,257.2,-0.16
88.08,4381,256.8,-0.18
88.1,4383,256.6,-0.18
88.12,4384,257.2,-0.16
88.14,4386,257.2,-0.12
88.16,4387,257.5,-0.08
88.18,4389,257.2,-0.05
88.2,4390,256.6,-0.03
88.22,4391,256.6,-0.01
88.24,4393,257.8,0.02
88.26,4394,258.2,0.05
88.28,4396,258.3,0.13
88.3,4397,258.1,0.21
88.32,4399,257.5,0.24
88.34,4400,257.4,0.22
88.36,4402,257.3,0.2
88.38,4403,257.6,0.2
88.4,4404,258.3,0.22
88.42,4406,258.8,0.24
88.44,4407,258.7,0.28
88.46,4409,258.7,0.3
88.48,4410,258.5,0.3
88.5,4412,258.4,0.28
88.52,4413,258.7,0.26
88.54,4414,259,0.28
88.56,4416,259,0.29
88.58,4417,259,0.27
88.6,4419,258.6,0.25
88.62,4420,258.3,0.22
88.64,4422,258.5,0.2
88.66,4423,258.6,0.18
88.68,4425,258.6,0.16
88.7,4426,259.3,0.14
88.72,4427,259.3,0.14
88.74,4429,259.3,0.16
88.76,4430,259,0.16
88.78,4432,259,0.14
88.8,4433,258.7,0.14
88.82,4435,258.8,0.14
88.84,4436,258.7,0.12
88.86,4438,258.8,0.1
88.88,4439,258.8,0.08
88.9,4440,259.1,0.06
88.92,4442,259.1,0.06
88.94,4443,259.1,0.08
88.96,4445,259.4,0.08
88.98,4446,259.3,0.08
89,4448,259.3,0.08
89.02,4449,259.7,0.07
89.04,4451,259.6,0.07
89.06,4452,259.5,0.08
89.08,4453,259.9,0.08
89.1,4455,260,0.08
89.12,4456,260.2,0.1
89.14,4458,260.5,0.11
89.16,4459,260.3,0.09
89.18,4461,259.9,0.11
89.2,4462,260.3,0.13
89.22,4464,260.3,0.13
89.24,4465,260.5,0.12
89.26,4467,260.9,0.12
89.28,4468,261,0.12
89.3,4469,260.9,0.14
89.32,4471,261.1,0.14
89.34,4472,260.9,0.12
89.36,4474,260.9,0.12
89.38,4475,261.3,0.12
89.4,4477,261.4,0.1
89.42,4478,261.5,0.1
89.44,4480,261.5,0.11
89.46,4481,261.8,0.13
89.48,4483,261.5,0.13
89.5,4484,261.4,0.12
89.52,4485,262,0.1
89.54,4487,261.8,0.1
89.56,4488,262,0.12
89.58,4490,262.3,0.13
89.6,4491,262.5,0.13
89.62,4493,262.2,0.14
89.64,4494,262.7,0.16
89.66,4496,262.7,0.14
89.68,4497,262.7,0.13
89.7,4499,263,0.13
89.72,4500,263.1,0.11
89.74,4502,263.1,0.09
89.76,4503,263.1,0.08
89.78,4504,263.3,0.06
89.8,4506,263.4,0.04
89.82,4507,263.4,0.04
89.84,4509,263.9,0.04
89.86,4510,263.8,0.04
89.88,4512,263.8,0.02
89.9,4513,264.2,0.02
89.92,4515,264.1,0.02
89.94,4516,263.9,0.04
89.96,4518,264.4,0.04
89.98,4519,264.5,0.02
90,4521,264.6,0.02
90.02,4522,265.1,0.02
90.04,4524,264.9,0
90.06,4525,264.9,0
90.08,4527,265,0
90.1,4528,265.4,-0.02
90.12,4530,265.4,-0.03
90.14,4531,265.4,-0.05
90.16,4532,265.6,-0.07
90.18,4534,265.6,-0.07
90.2,4535,265.1,-0.09
90.22,4537,265.7,-0.09
90.24,4538,265.9,-0.07
90.26,4540,266.2,-0.05
90.28,4541,266.4,-0.03
90.3,4543,266.3,-0.01
90.32,4544,266.5,-0.01
90.34,4546,266,-0.01
90.36,4547,266.4,-0.03
90.38,4549,266.3,-0.03
90.4,4550,266.2,-0.01
90.42,4552,266.9,-0.01
90.44,4553,266.9,0.01
90.46,4555,267,0.03
90.48,4556,267.1,0.05
90.5,4558,266.9,0.03
90.52,4559,267.3,0.05
90.54,4561,267.2,0.07
90.56,4562,267.6,0.09
90.58,4564,267.5,0.11
90.6,4565,267.3,0.13
90.62,4567,267.6,0.11
90.64,4568,267.5,0.09
90.66,4570,268,0.07
90.68,4571,268.1,0.07
90.7,4573,268.3,0.07
90.72,4574,268.5,0.07
90.74,4576,268.2,0.07
90.76,4577,268.4,0.05
90.78,4579,268.1,0.05
90.8,4580,268.1,0.03
90.82,4582,268.7,0.01
90.84,4583,268.7,0
90.86,4585,268.8,-0.02
90.88,4586,269,-0.02
90.9,4588,269,-0.03
90.92,4589,268.9,-0.03
90.94,4591,268.7,-0.02
90.96,4592,269.2,-0.02
90.98,4594,269.4,-0.02
91,4595,269.3,-0.02
91.02,4597,269.9,0
91.04,4598,269.5,0.02
91.06,4600,269.2,0.04
91.08,4601,269.5,0.02
91.1,4603,269.7,0
