Time,Distance,Corr Speed,Math G Force Lat Filtered
s,m,km/h,G
0,0,235.63,0.097
0.05,3,236.01,0.092
0.1,7,236.35,0.089
0.15,10,237.31,0.088
0.2,13,237.67,0.088
0.25,17,238.09,0.089
0.3,20,238.34,0.088
0.35,23,238.75,0.086
0.4,27,239.18,0.082
0.45,30,239.3,0.076
0.5,33,239.72,0.067
0.55,37,240.28,0.057
0.6,40,240.89,0.045
0.65,43,241.51,0.033
0.7,47,241.9,0.023
0.75,50,242.11,0.014
0.8,54,242.48,0.008
0.85,57,243.08,0.005
0.9,60,243.48,0.005
0.95,64,243.64,0.009
1,67,244.44,0.014
1.05,71,244.87,0.022
1.1,74,244.73,0.03
1.15,78,245.14,0.04
1.2,81,245.68,0.048
1.25,84,246.14,0.056
1.3,88,246.6,0.064
1.35,91,247.04,0.07
1.4,95,247.24,0.076
1.45,98,247.69,0.08
1.5,102,248.57,0.084
1.55,105,248.71,0.086
1.6,109,248.42,0.087
1.65,112,248.92,0.086
1.7,116,249.84,0.084
1.75,119,250.27,0.081
1.8,123,250.8,0.076
1.85,126,251.05,0.07
1.9,130,250.76,0.064
1.95,133,251.61,0.056
2,137,252.12,0.048
2.05,140,252.14,0.038
2.1,144,252.62,0.027
2.15,147,252.86,0.015
2.2,151,253.37,0.003
2.25,154,253.38,-0.009
2.3,158,253.16,-0.021
2.35,162,253.9,-0.033
2.4,165,254.46,-0.045
2.45,169,254.68,-0.056
2.5,172,255.17,-0.068
2.55,176,255.16,-0.079
2.6,179,255.25,-0.089
2.65,183,255.85,-0.099
2.7,187,255.46,-0.105
2.75,190,255.52,-0.109
2.8,194,256.54,-0.109
2.85,197,257.29,-0.104
2.9,201,257.63,-0.095
2.95,205,257.34,-0.081
3,208,257.84,-0.063
3.05,212,258.59,-0.042
3.1,215,258.38,-0.019
3.15,219,258.35,0.005
3.2,223,258.86,0.027
3.25,226,258.98,0.047
3.3,230,258.86,0.064
3.35,234,258.92,0.077
3.4,237,259.42,0.086
3.45,241,260.18,0.092
3.5,244,260.21,0.095
3.55,248,260.3,0.095
3.6,252,261.08,0.093
3.65,255,261.28,0.089
3.7,259,261.06,0.083
3.75,263,261.26,0.074
3.8,266,261.88,0.065
3.85,270,262.22,0.054
3.9,274,262.74,0.044
3.95,277,262.88,0.037
4,281,262.39,0.031
4.05,285,263.04,0.031
4.1,288,263.63,0.034
4.15,292,263.4,0.042
4.2,296,263.56,0.055
4.25,300,263.59,0.069
4.3,303,263.47,0.086
4.35,307,264.03,0.102
4.4,311,264.2,0.116
4.45,314,264.29,0.128
4.5,318,264.55,0.138
4.55,322,264.2,0.147
4.6,325,264.55,0.154
4.65,329,265.01,0.161
4.7,333,264.56,0.167
4.75,337,264.19,0.175
4.8,340,263.46,0.185
4.85,344,262.61,0.202
4.9,348,258.82,0.227
4.95,351,255.44,0.266
5,355,254.29,0.318
5.05,358,246.25,0.385
5.1,362,241.44,0.464
5.15,365,243.32,0.555
5.2,368,241.8,0.653
5.25,372,238.68,0.757
5.3,375,236.33,0.864
5.35,378,235.4,0.972
5.4,382,234.41,1.081
5.45,385,232.85,1.188
5.5,388,230.42,1.294
5.55,391,227.57,1.395
5.6,394,225.88,1.49
5.65,398,224.42,1.578
5.7,401,222.31,1.658
5.75,404,220.28,1.728
5.8,407,219.42,1.789
5.85,410,218.47,1.841
5.9,413,216.72,1.887
5.95,416,215.66,1.929
6,419,214.79,1.968
6.05,422,213.97,2.003
6.1,425,212.9,2.034
6.15,428,210.95,2.06
6.2,431,209.18,2.084
6.25,434,209.17,2.106
6.3,437,209.08,2.128
6.35,440,208.03,2.151
6.4,443,207.08,2.176
6.45,446,206.11,2.201
6.5,448,205.62,2.224
6.55,451,205.05,2.244
6.6,454,203.52,2.258
6.65,457,201.87,2.267
6.7,460,201.31,2.272
6.75,463,200.96,2.274
6.8,465,200.17,2.277
6.85,468,199.6,2.281
6.9,471,199.27,2.288
6.95,474,198.74,2.297
7,477,198.1,2.308
7.05,479,197.2,2.319
7.1,482,196.64,2.33
7.15,485,196.24,2.34
7.2,488,195.55,2.346
7.25,490,194.66,2.346
7.3,493,193.26,2.341
7.35,496,191.91,2.331
7.4,498,191.84,2.32
7.45,501,192.62,2.31
7.5,504,192.59,2.303
7.55,506,192.54,2.299
7.6,509,192.68,2.296
7.65,512,191.65,2.293
7.7,515,190.61,2.289
7.75,517,191.32,2.285
7.8,520,191.53,2.28
7.85,523,190.25,2.276
7.9,525,190.14,2.273
7.95,528,190.94,2.271
8,531,190.38,2.269
8.05,533,188.65,2.265
8.1,536,188.5,2.26
8.15,539,189.51,2.251
8.2,541,189.16,2.24
8.25,544,188.24,2.225
8.3,546,188.22,2.208
8.35,549,189.13,2.192
8.4,552,189.66,2.177
8.45,554,189.61,2.162
8.5,557,189.84,2.144
8.55,560,189.92,2.12
8.6,562,189.07,2.086
8.65,565,188.97,2.042
8.7,568,190.86,1.988
8.75,570,191.54,1.924
8.8,573,190.56,1.855
8.85,576,190.42,1.783
8.9,578,191.72,1.714
8.95,581,193.84,1.654
9,584,193.56,1.604
9.05,586,191.53,1.568
9.1,589,191.14,1.546
9.15,592,192.99,1.541
9.2,595,195.68,1.548
9.25,597,195.91,1.561
9.3,600,194.53,1.573
9.35,603,195.21,1.578
9.4,606,196.43,1.577
9.45,608,196.25,1.573
9.5,611,196.56,1.57
9.55,614,198.37,1.57
9.6,617,200.18,1.571
9.65,619,200.2,1.571
9.7,622,199.1,1.565
9.75,625,198.19,1.553
9.8,628,199.13,1.539
9.85,631,201.77,1.526
9.9,633,203.52,1.513
9.95,636,203.41,1.5
10,639,202.94,1.482
10.05,642,202.94,1.459
10.1,645,203.08,1.431
10.15,648,204.49,1.399
10.2,651,205.96,1.366
10.25,653,206.18,1.329
10.3,656,206.1,1.289
10.35,659,206.36,1.243
10.4,662,207.48,1.194
10.45,665,208.59,1.139
10.5,668,209,1.079
10.55,671,209.24,1.013
10.6,674,209.77,0.943
10.65,677,211.88,0.868
10.7,680,212.89,0.792
10.75,683,211.88,0.717
10.8,686,211.54,0.643
10.85,689,212.07,0.571
10.9,692,212.76,0.502
10.95,695,213.28,0.434
11,698,214.02,0.367
11.05,701,214.93,0.3
11.1,704,215.47,0.233
11.15,707,215.89,0.167
11.2,710,216.77,0.104
11.25,713,217.26,0.045
11.3,716,217.63,-0.009
11.35,719,218.05,-0.058
11.4,722,218.5,-0.103
11.45,725,219.24,-0.145
11.5,728,219.78,-0.184
11.55,731,220.49,-0.224
11.6,734,221.45,-0.264
11.65,737,222.03,-0.307
11.7,740,222.42,-0.354
11.75,744,222.92,-0.405
11.8,747,223.45,-0.462
11.85,750,223.79,-0.525
11.9,753,223.84,-0.595
11.95,756,224,-0.671
12,759,224.57,-0.754
12.05,762,225.13,-0.841
12.1,766,225.71,-0.931
12.15,769,225.73,-1.021
12.2,772,225.7,-1.106
12.25,775,226.76,-1.184
12.3,778,227.38,-1.253
12.35,781,227.11,-1.309
12.4,785,227.09,-1.353
12.45,788,227.56,-1.381
12.5,791,227.83,-1.396
12.55,794,228.4,-1.396
12.6,797,229.07,-1.384
12.65,801,228.8,-1.358
12.7,804,228.88,-1.317
12.75,807,229.65,-1.261
12.8,810,230.14,-1.192
12.85,813,229.18,-1.108
12.9,817,228.29,-1.014
12.95,820,228.29,-0.91
13,823,226,-0.801
13.05,826,221.19,-0.69
13.1,829,216.64,-0.579
13.15,832,208.06,-0.474
13.2,835,199.93,-0.379
13.25,838,202.48,-0.296
13.3,841,203.77,-0.228
13.35,843,199.37,-0.176
13.4,846,197.58,-0.137
13.45,849,196.03,-0.112
13.5,852,192.16,-0.096
13.55,854,189.08,-0.088
13.6,857,187.44,-0.086
13.65,860,183.34,-0.087
13.7,862,179.66,-0.089
13.75,865,177.49,-0.091
13.8,867,174.25,-0.09
13.85,869,170.5,-0.084
13.9,872,167.18,-0.072
13.95,874,164.65,-0.049
14,876,162.12,-0.015
14.05,879,159.35,0.034
14.1,881,156.16,0.096
14.15,883,153.75,0.174
14.2,885,151.36,0.265
14.25,887,148.96,0.368
14.3,889,147.24,0.48
14.35,891,145.19,0.596
14.4,893,143,0.712
14.45,895,140.75,0.826
14.5,897,138.9,0.936
14.55,899,137.62,1.039
14.6,901,136.27,1.137
14.65,903,134.86,1.229
14.7,905,133.75,1.316
14.75,907,132.97,1.4
14.8,909,131.83,1.481
14.85,910,130.64,1.559
14.9,912,130.01,1.635
14.95,914,129.28,1.705
15,916,128.24,1.77
15.05,918,127.19,1.827
15.1,919,126.11,1.876
15.15,921,125.69,1.914
15.2,923,125.36,1.943
15.25,925,123.81,1.96
15.3,926,123,1.967
15.35,928,123.04,1.963
15.4,930,121.5,1.951
15.45,931,119.77,1.933
15.5,933,120,1.913
15.55,935,120.67,1.894
15.6,937,119.62,1.875
15.65,938,117.68,1.859
15.7,940,116.6,1.847
15.75,941,117.3,1.84
15.8,943,118.36,1.838
15.85,945,117.38,1.84
15.9,946,115.34,1.843
15.95,948,114.44,1.848
16,950,114.5,1.854
16.05,951,114.86,1.86
16.1,953,114.38,1.863
16.15,954,112.77,1.863
16.2,956,111.67,1.858
16.25,958,110.98,1.849
16.3,959,110.82,1.839
16.35,961,111.23,1.828
16.4,962,110.64,1.818
16.45,964,109.52,1.811
16.5,965,109.39,1.807
16.55,967,110.85,1.805
16.6,968,111.73,1.801
16.65,970,111.31,1.792
16.7,971,111.44,1.774
16.75,973,111.8,1.744
16.8,975,111.96,1.703
16.85,976,112.26,1.649
16.9,978,113.11,1.584
16.95,979,113.9,1.508
17,981,114.14,1.421
17.05,983,114.73,1.322
17.1,984,116.03,1.212
17.15,986,117.03,1.089
17.2,987,117.56,0.953
17.25,989,118.38,0.802
17.3,991,119.44,0.637
17.35,992,120.53,0.458
17.4,994,121.62,0.266
17.45,996,123.01,0.065
17.5,998,124.31,-0.141
17.55,999,125.22,-0.346
17.6,1001,126.32,-0.547
17.65,1003,127.65,-0.739
17.7,1005,128.84,-0.917
17.75,1007,130.16,-1.079
17.8,1008,131.5,-1.22
17.85,1010,132.88,-1.339
17.9,1012,134.09,-1.433
17.95,1014,134.38,-1.502
18,1016,134.58,-1.55
18.05,1018,135.55,-1.577
18.1,1020,136.66,-1.591
18.15,1022,137.86,-1.595
18.2,1024,139.55,-1.593
18.25,1025,140.69,-1.588
18.3,1027,141.16,-1.579
18.35,1029,142.01,-1.567
18.4,1031,142.97,-1.55
18.45,1033,143.93,-1.529
18.5,1035,145.52,-1.499
18.55,1038,146.72,-1.456
18.6,1040,147.37,-1.395
18.65,1042,148.1,-1.308
18.7,1044,148.5,-1.195
18.75,1046,149.08,-1.053
18.8,1048,149.99,-0.885
18.85,1050,150.99,-0.695
18.9,1052,151.69,-0.49
18.95,1054,152.21,-0.274
19,1056,152.18,-0.056
19.05,1059,151.54,0.159
19.1,1061,150.56,0.363
19.15,1063,149.41,0.552
19.2,1065,147.65,0.722
19.25,1067,145.37,0.87
19.3,1069,143.69,0.997
19.35,1071,142.36,1.105
19.4,1073,141.19,1.198
19.45,1075,139.92,1.276
19.5,1077,138.84,1.345
19.55,1079,137.7,1.405
19.6,1081,136.48,1.459
19.65,1083,135.47,1.508
19.7,1084,134.44,1.552
19.75,1086,133.42,1.593
19.8,1088,132.62,1.63
19.85,1090,131.77,1.663
19.9,1092,130.63,1.691
19.95,1094,129.73,1.715
20,1095,129,1.736
20.05,1097,128.09,1.753
20.1,1099,127.07,1.769
20.15,1101,126.56,1.784
20.2,1103,126.62,1.8
20.25,1104,126.04,1.817
20.3,1106,125.1,1.834
20.35,1108,124.91,1.852
20.4,1110,124.51,1.868
20.45,1111,123.29,1.881
20.5,1113,122.9,1.892
20.55,1115,122.77,1.9
20.6,1117,121.66,1.906
20.65,1118,120.8,1.911
20.7,1120,120.98,1.914
20.75,1122,121.09,1.916
20.8,1123,120.01,1.915
20.85,1125,119,1.912
20.9,1127,118.6,1.907
20.95,1128,118.35,1.899
21,1130,118.22,1.889
21.05,1132,117.72,1.877
21.1,1133,116.94,1.862
21.15,1135,116.85,1.845
21.2,1136,117.4,1.826
21.25,1138,117.71,1.805
21.3,1140,117.58,1.782
21.35,1141,117.04,1.759
21.4,1143,116.82,1.739
21.45,1145,117.32,1.724
21.5,1146,118.08,1.715
21.55,1148,118.94,1.712
21.6,1150,119.59,1.711
21.65,1151,119.58,1.706
21.7,1153,119.28,1.692
21.75,1155,119.33,1.665
21.8,1156,119.76,1.629
21.85,1158,120.5,1.587
21.9,1160,121.61,1.544
21.95,1161,122.74,1.503
22,1163,123.26,1.465
22.05,1165,124.11,1.429
22.1,1167,125.48,1.394
22.15,1168,126.16,1.362
22.2,1170,126.79,1.331
22.25,1172,128.01,1.302
22.3,1174,129.12,1.277
22.35,1176,129.91,1.257
22.4,1177,131,1.243
22.45,1179,132.58,1.237
22.5,1181,133.9,1.238
22.55,1183,134.57,1.244
22.6,1185,135.49,1.253
22.65,1187,136.66,1.262
22.7,1189,137.86,1.266
22.75,1191,139.25,1.262
22.8,1193,140,1.248
22.85,1195,141,1.22
22.9,1197,142.86,1.178
22.95,1199,144.04,1.12
23,1201,143.88,1.048
23.05,1203,143.86,0.963
23.1,1205,144.64,0.869
23.15,1207,145.87,0.768
23.2,1209,148.03,0.664
23.25,1211,149.31,0.56
23.3,1213,149.54,0.456
23.35,1215,150.46,0.352
23.4,1217,151.51,0.247
23.45,1219,152.72,0.143
23.5,1222,154.26,0.038
23.55,1224,155.57,-0.065
23.6,1226,156.26,-0.166
23.65,1228,156.95,-0.264
23.7,1230,157.96,-0.359
23.75,1233,159.34,-0.448
23.8,1235,160.72,-0.53
23.85,1237,161.53,-0.603
23.9,1239,162.46,-0.664
23.95,1242,163.47,-0.712
24,1244,164.23,-0.75
24.05,1246,165.34,-0.778
24.1,1248,166.51,-0.799
24.15,1251,166.81,-0.814
24.2,1253,167.63,-0.824
24.25,1256,169.24,-0.828
24.3,1258,170.28,-0.828
24.35,1260,170.47,-0.823
24.4,1263,170.71,-0.817
24.45,1265,171.57,-0.809
24.5,1268,172.27,-0.802
24.55,1270,173.12,-0.799
24.6,1272,174.25,-0.8
24.65,1275,175.27,-0.805
24.7,1277,175.88,-0.816
24.75,1280,176.44,-0.831
24.8,1282,177.43,-0.85
24.85,1285,178.39,-0.873
24.9,1287,179.28,-0.898
24.95,1290,180.22,-0.925
25,1292,180.71,-0.95
25.05,1295,181.21,-0.973
25.1,1297,182.09,-0.991
25.15,1300,182.93,-1.005
25.2,1302,183.76,-1.013
25.25,1305,184.74,-1.015
25.3,1308,185.42,-1.011
25.35,1310,185.94,-1.001
25.4,1313,186.97,-0.987
25.45,1315,187.99,-0.969
25.5,1318,188.71,-0.949
25.55,1321,189.36,-0.929
25.6,1323,189.94,-0.909
25.65,1326,190.6,-0.891
25.7,1329,191.41,-0.877
25.75,1331,192.29,-0.866
25.8,1334,193.39,-0.86
25.85,1337,194.03,-0.857
25.9,1340,193.99,-0.855
25.95,1342,194.45,-0.853
26,1345,195.13,-0.851
26.05,1348,195.73,-0.847
26.1,1351,196.55,-0.844
26.15,1353,197.04,-0.843
26.2,1356,197.66,-0.844
26.25,1359,198.5,-0.847
26.3,1362,198.92,-0.851
26.35,1364,199.48,-0.854
26.4,1367,200.41,-0.855
26.45,1370,200.84,-0.852
26.5,1373,201.54,-0.845
26.55,1376,202.59,-0.835
26.6,1379,202.74,-0.822
26.65,1381,203.02,-0.808
26.7,1384,203.92,-0.795
26.75,1387,205,-0.785
26.8,1390,205.66,-0.78
26.85,1393,205.89,-0.781
26.9,1396,206.34,-0.787
26.95,1399,207.01,-0.8
27,1402,207.9,-0.818
27.05,1404,208.77,-0.841
27.1,1407,209.2,-0.866
27.15,1410,209.34,-0.894
27.2,1413,209.76,-0.921
27.25,1416,211.09,-0.949
27.3,1419,211.84,-0.975
27.35,1422,211.42,-1
27.4,1425,212.09,-1.022
27.45,1428,213.53,-1.042
27.5,1431,213.76,-1.059
27.55,1434,213.79,-1.073
27.6,1437,214.96,-1.085
27.65,1440,215.39,-1.094
27.7,1443,215.45,-1.102
27.75,1446,216.54,-1.109
27.8,1449,217.68,-1.116
27.85,1452,217.85,-1.121
27.9,1455,217.84,-1.125
27.95,1458,218.53,-1.127
28,1461,219.26,-1.128
28.05,1464,219.75,-1.126
28.1,1468,220.31,-1.122
28.15,1471,220.75,-1.114
28.2,1474,221.27,-1.102
28.25,1477,221.75,-1.088
28.3,1480,222.34,-1.071
28.35,1483,222.81,-1.055
28.4,1486,223.19,-1.039
28.45,1489,223.76,-1.025
28.5,1492,224.04,-1.013
28.55,1496,224.48,-1.003
28.6,1499,224.54,-0.994
28.65,1502,224.67,-0.988
28.7,1505,225.17,-0.982
28.75,1508,225.83,-0.978
28.8,1511,226.12,-0.975
28.85,1515,226.12,-0.975
28.9,1518,227.03,-0.978
28.95,1521,227.99,-0.983
29,1524,228.31,-0.992
29.05,1527,228.53,-1.004
29.1,1531,229.75,-1.017
29.15,1534,230.31,-1.029
29.2,1537,229.84,-1.038
29.25,1540,230.42,-1.044
29.3,1543,231.08,-1.045
29.35,1547,231.23,-1.042
29.4,1550,231.61,-1.035
29.45,1553,232.13,-1.026
29.5,1556,232.55,-1.016
29.55,1560,233.59,-1.005
29.6,1563,234.41,-0.992
29.65,1566,234.58,-0.976
29.7,1570,235,-0.956
29.75,1573,235.13,-0.93
29.8,1576,234.74,-0.9
29.85,1579,234.88,-0.867
29.9,1583,235.85,-0.833
29.95,1586,236.41,-0.8
30,1589,236.83,-0.767
30.05,1593,237.07,-0.736
30.1,1596,237.53,-0.705
30.15,1599,238.25,-0.674
30.2,1603,238.15,-0.643
30.25,1606,238.85,-0.612
30.3,1609,239.6,-0.581
30.35,1613,239.73,-0.551
30.4,1616,240.07,-0.523
30.45,1619,240.35,-0.496
30.5,1623,240.82,-0.471
30.55,1626,241.18,-0.448
30.6,1630,241.57,-0.429
30.65,1633,242,-0.412
30.7,1636,242.29,-0.399
30.75,1640,242.68,-0.388
30.8,1643,243.19,-0.38
30.85,1647,243.64,-0.373
30.9,1650,243.66,-0.368
30.95,1653,243.97,-0.363
31,1657,244.78,-0.36
31.05,1660,244.99,-0.357
31.1,1664,245.4,-0.356
31.15,1667,246.12,-0.356
31.2,1671,246.58,-0.357
31.25,1674,246.31,-0.358
31.3,1677,246.59,-0.359
31.35,1681,247.86,-0.358
31.4,1684,247.92,-0.355
31.45,1688,247.97,-0.35
31.5,1691,248.68,-0.344
31.55,1695,248.92,-0.337
31.6,1698,249.18,-0.332
31.65,1702,249.58,-0.327
31.7,1705,249.73,-0.323
31.75,1709,249.91,-0.319
31.8,1712,250.67,-0.314
31.85,1716,251.06,-0.308
31.9,1719,251.06,-0.299
31.95,1723,251.38,-0.288
32,1726,251.68,-0.272
32.05,1730,252.25,-0.253
32.1,1733,252.52,-0.229
32.15,1737,252.89,-0.202
32.2,1741,253.56,-0.173
32.25,1744,253.8,-0.141
32.3,1748,253.97,-0.108
32.35,1751,254.35,-0.076
32.4,1755,254.65,-0.045
32.45,1758,254.5,-0.016
32.5,1762,254.58,0.011
32.55,1765,254.76,0.037
32.6,1769,254.99,0.063
32.65,1773,255.22,0.091
32.7,1776,255.18,0.121
32.75,1780,255.65,0.154
32.8,1783,256.16,0.191
32.85,1787,256.22,0.233
32.9,1790,255.96,0.279
32.95,1794,256.24,0.329
33,1798,256.63,0.38
33.05,1801,256.37,0.431
33.1,1805,256.58,0.48
33.15,1808,256.84,0.524
33.2,1812,256.46,0.561
33.25,1816,256.82,0.589
33.3,1819,257.32,0.606
33.35,1823,257.31,0.61
33.4,1826,257,0.602
33.45,1830,256.56,0.582
33.5,1834,256.27,0.551
33.55,1837,253.81,0.51
33.6,1841,249.17,0.461
33.65,1844,245,0.403
33.7,1848,237.3,0.342
33.75,1851,230.02,0.278
33.8,1854,229.66,0.216
33.85,1857,225.92,0.158
33.9,1860,220.94,0.105
33.95,1863,219.53,0.058
34,1866,216.5,0.016
34.05,1869,211.33,-0.02
34.1,1872,206.71,-0.052
34.15,1875,204.66,-0.079
34.2,1878,201.34,-0.099
34.25,1881,195.59,-0.113
34.3,1883,192.76,-0.12
34.35,1886,190.87,-0.12
34.4,1889,185.81,-0.115
34.45,1891,182.43,-0.105
34.5,1894,180.3,-0.093
34.55,1896,175.83,-0.078
34.6,1899,172.6,-0.063
34.65,1901,170.42,-0.047
34.7,1904,166.73,-0.032
34.75,1906,163.49,-0.019
34.8,1908,158.45,-0.009
34.85,1910,153.33,-0.004
34.9,1912,151.8,-0.004
34.95,1914,149.47,-0.009
35,1917,145.36,-0.019
35.05,1919,142.82,-0.033
35.1,1921,140.6,-0.05
35.15,1922,136.97,-0.07
35.2,1924,133.54,-0.092
35.25,1926,131.46,-0.114
35.3,1928,129.6,-0.137
35.35,1930,126.37,-0.161
35.4,1932,123.96,-0.187
35.45,1933,122.29,-0.215
35.5,1935,117.24,-0.247
35.55,1936,103.72,-0.283
35.6,1938,100.4,-0.324
35.65,1939,109.61,-0.371
35.7,1941,111.36,-0.424
35.75,1942,108.53,-0.483
35.8,1944,105.92,-0.546
35.85,1945,105.17,-0.614
35.9,1947,104.26,-0.684
35.95,1948,102.66,-0.758
36,1950,101.41,-0.833
36.05,1951,100.25,-0.906
36.1,1953,98.84,-0.977
36.15,1954,97.79,-1.041
36.2,1955,96.71,-1.099
36.25,1957,95,-1.149
36.3,1958,93.85,-1.193
36.35,1959,93.14,-1.23
36.4,1961,92.1,-1.263
36.45,1962,91.2,-1.293
36.5,1963,90.49,-1.322
36.55,1964,89.86,-1.352
36.6,1966,89.08,-1.383
36.65,1967,88.18,-1.416
36.7,1968,87.52,-1.45
36.75,1969,86.83,-1.487
36.8,1970,86.08,-1.526
36.85,1972,85.34,-1.565
36.9,1973,84.91,-1.604
36.95,1974,84.37,-1.642
37,1975,83.6,-1.678
37.05,1976,83.12,-1.711
37.1,1978,82.84,-1.743
37.15,1979,82.55,-1.77
37.2,1980,82.38,-1.794
37.25,1981,81.94,-1.812
37.3,1982,81,-1.824
37.35,1983,80.06,-1.831
37.4,1984,79.8,-1.833
37.45,1986,79.89,-1.829
37.5,1987,79.46,-1.822
37.55,1988,78.56,-1.812
37.6,1989,77.82,-1.8
37.65,1990,78.07,-1.788
37.7,1991,78.68,-1.773
37.75,1992,78.63,-1.754
37.8,1993,78.23,-1.732
37.85,1994,78.76,-1.704
37.9,1995,79.46,-1.671
37.95,1997,79.63,-1.633
38,1998,79.78,-1.59
38.05,1999,80.3,-1.545
38.1,2000,81.4,-1.5
38.15,2001,82.43,-1.454
38.2,2002,83.3,-1.411
38.25,2003,84.13,-1.369
38.3,2005,84.59,-1.331
38.35,2006,85.03,-1.296
38.4,2007,86.62,-1.265
38.45,2008,88.3,-1.237
38.5,2009,88.72,-1.209
38.55,2011,89.1,-1.184
38.6,2012,90.53,-1.159
38.65,2013,92.27,-1.138
38.7,2015,93.72,-1.119
38.75,2016,94.93,-1.104
38.8,2017,96.02,-1.095
38.85,2019,97.61,-1.089
38.9,2020,99.47,-1.087
38.95,2021,100.72,-1.087
39,2023,101.82,-1.089
39.05,2024,103.63,-1.089
39.1,2026,105.62,-1.085
39.15,2027,106.94,-1.073
39.2,2029,107.84,-1.049
39.25,2030,109.39,-1.009
39.3,2032,111.43,-0.953
39.35,2033,113.1,-0.879
39.4,2035,114.17,-0.789
39.45,2037,115.33,-0.683
39.5,2038,117.37,-0.563
39.55,2040,119.68,-0.435
39.6,2042,119.71,-0.302
39.65,2043,118.8,-0.172
39.7,2045,120.18,-0.048
39.75,2047,121.89,0.063
39.8,2048,122.57,0.161
39.85,2050,122.4,0.243
39.9,2052,122.93,0.309
39.95,2053,124.88,0.357
40,2055,126.67,0.387
40.05,2057,127.54,0.4
40.1,2059,128.39,0.399
40.15,2061,129.88,0.386
40.2,2062,131.42,0.367
40.25,2064,132.61,0.342
40.3,2066,133.49,0.315
40.35,2068,134.48,0.286
40.4,2070,135.49,0.256
40.45,2072,136.49,0.224
40.5,2074,137.7,0.19
40.55,2076,139.07,0.152
40.6,2078,140.36,0.109
40.65,2080,141.56,0.061
40.7,2082,142.44,0.007
40.75,2084,143.7,-0.055
40.8,2086,144.85,-0.122
40.85,2088,145.46,-0.195
40.9,2090,146.62,-0.272
40.95,2092,148.22,-0.352
41,2094,149.38,-0.431
41.05,2096,149.99,-0.508
41.1,2098,151.12,-0.579
41.15,2100,152.8,-0.643
41.2,2102,153.55,-0.699
41.25,2105,153.71,-0.746
41.3,2107,154.93,-0.786
41.35,2109,156.69,-0.819
41.4,2111,157.94,-0.848
41.45,2113,158.27,-0.873
41.5,2116,158.82,-0.894
41.55,2118,160.19,-0.913
41.6,2120,161.42,-0.93
41.65,2122,162.32,-0.947
41.7,2125,162.92,-0.967
41.75,2127,163.92,-0.989
41.8,2129,164.76,-1.013
41.85,2132,164.9,-1.038
41.9,2134,165.7,-1.064
41.95,2136,167.08,-1.088
42,2138,167.8,-1.109
42.05,2141,168.28,-1.125
42.1,2143,169.19,-1.136
42.15,2146,169.92,-1.142
42.2,2148,170.48,-1.144
42.25,2150,171.43,-1.145
42.3,2153,172.56,-1.146
42.35,2155,173.45,-1.147
42.4,2158,174.12,-1.148
42.45,2160,174.96,-1.151
42.5,2163,175.74,-1.155
42.55,2165,176.51,-1.161
42.6,2168,177.46,-1.168
42.65,2170,178.35,-1.177
42.7,2173,178.99,-1.188
42.75,2175,179.37,-1.199
42.8,2178,180.2,-1.208
42.85,2180,181.49,-1.215
42.9,2183,182.44,-1.219
42.95,2185,182.72,-1.218
43,2188,183.35,-1.213
43.05,2190,184.37,-1.205
43.1,2193,185.06,-1.193
43.15,2196,185.64,-1.179
43.2,2198,186.49,-1.164
43.25,2201,187.13,-1.15
43.3,2203,187.64,-1.137
43.35,2206,188.5,-1.127
43.4,2209,189.29,-1.119
43.45,2211,190.21,-1.113
43.5,2214,190.79,-1.109
43.55,2217,191.34,-1.104
43.6,2219,192.25,-1.098
43.65,2222,193.97,-1.091
43.7,2225,194.39,-1.081
43.75,2227,192.77,-1.069
43.8,2230,193.19,-1.056
43.85,2233,195.22,-1.044
43.9,2236,196.3,-1.034
43.95,2238,196.6,-1.027
44,2241,197.21,-1.02
44.05,2244,197.64,-1.014
44.1,2247,197.76,-1.007
44.15,2249,198.79,-0.998
44.2,2252,200,-0.988
44.25,2255,200.17,-0.976
44.3,2258,200.69,-0.962
44.35,2261,201.9,-0.944
44.4,2264,202.27,-0.924
44.45,2266,202.45,-0.9
44.5,2269,203.18,-0.871
44.55,2272,203.95,-0.838
44.6,2275,204.59,-0.801
44.65,2278,205.23,-0.759
44.7,2281,205.68,-0.713
44.75,2284,206.17,-0.663
44.8,2286,206.89,-0.612
44.85,2289,207.54,-0.558
44.9,2292,208.06,-0.504
44.95,2295,208.59,-0.449
45,2298,209.24,-0.394
45.05,2301,210.13,-0.341
45.1,2304,210.82,-0.289
45.15,2307,211.24,-0.239
45.2,2310,211.94,-0.192
45.25,2313,212.53,-0.148
45.3,2316,212.84,-0.107
45.35,2319,213.4,-0.068
45.4,2322,213.94,-0.033
45.45,2325,214.47,0.001
45.5,2328,215.2,0.034
45.55,2331,215.8,0.065
45.6,2334,216.25,0.097
45.65,2337,216.7,0.128
45.7,2340,217.45,0.16
45.75,2343,218.08,0.192
45.8,2346,218.56,0.224
45.85,2349,219.53,0.255
45.9,2352,220.13,0.285
45.95,2355,220.21,0.313
46,2358,220.72,0.34
46.05,2362,221.06,0.366
46.1,2365,221.77,0.391
46.15,2368,222.64,0.417
46.2,2371,222.76,0.444
46.25,2374,223.24,0.474
46.3,2377,224.05,0.506
46.35,2380,224.11,0.541
46.4,2383,224.22,0.578
46.45,2387,224.83,0.617
46.5,2390,225.44,0.656
46.55,2393,225.94,0.697
46.6,2396,226.19,0.738
46.65,2399,226.87,0.78
46.7,2402,227.24,0.823
46.75,2406,227.66,0.865
46.8,2409,228.12,0.906
46.85,2412,228.59,0.946
46.9,2415,229.73,0.985
46.95,2418,230.18,1.023
47,2422,230.03,1.06
47.05,2425,230,1.095
47.1,2428,230.62,1.131
47.15,2431,231.34,1.165
47.2,2435,231.67,1.197
47.25,2438,232.4,1.226
47.3,2441,233.11,1.251
47.35,2444,233.29,1.269
47.4,2448,232.88,1.282
47.45,2451,232.79,1.289
47.5,2454,233.75,1.293
47.55,2457,234.65,1.296
47.6,2461,234.91,1.297
47.65,2464,235.22,1.296
47.7,2467,236.09,1.291
47.75,2471,236.54,1.283
47.8,2474,236.12,1.271
47.85,2477,236.58,1.255
47.9,2481,237.35,1.237
47.95,2484,236.89,1.218
48,2487,236.99,1.199
48.05,2490,238.45,1.18
48.1,2494,239.18,1.161
48.15,2497,238.49,1.141
48.2,2501,238.81,1.122
48.25,2504,239.65,1.105
48.3,2507,239.69,1.09
48.35,2511,240.18,1.079
48.4,2514,240.9,1.07
48.45,2517,240.89,1.063
48.5,2521,241.21,1.055
48.55,2524,242.35,1.043
48.6,2527,242.68,1.026
48.65,2531,242.57,1.001
48.7,2534,242.68,0.968
48.75,2538,243.04,0.927
48.8,2541,243.74,0.879
48.85,2545,244.01,0.823
48.9,2548,244.4,0.761
48.95,2551,245.02,0.693
49,2555,244.8,0.622
49.05,2558,245.21,0.549
49.1,2562,246.02,0.477
49.15,2565,245.95,0.407
49.2,2569,246.04,0.34
49.25,2572,246.74,0.277
49.3,2575,247.12,0.217
49.35,2579,247.68,0.16
49.4,2582,248.7,0.104
49.45,2586,248.68,0.05
49.5,2589,248.08,-0.003
49.55,2593,248.26,-0.055
49.6,2596,248.78,-0.104
49.65,2600,248.8,-0.15
49.7,2603,249,-0.192
49.75,2607,249.43,-0.229
49.8,2610,249.66,-0.264
49.85,2614,249.67,-0.295
49.9,2617,249.43,-0.323
49.95,2621,249.05,-0.346
50,2624,247.87,-0.363
50.05,2628,245.8,-0.372
50.1,2631,242.6,-0.372
50.15,2634,237.95,-0.362
50.2,2638,233.71,-0.342
50.25,2641,228.74,-0.313
50.3,2644,222.73,-0.276
50.35,2647,219.31,-0.234
50.4,2650,215.7,-0.191
50.45,2653,209.56,-0.148
50.5,2656,205.97,-0.108
50.55,2659,204.31,-0.073
50.6,2662,200.05,-0.041
50.65,2665,196.31,-0.015
50.7,2667,194.05,0.007
50.75,2670,191.18,0.025
50.8,2673,188.29,0.039
50.85,2675,185.69,0.05
50.9,2678,183.04,0.056
50.95,2680,179.96,0.057
51,2683,177.06,0.054
51.05,2685,174.65,0.045
51.1,2688,172.48,0.033
51.15,2690,169.59,0.016
51.2,2692,167.02,-0.004
51.25,2695,165.42,-0.029
51.3,2697,163.68,-0.057
51.35,2699,161.03,-0.091
51.4,2702,158.69,-0.13
51.45,2704,156.98,-0.175
51.5,2706,154.15,-0.225
51.55,2708,150.64,-0.28
51.6,2710,147.67,-0.34
51.65,2712,144.83,-0.404
51.7,2714,142.57,-0.472
51.75,2716,140.93,-0.543
51.8,2718,138.44,-0.617
51.85,2720,135.64,-0.692
51.9,2722,133.56,-0.768
51.95,2724,132.08,-0.843
52,2726,130.64,-0.917
52.05,2727,128.72,-0.987
52.1,2729,126.66,-1.054
52.15,2731,124.79,-1.116
52.2,2733,123.3,-1.173
52.25,2734,122.09,-1.225
52.3,2736,120.34,-1.272
52.35,2738,118.75,-1.314
52.4,2739,117.67,-1.354
52.45,2741,116.36,-1.39
52.5,2743,115.42,-1.425
52.55,2744,114.92,-1.459
52.6,2746,114.01,-1.492
52.65,2747,112.58,-1.526
52.7,2749,111.83,-1.56
52.75,2751,112.06,-1.595
52.8,2752,111.04,-1.631
52.85,2754,109.5,-1.666
52.9,2755,109.21,-1.699
52.95,2757,109.09,-1.727
53,2758,108.41,-1.752
53.05,2760,107.32,-1.772
53.1,2761,106.7,-1.792
53.15,2763,107,-1.812
53.2,2764,106.98,-1.833
53.25,2766,106.06,-1.853
53.3,2767,105.16,-1.871
53.35,2769,104.93,-1.885
53.4,2770,105.06,-1.894
53.45,2772,104.17,-1.893
53.5,2773,102.56,-1.885
53.55,2775,102.35,-1.87
53.6,2776,102.65,-1.851
53.65,2777,102.24,-1.829
53.7,2779,102.32,-1.809
53.75,2780,103.06,-1.792
53.8,2782,103.85,-1.778
53.85,2783,104.37,-1.767
53.9,2785,103.81,-1.757
53.95,2786,103.12,-1.75
54,2788,104.3,-1.743
54.05,2789,106.32,-1.736
54.1,2791,106.75,-1.727
54.15,2792,105.79,-1.715
54.2,2793,105.56,-1.701
54.25,2795,106.59,-1.685
54.3,2796,107.98,-1.669
54.35,2798,108.93,-1.653
54.4,2800,109.38,-1.637
54.45,2801,110.27,-1.619
54.5,2803,111.34,-1.598
54.55,2804,111.95,-1.57
54.6,2806,112.56,-1.538
54.65,2807,113.24,-1.504
54.7,2809,113.5,-1.469
54.75,2811,114.24,-1.44
54.8,2812,115.87,-1.418
54.85,2814,117.79,-1.404
54.9,2815,119.34,-1.395
54.95,2817,120.33,-1.386
55,2819,120.96,-1.373
55.05,2821,121.54,-1.349
55.1,2822,122.04,-1.311
55.15,2824,122.66,-1.257
55.2,2826,123.95,-1.187
55.25,2827,125.53,-1.099
55.3,2829,126.7,-0.991
55.35,2831,127.27,-0.862
55.4,2833,127.97,-0.711
55.45,2835,129.05,-0.54
55.5,2836,130.1,-0.353
55.55,2838,131.41,-0.155
55.6,2840,132.97,0.047
55.65,2842,133.88,0.246
55.7,2844,134.51,0.437
55.75,2846,135.7,0.616
55.8,2848,136.9,0.782
55.85,2850,137.79,0.933
55.9,2851,138.85,1.07
55.95,2853,140.04,1.192
56,2855,141.13,1.299
56.05,2857,142.15,1.393
56.1,2859,143.18,1.475
56.15,2861,144,1.544
56.2,2863,144.79,1.603
56.25,2865,145.72,1.651
56.3,2868,146.53,1.69
56.35,2870,147.44,1.719
56.4,2872,148.36,1.74
56.45,2874,149.17,1.751
56.5,2876,149.96,1.756
56.55,2878,151.22,1.756
56.6,2880,152.29,1.752
56.65,2882,152.83,1.744
56.7,2884,153.47,1.735
56.75,2887,154.18,1.726
56.8,2889,155.11,1.717
56.85,2891,156.25,1.709
56.9,2893,157.13,1.703
56.95,2895,157.64,1.7
57,2897,158.36,1.698
57.05,2900,159.2,1.699
57.1,2902,160.2,1.702
57.15,2904,161.47,1.707
57.2,2906,162.35,1.712
57.25,2909,162.67,1.715
57.3,2911,163.19,1.716
57.35,2913,164.33,1.713
57.4,2916,165.28,1.708
57.45,2918,165.88,1.701
57.5,2920,166.85,1.694
57.55,2923,167.75,1.69
57.6,2925,168.38,1.687
57.65,2927,169.36,1.687
57.7,2930,170.35,1.689
57.75,2932,170.6,1.692
57.8,2935,170.54,1.693
57.85,2937,171.1,1.693
57.9,2939,172.37,1.691
57.95,2942,173.15,1.687
58,2944,173.77,1.681
58.05,2947,174.67,1.675
58.1,2949,175.24,1.668
58.15,2952,175.61,1.661
58.2,2954,176.28,1.654
58.25,2956,177.53,1.647
58.3,2959,178.32,1.641
58.35,2961,178.88,1.634
58.4,2964,179.8,1.625
58.45,2967,180.45,1.613
58.5,2969,180.73,1.599
58.55,2972,181.21,1.581
58.6,2974,182.09,1.562
58.65,2977,182.77,1.543
58.7,2979,183.66,1.524
58.75,2982,184.73,1.506
58.8,2984,185.36,1.488
58.85,2987,185.79,1.47
58.9,2990,186.31,1.452
58.95,2992,186.98,1.433
59,2995,187.92,1.412
59.05,2998,188.73,1.389
59.1,3000,189.37,1.363
59.15,3003,190.03,1.335
59.2,3005,190.56,1.306
59.25,3008,191.29,1.276
59.3,3011,192.2,1.246
59.35,3014,193,1.218
59.4,3016,193.52,1.19
59.45,3019,193.96,1.162
59.5,3022,194.47,1.133
59.55,3024,195.1,1.103
59.6,3027,195.55,1.068
59.65,3030,195.92,1.026
59.7,3033,196.43,0.977
59.75,3035,196.94,0.917
59.8,3038,197.51,0.849
59.85,3041,198.16,0.768
59.9,3044,198.84,0.678
59.95,3047,199.59,0.576
60,3049,200.46,0.466
60.05,3052,201.2,0.347
60.1,3055,202.02,0.224
60.15,3058,202.58,0.098
60.2,3061,202.69,-0.028
60.25,3063,203.34,-0.151
60.3,3066,204.3,-0.269
60.35,3069,204.57,-0.381
60.4,3072,205.07,-0.485
60.45,3075,205.8,-0.58
60.5,3078,206,-0.668
60.55,3081,206.5,-0.749
60.6,3084,207.43,-0.824
60.65,3087,207.85,-0.896
60.7,3089,207.91,-0.967
60.75,3092,208.97,-1.038
60.8,3095,209.94,-1.11
60.85,3098,209.79,-1.183
60.9,3101,210.74,-1.256
60.95,3104,211.78,-1.325
61,3107,210.68,-1.388
61.05,3110,209.81,-1.443
61.1,3113,210.66,-1.489
61.15,3116,211.57,-1.526
61.2,3119,211.73,-1.555
61.25,3122,211.84,-1.574
61.3,3125,212.3,-1.583
61.35,3128,212.2,-1.58
61.4,3131,211.66,-1.568
61.45,3134,211.89,-1.546
61.5,3137,211.97,-1.517
61.55,3140,211.43,-1.482
61.6,3143,210.8,-1.443
61.65,3146,209.09,-1.398
61.7,3148,206.62,-1.349
61.75,3151,204.79,-1.297
61.8,3154,203.16,-1.241
61.85,3157,200.6,-1.183
61.9,3160,196.07,-1.124
61.95,3163,192.74,-1.065
62,3165,191.09,-1.007
62.05,3168,186.93,-0.952
62.1,3170,183.24,-0.899
62.15,3173,181.88,-0.85
62.2,3175,179.94,-0.803
62.25,3178,177.59,-0.759
62.3,3180,174.65,-0.718
62.35,3183,170.12,-0.678
62.4,3185,166.38,-0.643
62.45,3188,164.57,-0.615
62.5,3190,162.17,-0.597
62.55,3192,159.17,-0.594
62.6,3194,157.34,-0.609
62.65,3196,155.44,-0.641
62.7,3199,152.14,-0.69
62.75,3201,149.35,-0.754
62.8,3203,148.2,-0.828
62.85,3205,147.23,-0.91
62.9,3207,145.6,-0.996
62.95,3209,143.92,-1.082
63,3211,142.42,-1.165
63.05,3213,140.89,-1.242
63.1,3215,139.69,-1.313
63.15,3217,138.95,-1.377
63.2,3219,138.14,-1.435
63.25,3221,136.48,-1.487
63.3,3223,134.84,-1.535
63.35,3224,134.14,-1.579
63.4,3226,134.15,-1.622
63.45,3228,134.27,-1.663
63.5,3230,133.33,-1.701
63.55,3232,132.25,-1.733
63.6,3234,131.4,-1.758
63.65,3236,130.48,-1.775
63.7,3237,129.92,-1.784
63.75,3239,129.61,-1.788
63.8,3241,129.37,-1.786
63.85,3243,128.68,-1.78
63.9,3245,127.81,-1.77
63.95,3246,127.27,-1.758
64,3248,126.97,-1.748
64.05,3250,126.23,-1.744
64.1,3252,125.48,-1.747
64.15,3253,125.77,-1.761
64.2,3255,125.81,-1.785
64.25,3257,124.96,-1.82
64.3,3259,124.73,-1.862
64.35,3260,125.18,-1.906
64.4,3262,124.63,-1.948
64.45,3264,123.19,-1.981
64.5,3266,122.66,-2.005
64.55,3267,123.43,-2.018
64.6,3269,123.96,-2.021
64.65,3271,124.09,-2.012
64.7,3273,124.01,-1.994
64.75,3274,123.44,-1.97
64.8,3276,123.68,-1.941
64.85,3278,124.89,-1.911
64.9,3280,125.59,-1.881
64.95,3281,124.76,-1.853
65,3283,124.09,-1.829
65.05,3285,125.18,-1.81
65.1,3287,127,-1.798
65.15,3288,127.99,-1.791
65.2,3290,127.72,-1.787
65.25,3292,127.44,-1.783
65.3,3294,128.29,-1.777
65.35,3296,129.97,-1.768
65.4,3297,131.02,-1.754
65.45,3299,131.15,-1.729
65.5,3301,131.29,-1.694
65.55,3303,131.04,-1.646
65.6,3305,131.32,-1.59
65.65,3307,133.17,-1.529
65.7,3308,135.34,-1.47
65.75,3310,136.27,-1.414
65.8,3312,136.64,-1.362
65.85,3314,137.62,-1.315
65.9,3316,138.85,-1.272
65.95,3318,139.96,-1.233
66,3320,140.51,-1.195
66.05,3322,141.38,-1.156
66.1,3324,142.56,-1.113
66.15,3326,143.58,-1.063
66.2,3328,144.41,-1.006
66.25,3330,145.63,-0.94
66.3,3332,147.08,-0.869
66.35,3334,147.92,-0.794
66.4,3336,148.75,-0.72
66.45,3338,149.83,-0.649
66.5,3341,151.12,-0.583
66.55,3343,152.05,-0.523
66.6,3345,153.16,-0.468
66.65,3347,154.54,-0.42
66.7,3349,155.66,-0.375
66.75,3351,156.27,-0.335
66.8,3353,156.96,-0.297
66.85,3356,157.82,-0.261
66.9,3358,158.41,-0.226
66.95,3360,159.41,-0.192
67,3362,160.42,-0.159
67.05,3365,161.35,-0.127
67.1,3367,162.43,-0.096
67.15,3369,163.63,-0.067
67.2,3372,164.63,-0.039
67.25,3374,165.28,-0.012
67.3,3376,165.96,0.013
67.35,3378,166.9,0.038
67.4,3381,167.93,0.062
67.45,3383,168.85,0.084
67.5,3386,169.86,0.105
67.55,3388,170.84,0.122
67.6,3390,171.42,0.136
67.65,3393,172.23,0.145
67.7,3395,173.11,0.15
67.75,3398,173.95,0.151
67.8,3400,174.68,0.15
67.85,3402,175.33,0.146
67.9,3405,176.11,0.143
67.95,3407,177.13,0.139
68,3410,178.13,0.135
68.05,3412,178.89,0.131
68.1,3415,179.77,0.125
68.15,3417,180.41,0.118
68.2,3420,181.03,0.109
68.25,3423,181.9,0.096
68.3,3425,182.54,0.081
68.35,3428,183.27,0.064
68.4,3430,184.25,0.044
68.45,3433,185.13,0.024
68.5,3435,185.93,0.003
68.55,3438,186.96,-0.017
68.6,3441,187.76,-0.036
68.65,3443,188.06,-0.053
68.7,3446,188.65,-0.069
68.75,3449,189.56,-0.082
68.8,3451,190.38,-0.093
68.85,3454,191.09,-0.103
68.9,3457,192.2,-0.11
68.95,3459,193.13,-0.114
69,3462,193.63,-0.116
69.05,3465,194.33,-0.115
69.1,3467,195.11,-0.112
69.15,3470,195.96,-0.107
69.2,3473,196.21,-0.102
69.25,3476,196.42,-0.096
69.3,3478,197,-0.093
69.35,3481,197.52,-0.091
69.4,3484,198.29,-0.092
69.45,3487,199.07,-0.093
69.5,3490,199.56,-0.094
69.55,3492,200.12,-0.093
69.6,3495,200.95,-0.089
69.65,3498,201.81,-0.081
69.7,3501,202.55,-0.07
69.75,3504,203.19,-0.055
69.8,3507,203.82,-0.04
69.85,3509,204.15,-0.025
69.9,3512,204.41,-0.014
69.95,3515,205.24,-0.008
70,3518,206.26,-0.009
70.05,3521,207.19,-0.019
70.1,3524,207.91,-0.035
70.15,3527,208.22,-0.059
70.2,3530,208.94,-0.086
70.25,3533,209.8,-0.113
70.3,3536,210.16,-0.139
70.35,3538,210.44,-0.158
70.4,3541,211.12,-0.17
70.45,3544,212.08,-0.174
70.5,3547,212.62,-0.169
70.55,3550,212.89,-0.156
70.6,3553,213.62,-0.138
70.65,3556,214.22,-0.114
70.7,3559,214.61,-0.088
70.75,3562,215.43,-0.061
70.8,3565,216.07,-0.034
70.85,3568,216.35,-0.009
70.9,3571,216.85,0.015
70.95,3574,217.65,0.038
71,3578,218.15,0.06
71.05,3581,218.52,0.081
71.1,3584,219.24,0.102
71.15,3587,219.94,0.124
71.2,3590,220.55,0.145
71.25,3593,220.88,0.166
71.3,3596,221.39,0.185
71.35,3599,222.56,0.202
71.4,3602,222.08,0.217
71.45,3605,221.54,0.229
71.5,3608,223.07,0.242
71.55,3612,224.24,0.259
71.6,3615,224.03,0.284
71.65,3618,224.17,0.32
71.7,3621,225.41,0.369
71.75,3624,225.56,0.43
71.8,3627,225.14,0.504
71.85,3630,225.75,0.587
71.9,3634,226.57,0.678
71.95,3637,226.82,0.772
72,3640,227.29,0.866
72.05,3643,228.25,0.955
72.1,3646,228.92,1.038
72.15,3650,228.62,1.109
72.2,3653,228.37,1.167
72.25,3656,229.07,1.212
72.3,3659,229.78,1.246
72.35,3662,229.9,1.269
72.4,3666,230.56,1.283
72.45,3669,231.38,1.289
72.5,3672,231.44,1.287
72.55,3675,231.85,1.28
72.6,3679,232.39,1.268
72.65,3682,232.94,1.254
72.7,3685,233.52,1.238
72.75,3688,233.67,1.223
72.8,3692,233.89,1.21
72.85,3695,234.72,1.201
72.9,3698,234.92,1.197
72.95,3702,235.03,1.201
73,3705,235.69,1.212
73.05,3708,236,1.232
73.1,3711,236.28,1.26
73.15,3715,236.63,1.297
73.2,3718,236.71,1.339
73.25,3721,237.04,1.386
73.3,3725,237.47,1.435
73.35,3728,237.73,1.484
73.4,3731,238.25,1.533
73.45,3735,239.02,1.579
73.5,3738,239.47,1.622
73.55,3741,239.41,1.658
73.6,3745,239.84,1.687
73.65,3748,239.98,1.707
73.7,3752,240,1.718
73.75,3755,240.62,1.72
73.8,3758,240.9,1.713
73.85,3762,241.27,1.699
73.9,3765,242.02,1.677
73.95,3768,241.77,1.65
74,3772,241.2,1.62
74.05,3775,242.06,1.59
74.1,3779,242.92,1.562
74.15,3782,243.13,1.54
74.2,3785,243.48,1.525
74.25,3789,243.77,1.518
74.3,3792,244.28,1.519
74.35,3796,244.69,1.529
74.4,3799,244.7,1.545
74.45,3803,245.46,1.569
74.5,3806,245.98,1.599
74.55,3809,245.46,1.633
74.6,3813,245.57,1.67
74.65,3816,246.23,1.707
74.7,3820,246.95,1.743
74.75,3823,247.02,1.774
74.8,3827,246.84,1.799
74.85,3830,246.88,1.813
74.9,3834,247.24,1.817
74.95,3837,248.27,1.812
75,3841,248.65,1.797
75.05,3844,248.38,1.772
75.1,3848,248.52,1.737
75.15,3851,249.1,1.692
75.2,3854,249.43,1.637
75.25,3858,249.92,1.574
75.3,3861,250.28,1.502
75.35,3865,250.1,1.422
75.4,3868,250.36,1.336
75.45,3872,250.56,1.244
75.5,3876,250.31,1.148
75.55,3879,250.77,1.051
75.6,3883,251.36,0.952
75.65,3886,251.41,0.852
75.7,3890,251.59,0.753
75.75,3893,250.93,0.654
75.8,3897,249.12,0.556
75.85,3900,245.29,0.461
75.9,3903,240.78,0.37
75.95,3907,238.06,0.284
76,3910,233.98,0.202
76.05,3913,228.08,0.124
76.1,3916,224.26,0.049
76.15,3920,220.41,-0.023
76.2,3923,214.4,-0.093
76.25,3926,210.67,-0.162
76.3,3928,208.32,-0.229
76.35,3931,204.95,-0.294
76.4,3934,201.62,-0.355
76.45,3937,197.51,-0.414
76.5,3940,194.24,-0.468
76.55,3942,191.92,-0.519
76.6,3945,188.9,-0.566
76.65,3948,186.25,-0.61
76.7,3950,184.57,-0.652
76.75,3953,182.19,-0.695
76.8,3955,177.07,-0.74
76.85,3958,173.51,-0.79
76.9,3960,173.7,-0.845
76.95,3963,172.06,-0.909
77,3965,168.52,-0.981
77.05,3967,166.74,-1.061
77.1,3970,165.8,-1.148
77.15,3972,163.97,-1.241
77.2,3974,162.16,-1.336
77.25,3977,161,-1.43
77.3,3979,159.42,-1.521
77.35,3981,157.7,-1.606
77.4,3983,157.13,-1.684
77.45,3985,156.57,-1.753
77.5,3988,155.56,-1.812
77.55,3990,154.86,-1.861
77.6,3992,154.1,-1.901
77.65,3994,153.37,-1.931
77.7,3996,153.49,-1.955
77.75,3998,152.91,-1.972
77.8,4000,151.19,-1.984
77.85,4003,151.09,-1.993
77.9,4005,151.49,-1.998
77.95,4007,149.88,-1.999
78,4009,147.53,-1.997
78.05,4011,146.77,-1.994
78.1,4013,147.23,-1.992
78.15,4015,147.45,-1.988
78.2,4017,146.68,-1.983
78.25,4019,145.15,-1.973
78.3,4021,143.89,-1.957
78.35,4023,143.47,-1.936
78.4,4025,143.33,-1.912
78.45,4027,143.06,-1.887
78.5,4029,143.32,-1.863
78.55,4031,143.18,-1.84
78.6,4033,142.81,-1.82
78.65,4035,143.14,-1.804
78.7,4037,143.75,-1.793
78.75,4039,144.1,-1.786
78.8,4041,143.9,-1.781
78.85,4043,144.01,-1.779
78.9,4045,144.76,-1.778
78.95,4047,145.31,-1.78
79,4049,145.28,-1.784
79.05,4051,145.6,-1.79
79.1,4053,146.04,-1.796
79.15,4055,146.37,-1.803
79.2,4058,147,-1.808
79.25,4060,147.35,-1.812
79.3,4062,147.86,-1.814
79.35,4064,148.53,-1.814
79.4,4066,148.98,-1.813
79.45,4068,149.81,-1.81
79.5,4070,150.84,-1.804
79.55,4072,151.6,-1.796
79.6,4074,152.41,-1.784
79.65,4076,153.07,-1.765
79.7,4079,153.7,-1.739
79.75,4081,154.79,-1.701
79.8,4083,155.52,-1.649
79.85,4085,156.29,-1.577
79.9,4087,157.27,-1.482
79.95,4090,157.9,-1.357
80,4092,158.39,-1.203
80.05,4094,159.14,-1.014
80.1,4096,160.09,-0.795
80.15,4098,160.73,-0.546
80.2,4101,161.69,-0.277
80.25,4103,162.68,0.005
80.3,4105,163.57,0.287
80.35,4108,164.5,0.558
80.4,4110,165.31,0.81
80.45,4112,166.15,1.032
80.5,4115,166.27,1.223
80.55,4117,166.66,1.38
80.6,4119,167.6,1.506
80.65,4122,167.92,1.603
80.7,4124,168.59,1.678
80.75,4126,169.67,1.732
80.8,4129,170.46,1.774
80.85,4131,171.06,1.805
80.9,4133,171.52,1.829
80.95,4136,172.12,1.848
81,4138,172.84,1.862
81.05,4141,173.47,1.87
81.1,4143,173.95,1.871
81.15,4146,174.31,1.865
81.2,4148,175.28,1.851
81.25,4150,176.16,1.829
81.3,4153,176.33,1.798
81.35,4155,176.69,1.758
81.4,4158,177.31,1.709
81.45,4160,178,1.648
81.5,4163,178.49,1.574
81.55,4165,178.91,1.484
81.6,4168,179.38,1.378
81.65,4170,179.53,1.251
81.7,4173,178.49,1.104
81.75,4175,176.15,0.939
81.8,4178,174.2,0.757
81.85,4180,173.39,0.565
81.9,4183,171.64,0.367
81.95,4185,166.57,0.169
82,4187,163.97,-0.027
82.05,4190,163.92,-0.217
82.1,4192,159.82,-0.4
82.15,4194,154.08,-0.573
82.2,4196,154.15,-0.737
82.25,4198,155.38,-0.889
82.3,4201,151.88,-1.03
82.35,4203,149.89,-1.157
82.4,4205,149.93,-1.271
82.45,4207,148.96,-1.371
82.5,4209,147.08,-1.457
82.55,4211,146.11,-1.529
82.6,4213,145.26,-1.588
82.65,4215,143.79,-1.633
82.7,4217,143.09,-1.665
82.75,4219,142.42,-1.686
82.8,4221,141.48,-1.698
82.85,4223,141.02,-1.702
82.9,4225,140.36,-1.699
82.95,4227,139.49,-1.691
83,4229,138.55,-1.681
83.05,4231,137.66,-1.671
83.1,4233,137.48,-1.663
83.15,4235,137.3,-1.659
83.2,4237,136.57,-1.662
83.25,4238,136.15,-1.67
83.3,4240,136.07,-1.683
83.35,4242,135.46,-1.7
83.4,4244,134.53,-1.721
83.45,4246,134.29,-1.746
83.5,4248,133.98,-1.772
83.55,4250,132.56,-1.798
83.6,4252,131.59,-1.825
83.65,4253,131.54,-1.848
83.7,4255,131,-1.869
83.75,4257,130.03,-1.883
83.8,4259,129.26,-1.893
83.85,4261,128.93,-1.897
83.9,4263,128.71,-1.895
83.95,4264,128.4,-1.889
84,4266,128.33,-1.879
84.05,4268,128.08,-1.865
84.1,4270,127.72,-1.848
84.15,4272,127.87,-1.829
84.2,4273,128.88,-1.811
84.25,4275,129.43,-1.791
84.3,4277,129.08,-1.772
84.35,4279,130,-1.752
84.4,4281,131,-1.731
84.45,4282,131.16,-1.707
84.5,4284,131.56,-1.681
84.55,4286,132.44,-1.652
84.6,4288,133.37,-1.621
84.65,4290,133.87,-1.587
84.7,4292,134.69,-1.553
84.75,4294,135.88,-1.518
84.8,4296,136.58,-1.483
84.85,4297,137.33,-1.451
84.9,4299,138.32,-1.421
84.95,4301,139.55,-1.394
85,4303,140.86,-1.371
85.05,4305,141.7,-1.35
85.1,4307,142.7,-1.332
85.15,4309,143.89,-1.317
85.2,4311,144.62,-1.304
85.25,4313,145.25,-1.293
85.3,4315,146.53,-1.284
85.35,4317,147.94,-1.274
85.4,4320,148.81,-1.264
85.45,4322,149.68,-1.25
85.5,4324,151.03,-1.232
85.55,4326,152.21,-1.207
85.6,4328,153,-1.177
85.65,4330,153.82,-1.142
85.7,4332,154.46,-1.105
85.75,4335,155.16,-1.068
85.8,4337,156.2,-1.033
85.85,4339,157.21,-1.002
85.9,4341,158.1,-0.973
85.95,4343,159.14,-0.948
86,4346,160.15,-0.926
86.05,4348,161.17,-0.907
86.1,4350,162.1,-0.89
86.15,4352,162.64,-0.874
86.2,4355,163.49,-0.857
86.25,4357,164.99,-0.837
86.3,4359,166.26,-0.813
86.35,4362,166.73,-0.78
86.4,4364,167.35,-0.739
86.45,4366,168.37,-0.685
86.5,4369,169.4,-0.62
86.55,4371,169.9,-0.544
86.6,4373,169.79,-0.457
86.65,4376,170.45,-0.361
86.7,4378,171.44,-0.258
86.75,4381,172.38,-0.151
86.8,4383,173.53,-0.044
86.85,4385,174.32,0.058
86.9,4388,175.2,0.152
86.95,4390,175.95,0.234
87,4393,176.48,0.301
87.05,4395,177.21,0.353
87.1,4398,178,0.389
87.15,4400,178.97,0.411
87.2,4403,179.99,0.42
87.25,4405,180.84,0.42
87.3,4408,181.48,0.411
87.35,4410,182.23,0.396
87.4,4413,182.95,0.376
87.45,4416,183.73,0.353
87.5,4418,184.79,0.328
87.55,4421,185.65,0.302
87.6,4423,186.1,0.276
87.65,4426,187.06,0.251
87.7,4429,188.2,0.227
87.75,4431,188.75,0.205
87.8,4434,189.42,0.184
87.85,4437,190.27,0.164
87.9,4439,191,0.143
87.95,4442,191.6,0.123
88,4445,192.35,0.103
88.05,4447,193.22,0.083
88.1,4450,193.72,0.063
88.15,4453,194.51,0.043
88.2,4455,195.5,0.025
88.25,4458,196.04,0.007
88.3,4461,196.26,-0.009
88.35,4464,196.44,-0.023
88.4,4466,196.76,-0.036
88.45,4469,197.5,-0.046
88.5,4472,198.16,-0.054
88.55,4475,198.66,-0.061
88.6,4478,199.78,-0.066
88.65,4480,200.44,-0.072
88.7,4483,200.86,-0.079
88.75,4486,201.79,-0.088
88.8,4489,202.28,-0.099
88.85,4492,202.69,-0.111
88.9,4495,203.46,-0.123
88.95,4497,204.07,-0.136
89,4500,204.71,-0.147
89.05,4503,205.38,-0.155
89.1,4506,205.87,-0.159
89.15,4509,206.16,-0.159
89.2,4512,206.72,-0.154
89.25,4515,207.93,-0.143
89.3,4518,208.72,-0.129
89.35,4521,209.08,-0.112
89.4,4523,209.83,-0.093
89.45,4526,210.22,-0.073
89.5,4529,210.71,-0.053
89.55,4532,211.46,-0.036
89.6,4535,211.79,-0.022
89.65,4538,212.48,-0.011
89.7,4541,213.44,-0.004
89.75,4544,213.7,0
89.8,4547,214.09,0.002
89.85,4550,215.09,0.001
89.9,4553,215.53,-0.002
89.95,4556,215.68,-0.006
90,4559,216.22,-0.01
90.05,4562,216.82,-0.016
90.1,4565,217.52,-0.023
90.15,4568,218.29,-0.03
90.2,4571,218.81,-0.038
90.25,4575,219.23,-0.045
90.3,4578,219.73,-0.051
90.35,4581,220.37,-0.057
90.4,4584,221.1,-0.06
90.45,4587,221.53,-0.062
90.5,4590,221.8,-0.062
90.55,4593,222.31,-0.06
90.6,4596,222.89,-0.056
90.65,4599,223.34,-0.051
90.7,4602,223.87,-0.045
90.75,4606,224.39,-0.037
90.8,4609,224.83,-0.03
90.85,4612,225.16,-0.022
90.9,4615,225.42,-0.015
90.95,4618,225.76,-0.009
91,4621,226.3,-0.004
91.05,4625,227.06,0.001
91.1,4628,227.58,0.007
91.15,4631,227.94,0.012
91.2,4634,228.46,0.017
91.25,4637,228.83,0.022
91.3,4641,229.1,0.027
91.35,4644,229.78,0.032
91.4,4647,229.97,0.036
91.45,4650,230.08,0.04
91.5,4653,230.89,0.042
91.55,4657,231.53,0.044
91.6,4660,232.14,0.044
91.65,4663,232.58,0.043
91.7,4666,232.63,0.041
91.75,4670,232.96,0.038
91.8,4673,233.81,0.034
91.85,4676,234.13,0.031
91.9,4680,234.41,0.028
91.95,4683,235,0.026
92,4686,235.44,0.024
92.05,4689,235.82,0.025
92.1,4693,236.29,0.026
92.15,4696,236.87,0.029
92.2,4699,237.11,0.033
92.25,4703,237.56,0.038
92.3,4706,237.83,0.043
92.35,4709,238.09,0.049
92.4,4713,238.36,0.054
92.45,4716,238.75,0.058
92.5,4719,239.48,0.06
92.55,4723,239.84,0.06
92.6,4726,240.16,0.058
92.65,4729,240.66,0.054
92.7,4733,240.94,0.05
92.75,4736,241.12,0.045
92.8,4740,241.81,0.04
92.85,4743,242.34,0.037
92.9,4746,242.59,0.034
92.95,4750,242.98,0.032
93,4753,243.41,0.031
93.05,4757,243.74,0.029
93.1,4760,244.25,0.026
93.15,4763,244.54,0.022
93.2,4767,244.7,0.016
93.25,4770,245.08,0.008
93.3,4774,245.44,-0.001
93.35,4777,245.94,-0.012
93.4,4781,246.34,-0.022
93.45,4784,246.67,-0.032
93.5,4788,247.16,-0.041
93.55,4791,247.57,-0.05
93.6,4794,247.85,-0.058
93.65,4798,248.18,-0.065
93.7,4801,248.27,-0.071
93.75,4805,248.63,-0.075
93.8,4808,249.17,-0.078
93.85,4812,249.4,-0.079
93.9,4815,249.66,-0.077
93.95,4819,250.18,-0.074
94,4822,250.57,-0.067
94.05,4826,250.75,-0.059
94.1,4829,251.41,-0.05
94.15,4833,251.68,-0.039
94.2,4836,251.82,-0.029
94.25,4840,252.34,-0.019
94.3,4844,252.58,-0.011
94.35,4847,252.94,-0.004
94.4,4851,253.34,0.002
94.45,4854,253.46,0.006
94.5,4858,253.5,0.009
94.55,4861,253.56,0.011
94.6,4865,253.57,0.012
94.65,4868,254.15,0.012
94.7,4872,254.65,0.011
94.75,4876,254.81,0.01
94.8,4879,254.89,0.007
94.85,4883,255.31,0.004
94.9,4886,255.62,0.001
94.95,4890,255.77,-0.004
95,4893,256.16,-0.008
95.05,4897,256.47,-0.012
95.1,4901,256.62,-0.015
95.15,4904,256.65,-0.018
95.2,4908,257.34,-0.021
95.25,4911,257.9,-0.023
95.3,4915,258.1,-0.025
95.35,4919,258.31,-0.027
95.4,4922,258.54,-0.029
95.45,4926,258.67,-0.031
95.5,4929,258.8,-0.033
95.55,4933,259.4,-0.035
95.6,4937,259.97,-0.036
95.65,4940,260.12,-0.035
95.7,4944,260.16,-0.033
95.75,4948,260.52,-0.03
95.8,4951,261.16,-0.025
95.85,4955,261.09,-0.021
95.9,4959,260.89,-0.016
95.95,4962,261.14,-0.011
96,4966,261.76,-0.008
96.05,4970,262.09,-0.005
96.1,4973,262.21,-0.003
96.15,4977,262.43,-0.002
96.2,4981,262.39,-0.001
96.25,4984,262.76,-0.002
96.3,4988,263.18,-0.005
96.35,4992,263.81,-0.009
96.4,4995,264.19,-0.014
96.45,4999,264.35,-0.02
96.5,5003,264.55,-0.026
96.55,5007,264.46,-0.032
96.6,5010,264.76,-0.035
96.65,5014,265.15,-0.035
96.7,5018,265.33,-0.032
96.75,5021,265.41,-0.026
96.8,5025,265.8,-0.018
96.85,5029,266.24,-0.008
96.9,5033,266.48,0.003
96.95,5036,266.57,0.014
97,5040,266.51,0.024
97.05,5044,266.74,0.032
97.1,5047,266.95,0.038
97.15,5051,267.02,0.04
97.2,5055,267.22,0.039
97.25,5059,267.38,0.034
97.3,5062,267.83,0.027
97.35,5066,268.46,0.018
97.4,5070,268.44,0.006
97.45,5074,268.23,-0.006
97.5,5077,268.69,-0.017
97.55,5081,269.03,-0.027
97.6,5085,268.91,-0.035
97.65,5089,269.36,-0.04
97.7,5093,269.74,-0.042
97.75,5096,269.86,-0.041
97.8,5100,270.12,-0.041
97.85,5104,270.14,-0.04
97.9,5108,269.92,-0.043
97.95,5111,270.07,-0.05
98,5115,270.58,-0.064
98.05,5119,270.97,-0.087
98.1,5123,270.89,-0.121
98.15,5127,270.64,-0.168
98.2,5130,270.98,-0.228
98.25,5134,271.01,-0.302
98.3,5138,270.22,-0.389
98.35,5142,270.1,-0.487
98.4,5146,270.28,-0.592
98.45,5149,269.96,-0.7
98.5,5153,269.6,-0.808
98.55,5157,269.21,-0.909
98.6,5161,268.69,-1.002
98.65,5164,267.91,-1.083
98.7,5168,267.35,-1.153
98.75,5172,267.1,-1.213
98.8,5176,265.42,-1.263
98.85,5179,262.36,-1.304
98.9,5183,259.21,-1.341
98.95,5187,256.56,-1.373
99,5190,253.84,-1.405
99.05,5194,252.05,-1.437
99.1,5197,250.87,-1.47
99.15,5201,247.64,-1.505
99.2,5204,245.04,-1.541
99.25,5208,244.04,-1.58
99.3,5211,241.69,-1.622
99.35,5214,237.77,-1.664
99.4,5218,235.43,-1.706
99.45,5221,233.75,-1.747
99.5,5224,230.66,-1.787
99.55,5227,227.9,-1.823
99.6,5230,225.71,-1.856
99.65,5234,222.28,-1.883
99.7,5237,218.47,-1.904
99.75,5240,216.56,-1.92
99.8,5243,215.04,-1.931
99.85,5246,212.84,-1.936
99.9,5249,209.41,-1.935
99.95,5252,205.55,-1.924
100,5254,203.9,-1.905
100.05,5257,202.54,-1.878
100.1,5260,200.53,-1.845
100.15,5263,198.74,-1.808
100.2,5266,196.06,-1.768
100.25,5268,193.9,-1.726
100.3,5271,194.1,-1.684
100.35,5274,193.36,-1.644
100.4,5276,190.85,-1.607
100.45,5279,189.16,-1.572
100.5,5282,186.79,-1.538
100.55,5284,183.94,-1.507
100.6,5287,182.88,-1.478
100.65,5289,182.48,-1.456
100.7,5292,180.94,-1.439
100.75,5295,177.59,-1.43
100.8,5297,175.44,-1.429
100.85,5299,176.02,-1.437
100.9,5302,175.82,-1.454
100.95,5304,172.93,-1.48
101,5307,170.64,-1.513
101.05,5309,170.12,-1.551
101.1,5312,169.36,-1.593
101.15,5314,168.35,-1.638
101.2,5316,166.38,-1.683
101.25,5319,164.14,-1.726
101.3,5321,162.6,-1.768
101.35,5323,162.5,-1.809
101.4,5325,162.6,-1.848
101.45,5328,161.09,-1.887
101.5,5330,159.44,-1.924
101.55,5332,158.59,-1.959
101.6,5334,158.06,-1.991
101.65,5337,157.46,-2.017
101.7,5339,156.73,-2.039
101.75,5341,156.18,-2.055
101.8,5343,155.33,-2.066
101.85,5345,153.95,-2.072
101.9,5347,153.06,-2.075
101.95,5350,152.44,-2.076
102,5352,151.64,-2.077
102.05,5354,151.32,-2.079
102.1,5356,151,-2.082
102.15,5358,149.53,-2.086
102.2,5360,148.1,-2.091
102.25,5362,147.91,-2.096
102.3,5364,148.31,-2.102
102.35,5366,148.31,-2.106
102.4,5368,146.86,-2.107
102.45,5370,144.68,-2.105
102.5,5372,143.82,-2.1
102.55,5374,144.44,-2.095
102.6,5376,144.55,-2.092
102.65,5378,144.25,-2.091
102.7,5380,143.9,-2.091
102.75,5382,142.9,-2.089
102.8,5384,141.96,-2.084
102.85,5386,141.65,-2.073
102.9,5388,142.02,-2.056
102.95,5390,143.13,-2.031
103,5392,143.8,-1.999
103.05,5394,142.43,-1.96
103.1,5396,141.5,-1.918
103.15,5398,142.98,-1.877
103.2,5400,144.92,-1.841
103.25,5402,145.34,-1.812
103.3,5405,144.48,-1.789
103.35,5407,144.28,-1.77
103.4,5409,146.12,-1.755
103.45,5411,147.95,-1.739
103.5,5413,147.07,-1.719
103.55,5415,145.25,-1.695
103.6,5417,145.36,-1.668
103.65,5419,147.18,-1.643
103.7,5421,148.81,-1.624
103.75,5423,149.18,-1.613
103.8,5425,149.6,-1.612
103.85,5427,151.15,-1.618
103.9,5429,151.93,-1.631
103.95,5431,151.76,-1.649
104,5434,152.18,-1.67
104.05,5436,153.71,-1.693
104.1,5438,155.3,-1.716
104.15,5440,155.36,-1.736
104.2,5442,155.46,-1.752
104.25,5444,156.53,-1.764
104.3,5447,157.43,-1.771
104.35,5449,157.76,-1.776
104.4,5451,158.76,-1.781
104.45,5453,160.19,-1.788
104.5,5456,160.37,-1.799
104.55,5458,161.29,-1.812
104.6,5460,162.95,-1.83
104.65,5462,163.66,-1.85
104.7,5465,163.76,-1.872
104.75,5467,164.29,-1.892
104.8,5469,165.34,-1.911
104.85,5472,165.92,-1.926
104.9,5474,166.56,-1.936
104.95,5476,167.75,-1.942
105,5479,168.36,-1.942
105.05,5481,168.33,-1.935
105.1,5483,168.88,-1.921
105.15,5486,169.9,-1.901
105.2,5488,170.98,-1.874
105.25,5491,172.48,-1.843
105.3,5493,172.96,-1.808
105.35,5495,171.69,-1.771
105.4,5498,171.42,-1.738
105.45,5500,173.04,-1.714
105.5,5503,175.54,-1.704
105.55,5505,176.86,-1.709
105.6,5508,176.53,-1.726
105.65,5510,177.01,-1.751
105.7,5513,177.88,-1.781
105.75,5515,178,-1.813
105.8,5518,178.38,-1.847
105.85,5520,179.61,-1.882
105.9,5523,180.4,-1.915
105.95,5525,181.12,-1.946
106,5528,182.35,-1.97
106.05,5530,183.16,-1.985
106.1,5533,183.44,-1.989
106.15,5535,183.31,-1.98
106.2,5538,183.86,-1.959
106.25,5540,185.15,-1.928
106.3,5543,186.08,-1.891
106.35,5546,186.59,-1.848
106.4,5548,187.39,-1.8
106.45,5551,187.94,-1.747
106.5,5554,188.08,-1.689
106.55,5556,189.19,-1.625
106.6,5559,190.37,-1.558
106.65,5562,190.58,-1.486
106.7,5564,190.52,-1.412
106.75,5567,191.03,-1.335
106.8,5570,192.42,-1.259
106.85,5572,193.6,-1.186
106.9,5575,194.2,-1.119
106.95,5578,194.46,-1.058
107,5580,194.95,-1.005
107.05,5583,195.74,-0.96
107.1,5586,196.52,-0.922
107.15,5589,197.02,-0.89
107.2,5591,197.21,-0.863
107.25,5594,197.85,-0.838
107.3,5597,198.35,-0.814
107.35,5600,198.88,-0.79
107.4,5603,199.97,-0.764
107.45,5605,200.56,-0.736
107.5,5608,201.25,-0.707
107.55,5611,202.01,-0.678
107.6,5614,202.5,-0.648
107.65,5617,203.31,-0.619
107.7,5620,203.7,-0.592
107.75,5622,204.27,-0.566
107.8,5625,205.33,-0.54
107.85,5628,206.17,-0.513
107.9,5631,206.66,-0.484
107.95,5634,207,-0.451
108,5637,207.59,-0.414
108.05,5640,208.21,-0.374
108.1,5643,208.8,-0.331
108.15,5646,209.66,-0.286
108.2,5649,210.26,-0.242
108.25,5652,210.44,-0.197
108.3,5654,211.32,-0.154
108.35,5657,212.23,-0.112
108.4,5660,212.58,-0.072
108.45,5663,213.13,-0.035
108.5,5666,213.91,0.001
108.55,5669,214.51,0.034
108.6,5672,214.87,0.064
108.65,5675,215.17,0.09
108.7,5678,215.83,0.111
108.75,5681,216.75,0.128
108.8,5685,217.38,0.139
108.85,5688,217.86,0.146
108.9,5691,218.39,0.15
108.95,5694,218.9,0.15
109,5697,219.8,0.149
109.05,5700,220.61,0.147
109.1,5703,220.97,0.144
109.15,5706,221.43,0.14
109.2,5709,221.6,0.136
109.25,5712,222.23,0.13
109.3,5715,223.32,0.124
109.35,5718,223.72,0.118
109.4,5722,224.34,0.11
109.45,5725,224.6,0.102
109.5,5728,224.27,0.093
109.55,5731,224.93,0.084
109.6,5734,225.47,0.075
109.65,5737,225.77,0.065
109.7,5741,226.67,0.055
109.75,5744,227.17,0.045
109.8,5747,227.57,0.033
109.85,5750,228.62,0.022
109.9,5753,228.97,0.009
109.95,5757,229.05,-0.003
110,5760,229.68,-0.016
110.05,5763,230.52,-0.029
110.1,5766,230.35,-0.041
110.15,5769,230.38,-0.052
110.2,5773,231.6,-0.062
110.25,5776,232.26,-0.07
110.3,5779,231.7,-0.077
110.35,5782,232.05,-0.081
110.4,5786,233.45,-0.085
110.45,5789,233.83,-0.088
110.5,5792,233.8,-0.09
110.55,5795,234.08,-0.093
110.6,5799,234.84,-0.097
110.65,5802,235.71,-0.102
110.7,5805,236.09,-0.107
110.75,5809,236.41,-0.114
110.8,5812,236.92,-0.12
110.85,5815,237.53,-0.126
110.9,5819,237.8,-0.131
